"Paul Kevin Wiffen"	"PAUL KEVIN WIFFEN"	"llp designated member"	"DARK STAR PRODUCTIONS LLP"	"OC321599"	"gb"	"https://opencorporates.com/companies/gb/OC321599"
"Paul Kevin Wiffen"	"PAUL KEVIN WIFFEN"	"secretary"	"SEK'D UK LIMITED"	4004298	"gb"	"https://opencorporates.com/companies/gb/04004298"
"Karl Berresford Davies"						
"Raymond Charles Mitchell Spalding"						
"Edmond Max Rosenthal"	"EDMOND MAX ROSENTHAL"	"director"	"SAVE THE WORLD CLUB"	4552663	"gb"	"https://opencorporates.com/companies/gb/04552663"
"Rupert Smith"	"ALEXANDER RUPERT SMITH"	"director"	"BUCHANAN COMPUTING LIMITED"	3274424	"gb"	"https://opencorporates.com/companies/gb/03274424"
"Rupert Smith"	"ANDREW RUPERT FRERE-SMITH"	"director"	"MID NORFOLK FOODBANK"	8125286	"gb"	"https://opencorporates.com/companies/gb/08125286"
"Rupert Smith"	"ANDREW RUPERT FRERE-SMITH"	"director"	"DEREHAM COMMUNITY SUPPORT CENTRE"	7667943	"gb"	"https://opencorporates.com/companies/gb/07667943"
"Rupert Smith"	"ANDREW RUPERT FRERE-SMITH"	"secretary"	"DEREHAM COMMUNITY SUPPORT CENTRE"	7667943	"gb"	"https://opencorporates.com/companies/gb/07667943"
"Rupert Smith"	"CHARLES RUPERT HUTCHINSON-SMITH"	"director"	"MILES MACADAM CONSTRUCTION LTD"	974522	"gb"	"https://opencorporates.com/companies/gb/00974522"
"Rupert Smith"	"CHRISTOPHER RUPERT SMITH"	"director"	"HARD LABOUR LIMITED"	2399874	"gb"	"https://opencorporates.com/companies/gb/02399874"
"Rupert Smith"	"GUY RUPERT CAMERON WARD SMITH"	"director"	"MULTIPLAY (UK) LIMITED"	3370594	"gb"	"https://opencorporates.com/companies/gb/03370594"
"Rupert Smith"	"JAMES RUPERT MCCOSKER-SMITH"	"director"	"OPUS BUSINESS SOLUTIONS LTD"	6634275	"gb"	"https://opencorporates.com/companies/gb/06634275"
"Rupert Smith"	"JAMES RUPERT MCCOSKER-SMITH"	"director"	"OPUS BUSINESS SOLUTIONS LTD"	6634275	"gb"	"https://opencorporates.com/companies/gb/06634275"
"Rupert Smith"	"JOHN RUPERT QUENTIN NICHOLSON SMITH"	"director"	"NICHOLSON'S AIRCRAFT SEALS LIMITED"	1126796	"gb"	"https://opencorporates.com/companies/gb/01126796"
"Rupert Smith"	"JOHN RUPERT QUENTIN NICHOLSON SMITH"	"director"	"NICHOLSONS SEALING TECHNOLOGIES LIMITED"	188150	"gb"	"https://opencorporates.com/companies/gb/00188150"
"Rupert Smith"	"MARK RUPERT SMITH"	"director"	"HALES TECHNOLOGY LIMITED"	3684147	"gb"	"https://opencorporates.com/companies/gb/03684147"
"Rupert Smith"	"MARK RUPERT SMITH"	"secretary"	"KRF. UK. LTD."	2675788	"gb"	"https://opencorporates.com/companies/gb/02675788"
"Rupert Smith"	"MARK RUPERT SMITH"	"director"	"KRF. UK. LTD."	2675788	"gb"	"https://opencorporates.com/companies/gb/02675788"
"Rupert Smith"	"NICHOLAS RUPERT PARIS SMITH"	"llp designated member"	"SHACKLOCKS LLP"	"OC360847"	"gb"	"https://opencorporates.com/companies/gb/OC360847"
"Rupert Smith"	"NICHOLAS RUPERT PARIS SMITH"	"director"	"ST. PETER'S HOUSE (NOMINEES) LIMITED"	1770224	"gb"	"https://opencorporates.com/companies/gb/01770224"
"Rupert Smith"	"NICHOLAS RUPERT PARIS SMITH"	"director"	"ST. PETER'S HOUSE LIMITED"	1768001	"gb"	"https://opencorporates.com/companies/gb/01768001"
"Rupert Smith"	"PHILLIP RUPERT DEREK SMITH"	"secretary"	"CLINICAL WASTE MANAGEMENT LTD"	3352177	"gb"	"https://opencorporates.com/companies/gb/03352177"
"Rupert Smith"	"PHILLIP RUPERT DEREK SMITH"	"director"	"CLINICAL WASTE MANAGEMENT LTD"	3352177	"gb"	"https://opencorporates.com/companies/gb/03352177"
"Rupert Smith"	"PHLIP NICHOLAS RUPERT SMITH"	"secretary"	"57 RIDGE ROAD MANAGEMENT COMPANY LIMITED"	2408823	"gb"	"https://opencorporates.com/companies/gb/02408823"
"Rupert Smith"	"RUPERT ALEC LANGLY-SMITH"	"director"	"PROVIZ LTD"	6951223	"gb"	"https://opencorporates.com/companies/gb/06951223"
"Rupert Smith"	"RUPERT ALEXANDER SMITH"	"director"	"DIAL TAMESIDE TRADING CO. LIMITED"	3880462	"gb"	"https://opencorporates.com/companies/gb/03880462"
"Rupert Smith"	"RUPERT ALEXANDER SMITH"	"director"	"CHILD HEALTHCARE LIMITED"	6513762	"gb"	"https://opencorporates.com/companies/gb/06513762"
"Rupert Smith"	"RUPERT ALEXANDER SMITH"	"director"	"DIAL TAMESIDE"	2399525	"gb"	"https://opencorporates.com/companies/gb/02399525"
"Rupert Smith"	"RUPERT ANTHONY SMITH"	"director"	"DRAMATEC LIMITED"	4249435	"gb"	"https://opencorporates.com/companies/gb/04249435"
"Rupert Smith"	"RUPERT ANTHONY SMITH"	"secretary"	"THINKCO (UK) LIMITED"	5000518	"gb"	"https://opencorporates.com/companies/gb/05000518"
"Rupert Smith"	"RUPERT ANTHONY SMITH"	"director"	"GENERALCO LIMITED"	4784485	"gb"	"https://opencorporates.com/companies/gb/04784485"
"Rupert Smith"	"RUPERT ANTHONY SMITH"	"director"	"DINWOOD MAINTENANCE LIMITED"	1382028	"gb"	"https://opencorporates.com/companies/gb/01382028"
"Rupert Smith"	"RUPERT ANTHONY WILLINGTON SMITH"	"director"	"17 CALTHORPE ROAD LIMITED"	1927461	"gb"	"https://opencorporates.com/companies/gb/01927461"
"Rupert Smith"	"RUPERT BARROWCLIFF SMITH"	"director"	"AUDIO VISUAL INTERIORS LTD."	3500093	"gb"	"https://opencorporates.com/companies/gb/03500093"
"Dennis James Wiffen"						
"Betty Patricia Wiffen"						
"Richard Andrew Perry"	"ANDREW RICHARD PERRY"	"secretary"	"RJP ENGINEERING SERVICES (WORCESTER) LTD"	6209795	"gb"	"https://opencorporates.com/companies/gb/06209795"
"Richard Andrew Perry"	"ANDREW RICHARD PERRY"	"secretary"	"REMEDY FOR BUSINESS LTD"	3917452	"gb"	"https://opencorporates.com/companies/gb/03917452"
"Richard Andrew Perry"	"ANDREW RICHARD PERRY"	"director"	"ANDREW PERRY ORTHOPAEDICS LTD"	7873092	"gb"	"https://opencorporates.com/companies/gb/07873092"
"Richard Andrew Perry"	"ANDREW RICHARD PERRY"	"director"	"ELSTREE SCHOOL,LIMITED"	690450	"gb"	"https://opencorporates.com/companies/gb/00690450"
"Richard Andrew Perry"	"RICHARD ANDREW PERRY"	"director"	"BONDFERN LIMITED"	2629913	"gb"	"https://opencorporates.com/companies/gb/02629913"
"Richard Andrew Perry"	"RICHARD ANDREW PERRY"	"secretary"	"THE MILL HOUSE HOTEL LIMITED"	4061821	"gb"	"https://opencorporates.com/companies/gb/04061821"
"Richard Andrew Perry"	"RICHARD ANDREW PERRY"	"director"	"TERENCE KENNY LIMITED"	1849096	"gb"	"https://opencorporates.com/companies/gb/01849096"
"Richard Andrew Perry"	"RICHARD ANDREW PERRY"	"director"	"INSTYLE BLINDS OF BIRMINGHAM LIMITED"	6387264	"gb"	"https://opencorporates.com/companies/gb/06387264"
"Richard Andrew Perry"	"RICHARD ANDREW PERRY"	"secretary"	"P2 GENERAL MANAGEMENT LIMITED"	3553024	"gb"	"https://opencorporates.com/companies/gb/03553024"
"Richard Andrew Perry"	"RICHARD ANDREW PERRY"	"director"	"P2 GENERAL MANAGEMENT LIMITED"	3553024	"gb"	"https://opencorporates.com/companies/gb/03553024"
"Richard Andrew Perry"	"RICHARD ANDREW PERRY"	"director"	"THE COBHAM LODGE HOTEL LIMITED"	3831514	"gb"	"https://opencorporates.com/companies/gb/03831514"
"Richard Andrew Perry"	"RICHARD ANDREW PERRY"	"director"	"EVERYCARE (RUGBY & NORTH WARWICKSHIRE) LIMITED"	3089855	"gb"	"https://opencorporates.com/companies/gb/03089855"
"Richard Andrew Perry"	"RICHARD ANDREW PERRY"	"director"	"NEWHAVEN SUPPORTED ACCOMMODATION (SOUTHEND) LIMITED"	6188413	"gb"	"https://opencorporates.com/companies/gb/06188413"
"Richard Andrew Perry"	"RICHARD ANDREW PERRY"	"director"	"RAPSCALLION PRODUCTIONS LTD"	6116555	"gb"	"https://opencorporates.com/companies/gb/06116555"
"Richard Andrew Perry"	"RICHARD ANDREW PERRY"	"director"	"P2 MANAGEMENT LIMITED"	5608245	"gb"	"https://opencorporates.com/companies/gb/05608245"
"Richard Andrew Perry"	"RICHARD ANDREW PERRY"	"director"	"ARGYLL PROPERTIES LIMITED"	3581253	"gb"	"https://opencorporates.com/companies/gb/03581253"
"Richard Andrew Perry"	"RICHARD ANDREW PERRY"	"director"	"FORUM MUSIC VENUES LIMITED"	4252562	"gb"	"https://opencorporates.com/companies/gb/04252562"
"Richard Andrew Perry"	"RICHARD ANDREW PERRY"	"director"	"ULTIMATE PRIVATE VENUES LTD"	4293416	"gb"	"https://opencorporates.com/companies/gb/04293416"
"Richard Andrew Perry"	"RICHARD ANDREW PERRY"	"director"	"CB SECURITY LIMITED"	7672276	"gb"	"https://opencorporates.com/companies/gb/07672276"
"Richard Andrew Perry"	"RICHARD ANDREW PERRY"	"director"	"THE WARWICKSHIRE NURSING AND RESIDENTIAL HOME LIMITED"	2804460	"gb"	"https://opencorporates.com/companies/gb/02804460"
"Richard Andrew Perry"	"RICHARD ANDREW PERRY"	"secretary"	"THE WARWICKSHIRE NURSING AND RESIDENTIAL HOME LIMITED"	2804460	"gb"	"https://opencorporates.com/companies/gb/02804460"
"Richard Andrew Perry"	"RICHARD ANDREW PERRY"	"director"	"THE WARWICKSHIRE NURSING AND RESIDENTIAL HOME LIMITED"	2804460	"gb"	"https://opencorporates.com/companies/gb/02804460"
"Richard Andrew Perry"	"RICHARD ANDREW PERRY"	"secretary"	"MELBOURNE HOUSE RETIREMENT HOME LIMITED"	2593666	"gb"	"https://opencorporates.com/companies/gb/02593666"
"Richard Andrew Perry"	"RICHARD ANDREW PERRY"	"director"	"MELBOURNE HOUSE RETIREMENT HOME LIMITED"	2593666	"gb"	"https://opencorporates.com/companies/gb/02593666"
"Christoper Eric Livingstone"						
"Mark James Burmby"						
"Paul Stephen Hooks"						
"Stephen Leonard Smith"	"STEPHEN LEONARD SMITH"	"director"	"SAMSON FURNITURE COMPANY LIMITED"	3831716	"gb"	"https://opencorporates.com/companies/gb/03831716"
"Stephen Leonard Smith"	"STEPHEN LEONARD SMITH"	"director"	"MEREGROVE HOLDINGS LIMITED"	4111241	"gb"	"https://opencorporates.com/companies/gb/04111241"
"Stephen Leonard Smith"	"STEPHEN LEONARD SMITH"	"secretary"	"SANDWAY MASONRY LTD"	4237484	"gb"	"https://opencorporates.com/companies/gb/04237484"
"Stephen Leonard Smith"	"STEPHEN LEONARD SMITH"	"director"	"SANDWAY MASONRY LTD"	4237484	"gb"	"https://opencorporates.com/companies/gb/04237484"
"Stephen Leonard Smith"	"STEPHEN LEONARD SMITH"	"director"	"AURORA CASTING EXCELLENCE LIMITED"	8779084	"gb"	"https://opencorporates.com/companies/gb/08779084"
"Stephen Leonard Smith"	"STEPHEN LEONARD SMITH"	"secretary"	"ENLIGHT CONSULTANCY SERVICES LIMITED"	6970823	"gb"	"https://opencorporates.com/companies/gb/06970823"
"Stephen Leonard Smith"	"STEPHEN LEONARD SMITH"	"secretary"	"CENFRA LIMITED"	6139762	"gb"	"https://opencorporates.com/companies/gb/06139762"
"Stephen Leonard Smith"	"STEPHEN LEONARD SMITH"	"secretary"	"THE REGIONAL FOOD GROUP FOR YORKSHIRE AND HUMBER LIMITED"	4241070	"gb"	"https://opencorporates.com/companies/gb/04241070"
"Stephen Leonard Smith"	"STEPHEN LEONARD SMITH"	"secretary"	"THE CENTRE FOR FOOD ROBOTICS AND AUTOMATION LIMITED"	7656639	"gb"	"https://opencorporates.com/companies/gb/07656639"
"Stephen Leonard Smith"	"STEPHEN LEONARD SMITH"	"secretary"	"PROCTER BROS. LIMITED"	144614	"gb"	"https://opencorporates.com/companies/gb/00144614"
"Stephen Leonard Smith"	"STEPHEN LEONARD SMITH"	"secretary"	"CENFRA ONLINE LEARNING LIMITED"	7758752	"gb"	"https://opencorporates.com/companies/gb/07758752"
"Philip David Howell"	"PHILIP HOWELL DAVID WAUD"	"director"	"HORBURY ACADEMY TRUST"	8139427	"gb"	"https://opencorporates.com/companies/gb/08139427"
"Philip David Howell"	"PHILIP JOHN DAVID CHRISTOPHER HOWELL"	"director"	"INTUITION UN LIMITED"	5156543	"gb"	"https://opencorporates.com/companies/gb/05156543"
"Michael Edward Braun"						
"Carl Shaun Clark"						
"Mark Anthony Clamp"	"MARK ANTHONY CLAMP"	"director"	"BALMZONE LIMITED"	2293589	"gb"	"https://opencorporates.com/companies/gb/02293589"
"Chris Olley"	"CHRIS OLLEY"	"director"	"EDUCATION INTERACTIVE LIMITED"	7872213	"gb"	"https://opencorporates.com/companies/gb/07872213"
"Stephen John Todd"	"STEPHEN JOHN RUBIE-TODD"	"secretary"	"SALICA LIMITED"	3633659	"gb"	"https://opencorporates.com/companies/gb/03633659"
"Stephen John Todd"	"STEPHEN JOHN RUBIE-TODD"	"director"	"SALICA LIMITED"	3633659	"gb"	"https://opencorporates.com/companies/gb/03633659"
"Stephen John Todd"	"STEPHEN JOHN RUBIE-TODD"	"director"	"H A L COMPUTER SYSTEMS LIMITED"	2319538	"gb"	"https://opencorporates.com/companies/gb/02319538"
"Stephen John Todd"	"STEPHEN JOHN RUBIE-TODD"	"secretary"	"H A L COMPUTER SYSTEMS LIMITED"	2319538	"gb"	"https://opencorporates.com/companies/gb/02319538"
"Stephen John Todd"	"STEPHEN JOHN TODD"	"director"	"S. J. TODD CONSULTANCY LIMITED"	6010760	"gb"	"https://opencorporates.com/companies/gb/06010760"
"Stephen John Todd"	"STEPHEN JOHN TODD"	"director"	"CALEDONIAN CONTRACTORS LIMITED"	"SC132485"	"gb"	"https://opencorporates.com/companies/gb/SC132485"
"Stephen John Todd"	"STEPHEN JOHN TODD"	"director"	"CASCADEA LIMITED"	"SC292325"	"gb"	"https://opencorporates.com/companies/gb/SC292325"
"Stephen John Todd"	"STEPHEN JOHN TODD"	"director"	"SJT CONSULT LIMITED"	7099287	"gb"	"https://opencorporates.com/companies/gb/07099287"
"Stephen John Todd"	"STEPHEN JOHN TODD"	"secretary"	"LIFESPEED LIMITED"	8086219	"gb"	"https://opencorporates.com/companies/gb/08086219"
"Stephen John Todd"	"STEPHEN JOHN TODD"	"secretary"	"OPEN GROWTH LIMITED"	8050850	"gb"	"https://opencorporates.com/companies/gb/08050850"
"Stephen John Todd"	"STEPHEN JOHN TODD"	"director"	"OPEN GROWTH LIMITED"	8050850	"gb"	"https://opencorporates.com/companies/gb/08050850"
"Stephen John Todd"	"STEPHEN JOHN TODD"	"director"	"TRANSPORT DECISIONS LIMITED"	7183586	"gb"	"https://opencorporates.com/companies/gb/07183586"
"Stephen John Todd"	"STEPHEN JOHN TODD"	"secretary"	"DARPLAS (DDC) LIMITED"	2723327	"gb"	"https://opencorporates.com/companies/gb/02723327"
"Stephen John Todd"	"STEPHEN JOHN TODD"	"director"	"IMPLEMENTATION SUPPORT NETWORK LIMITED"	4684472	"gb"	"https://opencorporates.com/companies/gb/04684472"
"Stephen John Todd"	"STEPHEN JOHN TODD"	"director"	"IN HOUSE PROCUREMENT LTD."	3343457	"gb"	"https://opencorporates.com/companies/gb/03343457"
"Stephen John Todd"	"STEPHEN JOHN TODD"	"director"	"ASH CONSULT LTD"	7102803	"gb"	"https://opencorporates.com/companies/gb/07102803"
"Stephen John Todd"	"STEPHEN JOHN TODD"	"director"	"DIGITAL HEALTH LIMITED"	4684497	"gb"	"https://opencorporates.com/companies/gb/04684497"
"Stephen John Todd"	"STEPHEN JOHN TODD"	"director"	"LIFESPEED LIMITED"	8086219	"gb"	"https://opencorporates.com/companies/gb/08086219"
"Stephen John Todd"	"STEPHEN JOHN TODD"	"director"	"IN HOUSE PROCUREMENT LIMITED"	8784094	"gb"	"https://opencorporates.com/companies/gb/08784094"
"Stephen John Todd"	"STEPHEN JOHN TODD"	"director"	"OPERATIONS MANAGEMENT RESEARCH LIMITED"	4655623	"gb"	"https://opencorporates.com/companies/gb/04655623"
"Stephen John Todd"	"STEPHEN JOHN TODD"	"director"	"GREYFRIARS BROMSGROVE MANAGEMENT LIMITED"	3976352	"gb"	"https://opencorporates.com/companies/gb/03976352"
"Stephen John Todd"	"STEPHEN JOHN TODD"	"director"	"NUMERICAL ALGORITHMS GROUP LIMITED (THE)"	1249803	"gb"	"https://opencorporates.com/companies/gb/01249803"
"Stephen John Todd"	"STEPHEN JOHN TODD GOLDER"	"secretary"	"GOLDER LANDSCAPES LIMITED"	"SC231309"	"gb"	"https://opencorporates.com/companies/gb/SC231309"
"Stephen John Todd"	"STEPHEN JOHN TODD GOLDER"	"director"	"GOLDER LANDSCAPES LIMITED"	"SC231309"	"gb"	"https://opencorporates.com/companies/gb/SC231309"
"Stephen John Todd"	"STEPHEN JOHN TODD GOLDER"	"director"	"GOLDER GROUNDS MAINTENANCE LTD"	"SC454717"	"gb"	"https://opencorporates.com/companies/gb/SC454717"
"Jane Elizabeth Clamp"	"JANE ELIZABETH CLAMP"	"secretary"	"MARTYN CLAMP CONSULTANCY LIMITED"	5001436	"gb"	"https://opencorporates.com/companies/gb/05001436"
"Kirsty Evans"	"KIRSTY BURGOYNE EVANS"	"director"	"TITAN SUPPORT LIMITED"	5082856	"gb"	"https://opencorporates.com/companies/gb/05082856"
"Kirsty Evans"	"KIRSTY DIANNE EVANS"	"director"	"KDE PROJECTS LIMITED"	5892491	"gb"	"https://opencorporates.com/companies/gb/05892491"
"Kirsty Evans"	"KIRSTY EVANS"	"secretary"	"B&D ELECTRICAL SERVICES LIMITED"	5977258	"gb"	"https://opencorporates.com/companies/gb/05977258"
"Kirsty Evans"	"KIRSTY EVANS"	"secretary"	"EVANS & JONES (WALES) LIMITED"	6035134	"gb"	"https://opencorporates.com/companies/gb/06035134"
"Kirsty Evans"	"KIRSTY EVANS"	"director"	"ISLE OF WIGHT ARTS OPEN STUDIOS LTD"	7591654	"gb"	"https://opencorporates.com/companies/gb/07591654"
"Kirsty Evans"	"KIRSTY EVANS"	"director"	"PEPPER CREATIVE LTD"	6612203	"gb"	"https://opencorporates.com/companies/gb/06612203"
"Kirsty Evans"	"KIRSTY EVANS"	"director"	"JESSAMIN LIMITED"	4258560	"gb"	"https://opencorporates.com/companies/gb/04258560"
"Kirsty Evans"	"KIRSTY EVANS"	"director"	"MARRIOTT DESIGN LIMITED"	4136111	"gb"	"https://opencorporates.com/companies/gb/04136111"
"Kirsty Evans"	"KIRSTY EVANS"	"director"	"SKE DIRECT SALES LTD"	8129852	"gb"	"https://opencorporates.com/companies/gb/08129852"
"Kirsty Evans"	"KIRSTY JANE EVANS"	"director"	"GREAT WESTERN CAMPING LIMITED"	4248071	"gb"	"https://opencorporates.com/companies/gb/04248071"
"Kirsty Evans"	"KIRSTY JANE EVANS"	"director"	"GREAT WESTERN CAMPING (UK) LIMITED"	7795160	"gb"	"https://opencorporates.com/companies/gb/07795160"
"Kirsty Evans"	"KIRSTY JANE EVANS"	"secretary"	"GREAT WESTERN CAMPING LIMITED"	4248071	"gb"	"https://opencorporates.com/companies/gb/04248071"
"Kirsty Evans"	"KIRSTY LEONARA EVANS"	"secretary"	"BIKES IN A BOX LIMITED"	3257583	"gb"	"https://opencorporates.com/companies/gb/03257583"
"Kirsty Evans"	"KIRSTY LEONARA EVANS"	"director"	"BIKES IN A BOX LIMITED"	3257583	"gb"	"https://opencorporates.com/companies/gb/03257583"
"Kirsty Evans"	"KIRSTY LOUISE EVANS"	"director"	"CHARLIE JAMES LTD"	8783486	"gb"	"https://opencorporates.com/companies/gb/08783486"
"Kirsty Evans"	"KIRSTY MARIE EVANS"	"secretary"	"CCI SANDBANKS LIMITED"	6832192	"gb"	"https://opencorporates.com/companies/gb/06832192"
"Kirsty Evans"	"KIRSTY MARIE EVANS"	"director"	"CCI SANDBANKS LIMITED"	6832192	"gb"	"https://opencorporates.com/companies/gb/06832192"
"Kirsty Evans"	"KIRSTY MARIE EVANS"	"director"	"CCI SANDBANKS DEVELOPMENTS LTD"	8186066	"gb"	"https://opencorporates.com/companies/gb/08186066"
"Kirsty Evans"	"KIRSTY MCDONALD EVANS"	"director"	"CANVAS RESEARCH LIMITED"	"SC389615"	"gb"	"https://opencorporates.com/companies/gb/SC389615"
"Kirsty Evans"	"KIRSTY SARA MORGAN EVANS"	"director"	"LYME SERVICES LTD"	3385353	"gb"	"https://opencorporates.com/companies/gb/03385353"
"Kirsty Evans"	"KIRSTY VICTORIA EVANS"	"secretary"	"EVANS RICHARDSON LIMITED"	6161811	"gb"	"https://opencorporates.com/companies/gb/06161811"
"Kevin John Austin"	"KEVIN JOHN AUSTIN"	"director"	"ANDERSON C. LUCAS LIMITED"	2718392	"gb"	"https://opencorporates.com/companies/gb/02718392"
"Kevin John Austin"	"KEVIN JOHN AUSTIN"	"director"	"CACTUS HAIRCUTTERS LIMITED"	3731662	"gb"	"https://opencorporates.com/companies/gb/03731662"
"Kevin John Austin"	"KEVIN JOHN AUSTIN"	"director"	"K J AUSTIN AND COMPANY LIMITED"	5189334	"gb"	"https://opencorporates.com/companies/gb/05189334"
"Kevin John Austin"	"KEVIN JOHN AUSTIN"	"secretary"	"INNOVATIVE IT INTEGRATIONS LTD"	8611820	"gb"	"https://opencorporates.com/companies/gb/08611820"
"Kevin John Austin"	"KEVIN JOHN AUSTIN"	"director"	"INNOVATIVE IT INTEGRATIONS LTD"	8611820	"gb"	"https://opencorporates.com/companies/gb/08611820"
"Kevin John Austin"	"KEVIN JOHN AUSTIN"	"director"	"TALKING BUSINESS (OFFICE SUPPLIES) LIMITED"	3697438	"gb"	"https://opencorporates.com/companies/gb/03697438"
"Kevin John Austin"	"KEVIN JOHN AUSTIN"	"director"	"LOCAL OFFICE-SUPPLIES LIMITED"	7705386	"gb"	"https://opencorporates.com/companies/gb/07705386"
"Kevin John Austin"	"KEVIN JOHN AUSTIN"	"director"	"XENGO IS LTD"	7945439	"gb"	"https://opencorporates.com/companies/gb/07945439"
"Vicky Ford"	"VICKY FORD"	"secretary"	"HANDLEY AERIALS LTD"	4166038	"gb"	"https://opencorporates.com/companies/gb/04166038"
"Vicky Ford"	"VICKY FORD"	"director"	"BARNFORD INSTALLATIONS LTD"	8951560	"gb"	"https://opencorporates.com/companies/gb/08951560"
"Vicky Ford"	"VICKY LORRAINE FORD"	"secretary"	"HOLLIE SERVICES LIMITED"	6104932	"gb"	"https://opencorporates.com/companies/gb/06104932"
"Geoffrey Charles Van Orden"						
"David Campbell Bannerman"	"DAVID CAMPBELL BANNERMAN"	"secretary"	"DECCAN PRODUCTIONS LIMITED"	6167759	"gb"	"https://opencorporates.com/companies/gb/06167759"
"David Campbell Bannerman"	"DAVID CAMPBELL BANNERMAN"	"secretary"	"HUMAN HAPPINESS LIMITED"	6196221	"gb"	"https://opencorporates.com/companies/gb/06196221"
"David Campbell Bannerman"	"DAVID CAMPBELL BANNERMAN"	"director"	"VANTAGEPOINT COMMUNICATIONS LTD"	6455574	"gb"	"https://opencorporates.com/companies/gb/06455574"
"David Campbell Bannerman"	"DAVID CAMPBELL BANNERMAN"	"director"	"UNITED KINGDOM INDEPENDENCE PARTY LIMITED"	5090691	"gb"	"https://opencorporates.com/companies/gb/05090691"
"David Campbell Bannerman"	"DAVID CAMPBELL BANNERMAN"	"director"	"SPA BUSINESS ASSOCIATION LIMITED"	2603321	"gb"	"https://opencorporates.com/companies/gb/02603321"
"David Campbell Bannerman"	"DAVID CAMPBELL BANNERMAN"	"director"	"WEALDEN RAILWAY COMPANY LIMITED"	1936470	"gb"	"https://opencorporates.com/companies/gb/01936470"
"David Campbell Bannerman"	"DAVID CAMPBELL BANNERMAN"	"director"	"BOW FUNCTIONS LIMITED"	1207188	"gb"	"https://opencorporates.com/companies/gb/01207188"
"David Campbell Bannerman"	"DAVID CAMPBELL BANNERMAN"	"director"	"NO.19 ALLISON ROAD (MANAGEMENT) COMPANY LIMITED"	2963061	"gb"	"https://opencorporates.com/companies/gb/02963061"
"John Christopher Flack"	"JOHN CHRISTOPHER FLACK"	"director"	"ORDERWORD LIMITED"	2657036	"gb"	"https://opencorporates.com/companies/gb/02657036"
"John Christopher Flack"	"JOHN CHRISTOPHER FLACK"	"director"	"J.E.V. INVESTMENTS LIMITED"	1822826	"gb"	"https://opencorporates.com/companies/gb/01822826"
"John Christopher Flack"	"JOHN CHRISTOPHER FLACK"	"director"	"F.M. ESSEX INVESTMENTS LIMITED"	2610853	"gb"	"https://opencorporates.com/companies/gb/02610853"
"John Christopher Flack"	"JOHN CHRISTOPHER FLACK"	"director"	"EAST ANGLIA & LONDON COMMERCIAL PROPERTIES LIMITED"	2457028	"gb"	"https://opencorporates.com/companies/gb/02457028"
"John Christopher Flack"	"JOHN CHRISTOPHER FLACK"	"director"	"BELL STREET INVESTMENTS LIMITED"	2652074	"gb"	"https://opencorporates.com/companies/gb/02652074"
"John Christopher Flack"	"JOHN CHRISTOPHER FLACK"	"director"	"GREENFIELDS TRADING LIMITED"	6406272	"gb"	"https://opencorporates.com/companies/gb/06406272"
"John Christopher Flack"	"JOHN CHRISTOPHER FLACK"	"director"	"EAST ANGLIA & LONDON PROPERTIES LIMITED"	1377913	"gb"	"https://opencorporates.com/companies/gb/01377913"
"John Christopher Flack"	"JOHN CHRISTOPHER MARK FLACK"	"director"	"KINGSMEAD RESIDENTS (LAMBETH) LIMITED"	1353569	"gb"	"https://opencorporates.com/companies/gb/01353569"
"John Christopher Flack"	"JOHN CHRISTOPHER MARK FLACK"	"secretary"	"KINGSMEAD RESIDENTS (LAMBETH) LIMITED"	1353569	"gb"	"https://opencorporates.com/companies/gb/01353569"
"Tom Hunt"	"TOM DAVID HUNT"	"secretary"	"SUSSEX MECHANICAL LIMITED"	6743129	"gb"	"https://opencorporates.com/companies/gb/06743129"
"Tom Hunt"	"TOM DAVID HUNT"	"director"	"SUSSEX MECHANICAL LIMITED"	6743129	"gb"	"https://opencorporates.com/companies/gb/06743129"
"Tom Hunt"	"TOM DAVID HUNT"	"director"	"STS MECHANICAL LTD"	6472858	"gb"	"https://opencorporates.com/companies/gb/06472858"
"Tom Hunt"	"TOM HUNT"	"director"	"FIRSTSECURE LIMITED"	8396915	"gb"	"https://opencorporates.com/companies/gb/08396915"
"Tom Hunt"	"TOM HUNT"	"director"	"DIRECT TOURISM SERVICES LTD"	5090940	"gb"	"https://opencorporates.com/companies/gb/05090940"
"Tom Hunt"	"TOM HUNT"	"director"	"HEIGHTY ASSOCIATES LIMITED"	"SC351291"	"gb"	"https://opencorporates.com/companies/gb/SC351291"
"Tom Hunt"	"TOM HUNT"	"director"	"VANGUARD GRAPHICS INTERNATIONAL, LLC"	"FC028476"	"gb"	"https://opencorporates.com/companies/gb/FC028476"
"Tom Hunt"	"TOM HUNT"	"director"	"SHROPSHIRE TOURISM (UK) LTD"	3968596	"gb"	"https://opencorporates.com/companies/gb/03968596"
"Tom Hunt"	"TOM HUNT"	"llp member"	"ATLANTIC TRADING LLP"	"OC305628"	"gb"	"https://opencorporates.com/companies/gb/OC305628"
"Tom Hunt"	"TOM HUNT"	"director"	"MARKETING SHROPSHIRE LTD"	5033047	"gb"	"https://opencorporates.com/companies/gb/05033047"
"Tom Hunt"	"TOM HUNT"	"director"	"65 AYLESFORD STREET LIMITED"	6347130	"gb"	"https://opencorporates.com/companies/gb/06347130"
"Tom Hunt"	"TOM HUNT"	"director"	"SHROPSHIRE TOURISM LTD"	3050086	"gb"	"https://opencorporates.com/companies/gb/03050086"
"Margaret Rowena Simons"						
"Jonathan Mark Thomas Collett"						
"Robin Tilbrook"	"ROBIN CHARLES WILLIAM TILBROOK"	"director"	"CAMPAIGN FOR AN INDEPENDENT ENGLAND LTD"	8586172	"gb"	"https://opencorporates.com/companies/gb/08586172"
"Robin Tilbrook"	"ROBIN CHARLES WILLIAM TILBROOK"	"director"	"CENTRE FOR ENGLISH POLICY STUDIES"	6045497	"gb"	"https://opencorporates.com/companies/gb/06045497"
"Robin Tilbrook"	"ROBIN CHARLES WILLIAM TILBROOK"	"director"	"EAST OF ENGLAND REGIONAL EXECUTIVE LIMITED"	4998616	"gb"	"https://opencorporates.com/companies/gb/04998616"
"Robin Tilbrook"	"ROBIN CHARLES WILLIAM TILBROOK"	"director"	"ENGLISH VOICE REAL ESTATE LIMITED"	6299412	"gb"	"https://opencorporates.com/companies/gb/06299412"
"Robin Tilbrook"	"ROBIN CHARLES WILLIAM TILBROOK"	"secretary"	"THE ANGLO TRUST"	6113624	"gb"	"https://opencorporates.com/companies/gb/06113624"
"Robin Tilbrook"	"ROBIN CHARLES WILLIAM TILBROOK"	"director"	"THE ANGLO TRUST"	6113624	"gb"	"https://opencorporates.com/companies/gb/06113624"
"Robin Tilbrook"	"ROBIN CHARLES WILLIAM TILBROOK"	"director"	"ENGLISH LOBBY"	5051049	"gb"	"https://opencorporates.com/companies/gb/05051049"
"Robin Tilbrook"	"ROBIN CHARLES WILLIAM TILBROOK"	"director"	"CONFEDERATION OF ENGLISH BUSINESS LIMITED"	5970073	"gb"	"https://opencorporates.com/companies/gb/05970073"
"Robin Tilbrook"	"ROBIN CHARLES WILLIAM TILBROOK"	"director"	"ENGLISH VOICE MAGAZINE LIMITED"	6766651	"gb"	"https://opencorporates.com/companies/gb/06766651"
"Robin Tilbrook"	"ROBIN CHARLES WILLIAM TILBROOK"	"director"	"THE ENGLISH DEMOCRATS"	6132268	"gb"	"https://opencorporates.com/companies/gb/06132268"
"Robin Tilbrook"	"ROBIN TILBROOK"	"secretary"	"CAMERON MANAGEMENT LIMITED"	1584217	"gb"	"https://opencorporates.com/companies/gb/01584217"
"Robin Tilbrook"	"ROBIN TILBROOK"	"director"	"ENGLISH CONSTITUTIONAL CONVENTION"	4992294	"gb"	"https://opencorporates.com/companies/gb/04992294"
"Charles Vickers"	"ALAN CHARLES VICKERS"	"secretary"	"BASESCALE LIMITED"	2896210	"gb"	"https://opencorporates.com/companies/gb/02896210"
"Charles Vickers"	"ANDREW CHARLES VICKERS"	"secretary"	"THE MORTGAGE BUREAU YORKSHIRE LIMITED"	4190949	"gb"	"https://opencorporates.com/companies/gb/04190949"
"Charles Vickers"	"ANDREW CHARLES VICKERS"	"director"	"WHITE ROCK MANAGEMENT COMPANY LIMITED"	4486544	"gb"	"https://opencorporates.com/companies/gb/04486544"
"Charles Vickers"	"ANDREW CHARLES VICKERS"	"director"	"A.C. VICKERS LIMITED"	4904873	"gb"	"https://opencorporates.com/companies/gb/04904873"
"Charles Vickers"	"ANDREW CHARLES VICKERS"	"director"	"THE MORTGAGE BUREAU YORKSHIRE LIMITED"	4190949	"gb"	"https://opencorporates.com/companies/gb/04190949"
"Charles Vickers"	"ANDREW CHARLES VICKERS"	"director"	"THE MORTGAGE BUREAU YORKSHIRE LIMITED"	3319001	"gb"	"https://opencorporates.com/companies/gb/03319001"
"Charles Vickers"	"ANDREW CHARLES VICKERS"	"secretary"	"CRIMEWATCH SECURITY LIMITED"	2429748	"gb"	"https://opencorporates.com/companies/gb/02429748"
"Charles Vickers"	"ANDREW CHARLES VICKERS"	"director"	"REACH 4 SOLUTIONS LIMITED"	5000377	"gb"	"https://opencorporates.com/companies/gb/05000377"
"Charles Vickers"	"ANTHONY CHARLES VICKERS"	"director"	"CV (BULGARIA) LIMITED"	3848181	"gb"	"https://opencorporates.com/companies/gb/03848181"
"Charles Vickers"	"ANTHONY CHARLES VICKERS"	"director"	"BEAVER ADVERTISING LIMITED"	3019678	"gb"	"https://opencorporates.com/companies/gb/03019678"
"Charles Vickers"	"ANTHONY CHARLES VICKERS"	"director"	"PIPTON LIMITED"	1985751	"gb"	"https://opencorporates.com/companies/gb/01985751"
"Charles Vickers"	"ANTHONY CHARLES VICKERS"	"director"	"FORECOURT TELEVISION LIMITED"	3080107	"gb"	"https://opencorporates.com/companies/gb/03080107"
"Charles Vickers"	"ANTHONY CHARLES VICKERS"	"director"	"UBEVCO 2006 LIMITED"	5852061	"gb"	"https://opencorporates.com/companies/gb/05852061"
"Charles Vickers"	"ANTHONY CHARLES VICKERS"	"director"	"COMPUTER PEOPLE EAST LIMITED"	1681153	"gb"	"https://opencorporates.com/companies/gb/01681153"
"Charles Vickers"	"ANTHONY CHARLES VICKERS"	"secretary"	"ARCADY INVESTMENTS LIMITED"	534059	"gb"	"https://opencorporates.com/companies/gb/00534059"
"Charles Vickers"	"ANTHONY CHARLES VICKERS"	"director"	"UBEVCO DISTRIBUTORS LIMITED"	3040246	"gb"	"https://opencorporates.com/companies/gb/03040246"
"Charles Vickers"	"ANTHONY CHARLES VICKERS"	"director"	"CAPITAL CORPORATION LIMITED"	1533947	"gb"	"https://opencorporates.com/companies/gb/01533947"
"Charles Vickers"	"ANTHONY CHARLES VICKERS"	"director"	"CIRCA GROUP LIMITED"	5057962	"gb"	"https://opencorporates.com/companies/gb/05057962"
"Charles Vickers"	"ANTHONY CHARLES VICKERS"	"director"	"LAWN CRESCENT TRUSTEE COMPANY (1985) LIMITED"	1927586	"gb"	"https://opencorporates.com/companies/gb/01927586"
"Charles Vickers"	"ANTHONY CHARLES VICKERS"	"director"	"PIPTON LIMITED"	3484147	"gb"	"https://opencorporates.com/companies/gb/03484147"
"Charles Vickers"	"CHARLES BRIAN VICKERS"	"director"	"TASKTHRIVE LIMITED"	2672664	"gb"	"https://opencorporates.com/companies/gb/02672664"
"Charles Vickers"	"CHARLES HENRY VICKERS"	"director"	"C AND F (UK) LIMITED"	6526584	"gb"	"https://opencorporates.com/companies/gb/06526584"
"Charles Vickers"	"CHARLES JEREMY VICKERS"	"director"	"FRONTMASTER MARKETING LIMITED"	2583477	"gb"	"https://opencorporates.com/companies/gb/02583477"
"Charles Vickers"	"CHARLES JEREMY VICKERS"	"secretary"	"ASK IT (CONSULTANCY AND TRAINING) LIMITED"	2551432	"gb"	"https://opencorporates.com/companies/gb/02551432"
"Charles Vickers"	"CHARLES JEREMY VICKERS"	"director"	"ASK IT (CONSULTANCY AND TRAINING) LIMITED"	2551432	"gb"	"https://opencorporates.com/companies/gb/02551432"
"Charles Vickers"	"CHARLES JEREMY VICKERS"	"secretary"	"BEEAGILE LIMITED"	5035632	"gb"	"https://opencorporates.com/companies/gb/05035632"
"Charles Vickers"	"CHARLES JEREMY VICKERS"	"director"	"BEEAGILE LIMITED"	5035632	"gb"	"https://opencorporates.com/companies/gb/05035632"
"Charles Vickers"	"CHARLES JOHN VICKERS"	"director"	"VICKERS INSPECTION SERVICES LIMITED"	2591000	"gb"	"https://opencorporates.com/companies/gb/02591000"
"Charles Vickers"	"CHARLES JOHN VICKERS"	"secretary"	"VICKERS INSPECTION SERVICES LIMITED"	2591000	"gb"	"https://opencorporates.com/companies/gb/02591000"
"Charles Vickers"	"CHARLES VICKERS"	"director"	"CHARLES VICKERS LTD"	4546857	"gb"	"https://opencorporates.com/companies/gb/04546857"
"Stephen Goldspink"	"STEPHEN GOLDSPINK"	"director"	"LINLEY & KIDSGROVE RUGBY UNION FOOTBALL CLUB LIMITED"	7309438	"gb"	"https://opencorporates.com/companies/gb/07309438"
"Stephen Goldspink"	"STEPHEN GOLDSPINK"	"director"	"GOLDSERV LIMITED"	2544201	"gb"	"https://opencorporates.com/companies/gb/02544201"
"Stephen Goldspink"	"STEPHEN GOLDSPINK"	"director"	"RAILWORLD"	1891491	"gb"	"https://opencorporates.com/companies/gb/01891491"
"Stephen Goldspink"	"STEPHEN JOHN GOLDSPINK"	"director"	"TOPTECH METAL SOLUTIONS LTD."	6650756	"gb"	"https://opencorporates.com/companies/gb/06650756"
"Stephen Goldspink"	"STEPHEN JOHN GOLDSPINK"	"director"	"ALLNET UK LIMITED"	5235112	"gb"	"https://opencorporates.com/companies/gb/05235112"
"Stephen Goldspink"	"STEPHEN KENNETH SAVILL GOLDSPINK"	"director"	"PETERBOROUGH CITIZENS ADVICE BUREAU"	3507549	"gb"	"https://opencorporates.com/companies/gb/03507549"
"Stephen Goldspink"	"STEPHEN KENNETH SAVILL GOLDSPINK"	"director"	"CRESSET (PETERBOROUGH) LIMITED"	1105525	"gb"	"https://opencorporates.com/companies/gb/01105525"
"Stephen Goldspink"	"STEPHEN KENNETH SAVILL GOLDSPINK"	"secretary"	"MATHEGOLD LTD"	7499454	"gb"	"https://opencorporates.com/companies/gb/07499454"
"Stephen Goldspink"	"STEPHEN KENNETH SAVILL GOLDSPINK"	"director"	"MATHEGOLD LTD"	7499454	"gb"	"https://opencorporates.com/companies/gb/07499454"
"Maria Situmbeko"						
"Bridget Cowan"	"BRIDGET COWAN"	"secretary"	"FOCUS PUBLISHING UK LIMITED"	4732201	"gb"	"https://opencorporates.com/companies/gb/04732201"
"Bridget Cowan"	"SUSAN BRIDGET COWAN"	"llp designated member"	"HANDLEY FARM LLP"	"OC385140"	"gb"	"https://opencorporates.com/companies/gb/OC385140"
"Bridget Cowan"	"SUSAN BRIDGET COWAN"	"director"	"SHOTTLE FARM BREWERY LTD"	7636163	"gb"	"https://opencorporates.com/companies/gb/07636163"
"Bridget Cowan"	"SUSAN BRIDGET COWAN"	"llp designated member"	"THE BULLS HEAD (BELPER) LLP"	"OC378336"	"gb"	"https://opencorporates.com/companies/gb/OC378336"
"Don Whitbread"						
"Jeremy Moss"	"JEREMY GEORGE MOSS"	"director"	"ANCHOR QUAY MANAGEMENT COMPANY LIMITED"	5741742	"gb"	"https://opencorporates.com/companies/gb/05741742"
"Jeremy Moss"	"JEREMY GEORGE MOSS"	"director"	"MOSS MECHANICAL SERVICES LTD"	4848240	"gb"	"https://opencorporates.com/companies/gb/04848240"
"Jeremy Moss"	"JEREMY GEORGE MOSS"	"director"	"WILES & CO LIMITED"	4219379	"gb"	"https://opencorporates.com/companies/gb/04219379"
"Jeremy Moss"	"JEREMY HENRY MOSS"	"secretary"	"BABYLONSBURNING LIMITED"	4804408	"gb"	"https://opencorporates.com/companies/gb/04804408"
"Jeremy Moss"	"JEREMY HENRY MOSS"	"director"	"BABYLONSBURNING LIMITED"	4804408	"gb"	"https://opencorporates.com/companies/gb/04804408"
"Jeremy Moss"	"JEREMY MICHAEL EDWARD MOSS"	"director"	"THE MCGRAW-HILL COMPANIES, LIMITED"	1916239	"gb"	"https://opencorporates.com/companies/gb/01916239"
"Jeremy Moss"	"JEREMY MICHAEL EDWARD MOSS"	"director"	"MCGRAW-HILL HOLDINGS EUROPE LIMITED"	1553367	"gb"	"https://opencorporates.com/companies/gb/01553367"
"Jeremy Moss"	"JEREMY MICHAEL EDWARD MOSS"	"director"	"MCGRAW-HILL INTERNATIONAL (U.K.) LIMITED"	64070	"gb"	"https://opencorporates.com/companies/gb/00064070"
"Jeremy Moss"	"JEREMY MICHAEL EDWARD MOSS"	"director"	"MCGRAW-HILL HOLDINGS (U.K.) LIMITED"	1500979	"gb"	"https://opencorporates.com/companies/gb/01500979"
"Jeremy Moss"	"JEREMY MICHAEL EDWARD MOSS"	"director"	"MCGRAW-HILL FINANCE (UK) LIMITED"	2178302	"gb"	"https://opencorporates.com/companies/gb/02178302"
"Jeremy Moss"	"JEREMY MICHAEL EDWARD MOSS"	"director"	"XEBEC MULTI MEDIA SOLUTIONS LIMITED"	2235914	"gb"	"https://opencorporates.com/companies/gb/02235914"
"Jeremy Moss"	"JEREMY MICHAEL EDWARD MOSS"	"secretary"	"THE WELLINGTON ACADEMY TRUST"	6457394	"gb"	"https://opencorporates.com/companies/gb/06457394"
"Jeremy Moss"	"JEREMY MICHAEL EDWARD MOSS"	"director"	"DORMANTCO ZERO TWO LIMITED"	3608678	"gb"	"https://opencorporates.com/companies/gb/03608678"
"Jeremy Moss"	"JEREMY MICHAEL EDWARD MOSS"	"director"	"BRITISH EXPLORING SOCIETY"	2411786	"gb"	"https://opencorporates.com/companies/gb/02411786"
"Jeremy Moss"	"JEREMY MICHAEL EDWARD MOSS"	"director"	"SIMON & SCHUSTER (UK) LIMITED"	714516	"gb"	"https://opencorporates.com/companies/gb/00714516"
"Jeremy Moss"	"JEREMY MOSS"	"director"	"GEMSMART LIMITED"	2941149	"gb"	"https://opencorporates.com/companies/gb/02941149"
"Jeremy Moss"	"JEREMY MOSS"	"secretary"	"GEMSMART LIMITED"	2941149	"gb"	"https://opencorporates.com/companies/gb/02941149"
"Jeremy Moss"	"JEREMY MOSS"	"director"	"GREEN SKY CLEANING LIMITED"	7415724	"gb"	"https://opencorporates.com/companies/gb/07415724"
"Jeremy Moss"	"JEREMY MOSS"	"director"	"SHIFTDATA COMPUTING LIMITED"	3381910	"gb"	"https://opencorporates.com/companies/gb/03381910"
"Jeremy Moss"	"JEREMY MOSS"	"director"	"EARL SOHAM BREWERY LIMITED"	4716137	"gb"	"https://opencorporates.com/companies/gb/04716137"
"Jeremy Moss"	"JEREMY MOSS"	"director"	"JPM CONSTRUCTION (NW) LTD"	6415579	"gb"	"https://opencorporates.com/companies/gb/06415579"
"Jeremy Moss"	"JEREMY MOSS"	"llp member"	"AMERICAS 6 LLP"	"OC312343"	"gb"	"https://opencorporates.com/companies/gb/OC312343"
"Jeremy Moss"	"JEREMY MOSS"	"director"	"SYZYGY SOLUTIONS LIMITED"	3596401	"gb"	"https://opencorporates.com/companies/gb/03596401"
"Jeremy Moss"	"JEREMY MOSS"	"director"	"BURFORD COURT RESIDENTS ASSOCIATION (WOKINGHAM) LIMITED"	780135	"gb"	"https://opencorporates.com/companies/gb/00780135"
"Jeremy Moss"	"JEREMY MOSS"	"director"	"MLDB LTD"	8227357	"gb"	"https://opencorporates.com/companies/gb/08227357"
"Jeremy Moss"	"JEREMY MOSS"	"director"	"ANITE TELECOMS LIMITED"	1721900	"gb"	"https://opencorporates.com/companies/gb/01721900"
"Jeremy Moss"	"JEREMY PETER MOSS"	"director"	"LONDON PHOTO COMPANY LIMITED"	5450768	"gb"	"https://opencorporates.com/companies/gb/05450768"
"Jeremy Moss"	"JEREMY RICHARD MOSS"	"director"	"J.R. MOSS LIMITED"	4835478	"gb"	"https://opencorporates.com/companies/gb/04835478"
"Jeremy Moss"	"JEREMY SPENCER MOSS"	"director"	"FACTHAVEN INCENTIVE MARKETING LIMITED"	2590078	"gb"	"https://opencorporates.com/companies/gb/02590078"
"Jeremy Moss"	"JEREMY SPENCER MOSS"	"director"	"WORLDFORCE LIMITED"	3045659	"gb"	"https://opencorporates.com/companies/gb/03045659"
"Rupert Read"	"MARK RUPERT READ"	"director"	"WILLOW WALK MANAGEMENT CO. LIMITED"	3587981	"gb"	"https://opencorporates.com/companies/gb/03587981"
"Rupert Read"	"MARK RUPERT READ"	"director"	"THE SEVEN DIALS TRUST"	2125701	"gb"	"https://opencorporates.com/companies/gb/02125701"
"Rupert Read"	"RUPERT FRANCIS WILLIAM READ"	"secretary"	"SUSAN READ DESIGN LIMITED"	4038196	"gb"	"https://opencorporates.com/companies/gb/04038196"
"Rupert Read"	"RUPERT FRANCIS WILLIAM READ"	"director"	"SUSAN READ DESIGN LIMITED"	4038196	"gb"	"https://opencorporates.com/companies/gb/04038196"
"Rupert Read"	"RUPERT JAMES READ"	"secretary"	"C AND R CONSULTANTS INTERNATIONAL LIMITED"	3773738	"gb"	"https://opencorporates.com/companies/gb/03773738"
"Rupert Read"	"RUPERT OLIVER CHARLES READ"	"director"	"TRIGGER IMAGES LIMITED"	4941382	"gb"	"https://opencorporates.com/companies/gb/04941382"
"Rupert Read"	"TIMOTHY RUPERT CHARLES READ"	"director"	"MUSWELL HILL PRESS LTD"	7822936	"gb"	"https://opencorporates.com/companies/gb/07822936"
"Mark Ereira"	"ANTHONY MARK EREIRA"	"director"	"1981 FILMS LTD."	5728646	"gb"	"https://opencorporates.com/companies/gb/05728646"
"Mark Ereira"	"ANTHONY MARK EREIRA"	"director"	"EREIRA LIMITED"	5363307	"gb"	"https://opencorporates.com/companies/gb/05363307"
"Mark Ereira"	"ANTHONY MARK EREIRA"	"director"	"MOLOTOV FILMS LTD"	5375915	"gb"	"https://opencorporates.com/companies/gb/05375915"
"Mark Ereira"	"ANTHONY MARK EREIRA"	"director"	"CAMPAIGN AGAINST LIVING MISERABLY"	5378928	"gb"	"https://opencorporates.com/companies/gb/05378928"
"Mark Ereira"	"MARK ALAN EREIRA-GUYER"	"director"	"THE COMMUNITY AND VOLUNTARY FORUM: EASTERN REGION"	3850130	"gb"	"https://opencorporates.com/companies/gb/03850130"
"Mark Ereira"	"MARK ALAN EREIRA-GUYER"	"director"	"THE ANGLIAN BALLET COMPANY LIMITED"	3379266	"gb"	"https://opencorporates.com/companies/gb/03379266"
"Mark Ereira"	"MARK ALAN EREIRA-GUYER"	"director"	"EG CREATIVE SOLUTIONS LTD."	6787923	"gb"	"https://opencorporates.com/companies/gb/06787923"
"Mark Ereira"	"MARK ALAN EREIRA-GUYER"	"director"	"BIG SOCIETY FUNDING COMMUNITY INTEREST COMPANY"	7815137	"gb"	"https://opencorporates.com/companies/gb/07815137"
"Mark Ereira"	"MARK EREIRA"	"director"	"RISBYGATE ARTS"	6112185	"gb"	"https://opencorporates.com/companies/gb/06112185"
"Mark Ereira"	"MARK EREIRA -GUYER"	"director"	"BSEVC LIMITED"	2636217	"gb"	"https://opencorporates.com/companies/gb/02636217"
"Jill Mills"	"CAROLYN JILL MILLS"	"secretary"	"ST. MARY'S (NO.2) (WEYBRIDGE) RESIDENTS ASSOCIATION LIMITED"	932055	"gb"	"https://opencorporates.com/companies/gb/00932055"
"Jill Mills"	"JILL CAMPBELL MILLS"	"secretary"	"CAMPBELL MILLS ASSOCIATES LIMITED"	3202161	"gb"	"https://opencorporates.com/companies/gb/03202161"
"Jill Mills"	"JILL CATHERINE MILLS"	"director"	"SEAXPLORER LIMITED"	"SC393604"	"gb"	"https://opencorporates.com/companies/gb/SC393604"
"Jill Mills"	"JILL CATHERINE MILLS"	"director"	"GLENCOE BOAT CLUB LIMITED"	"SC352541"	"gb"	"https://opencorporates.com/companies/gb/SC352541"
"Jill Mills"	"JILL CATHERINE MILLS"	"director"	"SEAXPLORE LIMITED"	"SC393602"	"gb"	"https://opencorporates.com/companies/gb/SC393602"
"Jill Mills"	"JILL CATHERINE MILLS"	"secretary"	"AURORA BOAT CHARTERS LTD."	"SC359347"	"gb"	"https://opencorporates.com/companies/gb/SC359347"
"Jill Mills"	"JILL CATHERINE MILLS"	"director"	"AURORA BOAT CHARTERS LTD."	"SC359347"	"gb"	"https://opencorporates.com/companies/gb/SC359347"
"Jill Mills"	"JILL LESLEY MILLS"	"secretary"	"HEYFORD LIMITED"	5019844	"gb"	"https://opencorporates.com/companies/gb/05019844"
"Jill Mills"	"JILL LESLEY MILLS"	"director"	"HEYFORD LIMITED"	5019844	"gb"	"https://opencorporates.com/companies/gb/05019844"
"Jill Mills"	"JILL LESLEY MILLS"	"director"	"HEYFORD LIMITED"	5019844	"gb"	"https://opencorporates.com/companies/gb/05019844"
"Jill Mills"	"JILL MARY MILLS"	"secretary"	"SACHS (U.K.) LIMITED"	1644766	"gb"	"https://opencorporates.com/companies/gb/01644766"
"Jill Mills"	"JILL MARY MILLS"	"secretary"	"TME LIMITED"	3245386	"gb"	"https://opencorporates.com/companies/gb/03245386"
"Jill Mills"	"JILL MARY MILLS"	"director"	"SACHS (U.K.) LIMITED"	1644766	"gb"	"https://opencorporates.com/companies/gb/01644766"
"Jill Mills"	"JILL MILLS"	"secretary"	"NEWCASTLE UPON TYNE LAW SOCIETY"	5506	"gb"	"https://opencorporates.com/companies/gb/00005506"
"Jill Mills"	"JILL MILLS"	"director"	"BIRMINGHAM ARTHRITIS APPEAL AND RESOURCE CENTRE"	1694034	"gb"	"https://opencorporates.com/companies/gb/01694034"
"Jill Mills"	"JILL MILLS"	"director"	"IMPERIAL COURT MANAGEMENT (LYNTON) LIMITED"	2715003	"gb"	"https://opencorporates.com/companies/gb/02715003"
"Jill Mills"	"JILL MILLS-JENNINGS"	"director"	"QUBICS FINANCIAL SERVICES LTD"	6993859	"gb"	"https://opencorporates.com/companies/gb/06993859"
"Jill Mills"	"JILL NADINE MILLS"	"director"	"POTTERY PALS LIMITED"	4739148	"gb"	"https://opencorporates.com/companies/gb/04739148"
"Jill Mills"	"JILL RUTH MILLS"	"director"	"THE MOAT (CRAWLEY) MANAGEMENT LIMITED"	2557853	"gb"	"https://opencorporates.com/companies/gb/02557853"
"Jill Mills"	"ROBINA JILL MILLS"	"director"	"MICHAELCHURCH FARMING LIMITED"	3530015	"gb"	"https://opencorporates.com/companies/gb/03530015"
"Ash Haynes"						
"Marc Scheimann"	"MARC SCHEIMANN"	"director"	"HIGHSOFT LIMITED"	3001815	"gb"	"https://opencorporates.com/companies/gb/03001815"
"Robert Lindsay"	"ALAN ROBERT LINDSAY"	"director"	"EAZI PROPERTY MANAGEMENT LTD"	8910513	"gb"	"https://opencorporates.com/companies/gb/08910513"
"Robert Lindsay"	"ALAN ROBERT LINDSAY COLVINE"	"secretary"	"CREATIVE IMPACT LTD."	3603090	"gb"	"https://opencorporates.com/companies/gb/03603090"
"Robert Lindsay"	"ALAN ROBERT LINDSAY MUNRO"	"director"	"MONK CONSTRUCTION LIMITED"	1234964	"gb"	"https://opencorporates.com/companies/gb/01234964"
"Robert Lindsay"	"ALAN ROBERT LINDSAY MUNRO"	"director"	"DEEVIZ LIMITED"	"SC262443"	"gb"	"https://opencorporates.com/companies/gb/SC262443"
"Robert Lindsay"	"ALAN ROBERT LINDSAY MUNRO"	"secretary"	"DEEVIZ LIMITED"	"SC262443"	"gb"	"https://opencorporates.com/companies/gb/SC262443"
"Robert Lindsay"	"ALAN ROBERT LINDSAY MUNRO"	"director"	"SKANSKA CONSTRUCTION (REGIONS) LIMITED"	225316	"gb"	"https://opencorporates.com/companies/gb/00225316"
"Robert Lindsay"	"ALLAN ROBERT GEDDES LINDSAY"	"director"	"CONTEXT SOFTWARE LIMITED"	3219934	"gb"	"https://opencorporates.com/companies/gb/03219934"
"Robert Lindsay"	"ANDREW ROBERT LINDSAY"	"director"	"ARTWORK FILES LIMITED"	5025702	"gb"	"https://opencorporates.com/companies/gb/05025702"
"Robert Lindsay"	"ANDREW ROBERT LINDSAY BAYLIS"	"secretary"	"NEWTON FERRERS CONSTRUCTION LIMITED"	3025643	"gb"	"https://opencorporates.com/companies/gb/03025643"
"Robert Lindsay"	"ANDREW ROBERT LINDSAY BAYLIS"	"director"	"ING SECURITIES NOMINEES LIMITED"	2163872	"gb"	"https://opencorporates.com/companies/gb/02163872"
"Robert Lindsay"	"ANDREW ROBERT LINDSAY BAYLIS"	"director"	"WARWICK VINTNERS LIMITED"	3098923	"gb"	"https://opencorporates.com/companies/gb/03098923"
"Robert Lindsay"	"ANDREW ROBERT LINDSAY BAYLIS"	"director"	"NEWTON FERRERS CONSTRUCTION LIMITED"	3025643	"gb"	"https://opencorporates.com/companies/gb/03025643"
"Robert Lindsay"	"ANDREW ROBERT LINDSAY BAYLIS"	"director"	"JUR/US CONSULTANTS LIMITED"	2585406	"gb"	"https://opencorporates.com/companies/gb/02585406"
"Robert Lindsay"	"ANDREW ROBERT LINDSAY BAYLIS"	"director"	"GUNNISLAKE FISHERIES LIMITED"	1277028	"gb"	"https://opencorporates.com/companies/gb/01277028"
"Robert Lindsay"	"ANDREW ROBERT LINDSAY BAYLIS"	"director"	"COUNTRY LAND AND BUSINESS ASSOCIATION LIMITED"	6131587	"gb"	"https://opencorporates.com/companies/gb/06131587"
"Robert Lindsay"	"ANDREW ROBERT LINDSAY BAYLIS"	"secretary"	"NEWTON BARTON FARM LIMITED"	3340765	"gb"	"https://opencorporates.com/companies/gb/03340765"
"Robert Lindsay"	"ANDREW ROBERT LINDSAY BAYLIS"	"director"	"NEWTON BARTON FARM (INVESTMENT) LIMITED"	3469896	"gb"	"https://opencorporates.com/companies/gb/03469896"
"Robert Lindsay"	"ANDREW ROBERT LINDSAY BAYLIS"	"secretary"	"NEWTON BARTON FARM (INVESTMENT) LIMITED"	3469896	"gb"	"https://opencorporates.com/companies/gb/03469896"
"Robert Lindsay"	"ANDREW ROBERT LINDSAY BAYLIS"	"director"	"NEWTON BARTON FARM LIMITED"	3340765	"gb"	"https://opencorporates.com/companies/gb/03340765"
"Robert Lindsay"	"ANTHONY ROBERT LINDSAY"	"director"	"JAMES VALLANCE FLEMING LIMITED"	"SC052608"	"gb"	"https://opencorporates.com/companies/gb/SC052608"
"Robert Lindsay"	"ANTHONY ROBERT LINDSAY"	"director"	"JOHIM CS LIMITED"	4081663	"gb"	"https://opencorporates.com/companies/gb/04081663"
"Robert Lindsay"	"ANTHONY ROBERT LINDSAY, LORD BALNIEL"	"director"	"BLP 2004-57 LIMITED"	"SC266989"	"gb"	"https://opencorporates.com/companies/gb/SC266989"
"Robert Lindsay"	"BARRY ROBERT LINDSAY CLARKSON"	"director"	"D L CLARKSON LIMITED"	"SC126487"	"gb"	"https://opencorporates.com/companies/gb/SC126487"
"Robert Lindsay"	"BRIAN ROBERT LINDSAY"	"secretary"	"VISION BUSINESS SOLUTIONS LTD"	3210365	"gb"	"https://opencorporates.com/companies/gb/03210365"
"Robert Lindsay"	"BRIAN ROBERT LINDSAY"	"director"	"CYCLOPS CONSULTANTS LTD"	3210709	"gb"	"https://opencorporates.com/companies/gb/03210709"
"Robert Lindsay"	"BRIAN ROBERT LINDSAY"	"secretary"	"GALACTIC BUSINESS SOLUTIONS LTD"	3210359	"gb"	"https://opencorporates.com/companies/gb/03210359"
"Robert Lindsay"	"BRIAN ROBERT LINDSAY"	"director"	"BRIAN LINDSAY CONSULTING SERVICES LTD."	"SC294682"	"gb"	"https://opencorporates.com/companies/gb/SC294682"
"Robert Lindsay"	"BRIAN ROBERT LINDSAY"	"secretary"	"P.S.Y. (U.K.) LTD"	3388655	"gb"	"https://opencorporates.com/companies/gb/03388655"
"Robert Lindsay"	"CARL ROBERT LINDSAY FALCK"	"secretary"	"CFA DEVELOPMENTS LIMITED"	6797145	"gb"	"https://opencorporates.com/companies/gb/06797145"
"Robert Lindsay"	"CARL ROBERT LINDSAY FALCK"	"director"	"CFA DEVELOPMENTS LIMITED"	6797145	"gb"	"https://opencorporates.com/companies/gb/06797145"
"Fiona Jane Radic"						
"Richard Stuart Howitt"	"RICHARD STUART HOWITT"	"secretary"	"WALTHAM FOREST DISABILITY RESOURCE CENTRE"	2235286	"gb"	"https://opencorporates.com/companies/gb/02235286"
"Alex Mayer"						
"Sandy Martin"	"MARTIN SANDY"	"director"	"FIRST CHOICE PROPERTY DEVELOPMENTS LTD"	5758903	"gb"	"https://opencorporates.com/companies/gb/05758903"
"Sandy Martin"	"MARTIN SANDY"	"director"	"ST. LEONARDS (W-S-M) MANAGEMENT LIMITED"	2637402	"gb"	"https://opencorporates.com/companies/gb/02637402"
"Sandy Martin"	"SANDY MARTIN"	"director"	"IPSWICH AND SUFFOLK COUNCIL FOR RACIAL EQUALITY"	4616709	"gb"	"https://opencorporates.com/companies/gb/04616709"
"Sandy Martin"	"SANDY MARTIN"	"secretary"	"MARTINS RIGGING LIMITED"	5429316	"gb"	"https://opencorporates.com/companies/gb/05429316"
"Sandy Martin"	"SANDY MARTIN"	"director"	"MARTINS RIGGING LIMITED"	5429316	"gb"	"https://opencorporates.com/companies/gb/05429316"
"Sandy Martin"	"SANDY MARTIN EISEN"	"director"	"PHOSPHATE THERAPEUTICS LTD."	7618820	"gb"	"https://opencorporates.com/companies/gb/07618820"
"Bhavna Joshi"	"BHAVNA JOSHI"	"secretary"	"HOUSEHOLD CARPENTRY LIMITED"	4834367	"gb"	"https://opencorporates.com/companies/gb/04834367"
"Bhavna Joshi"	"BHAVNA JOSHI"	"director"	"JYOTI (UK) LIMITED"	4533662	"gb"	"https://opencorporates.com/companies/gb/04533662"
"Bhavna Joshi"	"BHAVNA JOSHI"	"director"	"THE STEVENAGE COMMUNITY TRUST"	2546501	"gb"	"https://opencorporates.com/companies/gb/02546501"
"Bhavna Joshi"	"BHAVNA MANOGKUMAR JOSHI"	"director"	"YORKSHIRE PHARMACEUTICALS LIMITED"	2542375	"gb"	"https://opencorporates.com/companies/gb/02542375"
"Paul Anthony Bishop"	"CHRISTOPHER ANTHONY MARK PAUL SIMON BISHOP"	"director"	"THE ETHICAL AGENCY LIMITED"	5491273	"gb"	"https://opencorporates.com/companies/gb/05491273"
"Paul Anthony Bishop"	"PAUL ANTHONY BISHOP"	"director"	"P & D DIRECT COURIERS LIMITED"	3850334	"gb"	"https://opencorporates.com/companies/gb/03850334"
"Paul Anthony Bishop"	"PAUL ANTHONY BISHOP"	"director"	"BEECHWOOD COURT (SOUTHBOURNE) MANAGEMENT COMPANY LIMITED"	1759430	"gb"	"https://opencorporates.com/companies/gb/01759430"
"Paul Anthony Bishop"	"PAUL ANTHONY BISHOP"	"director"	"BNL TUBULAR STRUCTURES LTD"	1591867	"gb"	"https://opencorporates.com/companies/gb/01591867"
"Paul Anthony Bishop"	"PAUL ANTHONY BISHOP"	"director"	"THE MEADOW BARNS (LLAY) MANAGEMENT COMPANY LIMITED"	7422890	"gb"	"https://opencorporates.com/companies/gb/07422890"
"Paul Anthony Bishop"	"PAUL ANTHONY BISHOP"	"director"	"P A BISHOP & CO LIMITED"	"SC390819"	"gb"	"https://opencorporates.com/companies/gb/SC390819"
"Jane Patricia Basham"	"JANE PATRICIA BASHAM"	"director"	"BASHAM AND JALOTA LIMITED"	4744380	"gb"	"https://opencorporates.com/companies/gb/04744380"
"Jane Patricia Basham"	"JANE PATRICIA BASHAM"	"secretary"	"BASHAM AND JALOTA LIMITED"	4744380	"gb"	"https://opencorporates.com/companies/gb/04744380"
"Jane Patricia Basham"	"JANE PATRICIA BASHAM"	"director"	"THE RUNNYMEDE TRUST"	3409935	"gb"	"https://opencorporates.com/companies/gb/03409935"
"Jane Patricia Basham"	"JANE PATRICIA BASHAM"	"director"	"MINORITY ETHNIC NETWORK EASTERN REGION"	4058054	"gb"	"https://opencorporates.com/companies/gb/04058054"
"Chris Ostrowski"	"CHRIS OSTROWSKI"	"director"	"CONFIDENT ENGLISH LTD."	8171464	"gb"	"https://opencorporates.com/companies/gb/08171464"
"Andrew Nicholas Duff"	"NICHOLAS DAVID ANDREW DUFF"	"secretary"	"PBS COMMUNICATIONS LIMITED"	2534349	"gb"	"https://opencorporates.com/companies/gb/02534349"
"Josephine Mary Hayes"	"JOSEPHINE MARY HAYES"	"secretary"	"MAGDALEN HALL COMPANY LIMITED"	4351232	"gb"	"https://opencorporates.com/companies/gb/04351232"
"Josephine Mary Hayes"	"JOSEPHINE MARY HAYES"	"director"	"PUBLIC POLICY REVIEW LIMITED"	2635287	"gb"	"https://opencorporates.com/companies/gb/02635287"
"Josephine Mary Hayes"	"JOSEPHINE MARY HAYES"	"director"	"MAGDALEN HALL COMPANY LIMITED"	4351232	"gb"	"https://opencorporates.com/companies/gb/04351232"
"Josephine Mary Hayes"	"JOSEPHINE MARY REDFERN-HAYES"	"director"	"REDFERN WHOLEFOODS LIMITED"	1975822	"gb"	"https://opencorporates.com/companies/gb/01975822"
"Josephine Mary Hayes"	"JOSEPHINE MARY REDFERN-HAYES"	"secretary"	"REDFERN WHOLEFOODS LIMITED"	1975822	"gb"	"https://opencorporates.com/companies/gb/01975822"
"Josephine Mary Hayes"	"MARY JOSEPHINE HAYES"	"director"	"HAYES CONSULTING LIMITED"	3209828	"gb"	"https://opencorporates.com/companies/gb/03209828"
"Belinda Brooks-Gordon"	"BELINDA BROOKS"	"director"	"WIRED CONSULTANCY LTD"	5641372	"gb"	"https://opencorporates.com/companies/gb/05641372"
"Belinda Brooks-Gordon"	"BELINDA JANE BROOKS"	"secretary"	"BROOKS PRECISION ENGINEERING LIMITED"	2373765	"gb"	"https://opencorporates.com/companies/gb/02373765"
"Belinda Brooks-Gordon"	"BELINDA JANE BROOKS"	"director"	"CARBEL HEALTH & SAFETY CONSULTANTS LIMITED"	4502884	"gb"	"https://opencorporates.com/companies/gb/04502884"
"Belinda Brooks-Gordon"	"BELINDA JANE RICHARDSON-BROOKS"	"secretary"	"CARBEL HEALTH & SAFETY CONSULTANTS LIMITED"	4502884	"gb"	"https://opencorporates.com/companies/gb/04502884"
"Belinda Brooks-Gordon"	"SALLY BELINDA KERRI-BROOKS"	"director"	"JOHN TAYLOR HOSPICE CHARITY"	8991245	"gb"	"https://opencorporates.com/companies/gb/08991245"
"Stephen John Robinson"	"JOHN STEPHEN ROBINSON"	"director"	"J.S. ROBINSON (ELECTRICAL) LIMITED"	3334449	"gb"	"https://opencorporates.com/companies/gb/03334449"
"Stephen John Robinson"	"JOHN STEPHEN ROBINSON"	"director"	"J S ROBINSON LTD"	7041815	"gb"	"https://opencorporates.com/companies/gb/07041815"
"Stephen John Robinson"	"JOHN STEPHEN ROBINSON"	"director"	"THE CONCORD ROAD RESIDENTS ASSOCIATION LIMITED"	2746914	"gb"	"https://opencorporates.com/companies/gb/02746914"
"Stephen John Robinson"	"JOHN STEPHEN ROBINSON"	"director"	"CHEMSQUAD LIMITED"	1285520	"gb"	"https://opencorporates.com/companies/gb/01285520"
"Stephen John Robinson"	"JOHN STEPHEN ROBINSON"	"secretary"	"ATLANTIC (ELECTRICAL) LONDON LIMITED"	4119862	"gb"	"https://opencorporates.com/companies/gb/04119862"
"Stephen John Robinson"	"JOHN STEPHEN ROBINSON"	"director"	"ATLANTIC (ELECTRICAL) LONDON LIMITED"	4119862	"gb"	"https://opencorporates.com/companies/gb/04119862"
"Stephen John Robinson"	"STEPHEN CEDRIC JOHN ROBINSON"	"director"	"DARWIN EVOLUTION LIMITED"	3912197	"gb"	"https://opencorporates.com/companies/gb/03912197"
"Stephen John Robinson"	"STEPHEN CEDRIC JOHN ROBINSON"	"director"	"PLATO TEACHERS LIMITED"	4117986	"gb"	"https://opencorporates.com/companies/gb/04117986"
"Stephen John Robinson"	"STEPHEN CEDRIC JOHN ROBINSON"	"director"	"ECO COMPUTER DISPOSALS LIMITED"	5900254	"gb"	"https://opencorporates.com/companies/gb/05900254"
"Stephen John Robinson"	"STEPHEN CEDRIC JOHN ROBINSON"	"director"	"ROBOTOOLS LIMITED"	4609225	"gb"	"https://opencorporates.com/companies/gb/04609225"
"Stephen John Robinson"	"STEPHEN CEDRIC JOHN ROBINSON"	"director"	"ECO COMPUTERS LIMITED"	5825045	"gb"	"https://opencorporates.com/companies/gb/05825045"
"Stephen John Robinson"	"STEPHEN CEDRIC JOHN ROBINSON"	"secretary"	"STECHFORD CLUB LIMITED(THE)"	95123	"gb"	"https://opencorporates.com/companies/gb/00095123"
"Stephen John Robinson"	"STEPHEN CEDRIC JOHN ROBINSON"	"secretary"	"STECHFORD CLUB LIMITED(THE)"	95123	"gb"	"https://opencorporates.com/companies/gb/00095123"
"Stephen John Robinson"	"STEPHEN CEDRIC JOHN ROBINSON"	"director"	"STECHFORD CLUB LIMITED(THE)"	95123	"gb"	"https://opencorporates.com/companies/gb/00095123"
"Stephen John Robinson"	"STEPHEN CHARLES JOHN ROBINSON"	"director"	"S & S TAN-SEEKERS LIMITED"	4878763	"gb"	"https://opencorporates.com/companies/gb/04878763"
"Stephen John Robinson"	"STEPHEN JOHN ROBINSON"	"director"	"YEARGRAPHIC LIMITED"	2295482	"gb"	"https://opencorporates.com/companies/gb/02295482"
"Stephen John Robinson"	"STEPHEN JOHN ROBINSON"	"director"	"BUSINESS LINK NORTHAMPTONSHIRE"	3145515	"gb"	"https://opencorporates.com/companies/gb/03145515"
"Stephen John Robinson"	"STEPHEN JOHN ROBINSON"	"secretary"	"SELLERS PACK LIMITED"	6056216	"gb"	"https://opencorporates.com/companies/gb/06056216"
"Stephen John Robinson"	"STEPHEN JOHN ROBINSON"	"director"	"SELLERS PACK LIMITED"	6056216	"gb"	"https://opencorporates.com/companies/gb/06056216"
"Stephen John Robinson"	"STEPHEN JOHN ROBINSON"	"secretary"	"SITRUS CONSULTING LTD"	6473337	"gb"	"https://opencorporates.com/companies/gb/06473337"
"Stephen John Robinson"	"STEPHEN JOHN ROBINSON"	"director"	"GUARDHAWK LIMITED"	3266816	"gb"	"https://opencorporates.com/companies/gb/03266816"
"Stephen John Robinson"	"STEPHEN JOHN ROBINSON"	"director"	"W3 TECHNOLOGY LIMITED"	4562031	"gb"	"https://opencorporates.com/companies/gb/04562031"
"Stephen John Robinson"	"STEPHEN JOHN ROBINSON"	"director"	"ASSURED SAMPLING (UK) LIMITED"	4496241	"gb"	"https://opencorporates.com/companies/gb/04496241"
"Stephen John Robinson"	"STEPHEN JOHN ROBINSON"	"secretary"	"ASSURED SAMPLING (UK) LIMITED"	4496241	"gb"	"https://opencorporates.com/companies/gb/04496241"
"Stephen John Robinson"	"STEPHEN JOHN ROBINSON"	"director"	"PODIO LIMITED"	5846246	"gb"	"https://opencorporates.com/companies/gb/05846246"
"Stephen John Robinson"	"STEPHEN JOHN ROBINSON"	"director"	"NTP TOOLS LIMITED"	851540	"gb"	"https://opencorporates.com/companies/gb/00851540"
"Stephen John Robinson"	"STEPHEN JOHN ROBINSON"	"director"	"DRYING REPAIR SOLUTIONS LIMITED"	5940235	"gb"	"https://opencorporates.com/companies/gb/05940235"
"Stephen John Robinson"	"STEPHEN JOHN ROBINSON"	"director"	"STEPHEN ROBINSON SERVICES LIMITED"	5703909	"gb"	"https://opencorporates.com/companies/gb/05703909"
"Stephen John Robinson"	"STEPHEN JOHN ROBINSON"	"secretary"	"S.R.S. (MANAGEMENT SERVICES) LIMITED"	5517132	"gb"	"https://opencorporates.com/companies/gb/05517132"
"Stephen John Robinson"	"STEPHEN JOHN ROBINSON"	"director"	"S&N PROPERTY SERVICES LTD"	7656676	"gb"	"https://opencorporates.com/companies/gb/07656676"
"Michael Andrew Green"	"ANDREW MICHAEL GREEN"	"secretary"	"IDEALMAST LIMITED"	3155410	"gb"	"https://opencorporates.com/companies/gb/03155410"
"Michael Andrew Green"	"ANDREW MICHAEL GREEN"	"director"	"IDEALMAST LIMITED"	3155410	"gb"	"https://opencorporates.com/companies/gb/03155410"
"Michael Andrew Green"	"ANDREW MICHAEL GREEN"	"director"	"BALETECH LIMITED"	"SC122687"	"gb"	"https://opencorporates.com/companies/gb/SC122687"
"Michael Andrew Green"	"ANDREW MICHAEL GREEN"	"director"	"ASIAN BOOKS EUROPE LIMITED"	3543638	"gb"	"https://opencorporates.com/companies/gb/03543638"
"Michael Andrew Green"	"ANDREW MICHAEL GREEN"	"secretary"	"PRECIOUS MOMENTS (UK) LIMITED"	6949332	"gb"	"https://opencorporates.com/companies/gb/06949332"
"Michael Andrew Green"	"ANDREW MICHAEL GREEN"	"director"	"PRECIOUS MOMENTS (UK) LIMITED"	6949332	"gb"	"https://opencorporates.com/companies/gb/06949332"
"Michael Andrew Green"	"ANDREW MICHAEL GREEN"	"director"	"COMMUNICATION ID LIMITED"	5308922	"gb"	"https://opencorporates.com/companies/gb/05308922"
"Michael Andrew Green"	"ANDREW MICHAEL GREEN"	"director"	"RETFORD MASONIC HALL LIMITED"	733453	"gb"	"https://opencorporates.com/companies/gb/00733453"
"Michael Andrew Green"	"ANDREW MICHAEL GREEN"	"secretary"	"BISHOP'S STORTFORD LEISURE LIMITED"	3100109	"gb"	"https://opencorporates.com/companies/gb/03100109"
"Michael Andrew Green"	"ANDREW MICHAEL GREEN"	"director"	"BISHOP'S STORTFORD LEISURE LIMITED"	3100109	"gb"	"https://opencorporates.com/companies/gb/03100109"
"Michael Andrew Green"	"ANDREW MICHAEL GREEN"	"director"	"FUELSHIP LIMITED"	2234458	"gb"	"https://opencorporates.com/companies/gb/02234458"
"Michael Andrew Green"	"ANDREW MICHAEL GREEN"	"director"	"GREEN-LAM CONSULTING LIMITED"	7678109	"gb"	"https://opencorporates.com/companies/gb/07678109"
"Michael Andrew Green"	"ANDREW MICHAEL GREEN"	"director"	"CHINESE WELLBEING TRADING SERVICES LIMITED"	8612445	"gb"	"https://opencorporates.com/companies/gb/08612445"
"Michael Andrew Green"	"ANDREW MICHAEL GREEN"	"secretary"	"GREEN ALUMINIUM LIMITED"	4565385	"gb"	"https://opencorporates.com/companies/gb/04565385"
"Michael Andrew Green"	"ANDREW MICHAEL GREEN"	"director"	"MERSEYSIDE CHINESE COMMUNITY DEVELOPMENT ASSOCIATION"	2446695	"gb"	"https://opencorporates.com/companies/gb/02446695"
"Michael Andrew Green"	"ANDREW MICHAEL GREEN"	"director"	"CHESHIRE PHOENIX BASKETBALL CLUB COMMUNITY INTEREST COMPANY"	8301934	"gb"	"https://opencorporates.com/companies/gb/08301934"
"Michael Andrew Green"	"ANDREW MICHAEL GREEN"	"secretary"	"KELLETT ROAD PROPERTY MANAGEMENT COMPANY LIMITED"	2671385	"gb"	"https://opencorporates.com/companies/gb/02671385"
"Michael Andrew Green"	"ANDREW MICHAEL GREEN"	"director"	"KELLETT ROAD PROPERTY MANAGEMENT COMPANY LIMITED"	2671385	"gb"	"https://opencorporates.com/companies/gb/02671385"
"Michael Andrew Green"	"ANDREW MICHAEL GREEN"	"secretary"	"RETFORD MASONIC HALL LIMITED"	733453	"gb"	"https://opencorporates.com/companies/gb/00733453"
"Michael Andrew Green"	"ANDREW MICHAEL GREEN"	"director"	"GREEN A R LIMITED"	"SC202101"	"gb"	"https://opencorporates.com/companies/gb/SC202101"
"Michael Andrew Green"	"ANDREW MICHAEL GREEN"	"director"	"LEISTON HALL MANAGEMENT COMPANY LIMITED"	4736489	"gb"	"https://opencorporates.com/companies/gb/04736489"
"Michael Andrew Green"	"ANDREW MICHAEL GREEN"	"secretary"	"NUMBER TEN GROUP LIMITED"	2978673	"gb"	"https://opencorporates.com/companies/gb/02978673"
"Michael Andrew Green"	"ANDREW MICHAEL GREEN"	"director"	"NUMBER TEN GROUP LIMITED"	2978673	"gb"	"https://opencorporates.com/companies/gb/02978673"
"Michael Andrew Green"	"ANDREW MICHAEL GREEN"	"director"	"THE LIVERPOOL AND MANCHESTER DESIGN INITIATIVE LTD"	2900455	"gb"	"https://opencorporates.com/companies/gb/02900455"
"Michael Andrew Green"	"ANDREW MICHAEL LESLIE GREEN"	"director"	"ANDREW GREEN PEST CONTROL LIMITED"	4489511	"gb"	"https://opencorporates.com/companies/gb/04489511"
"Michael Andrew Green"	"ANDREW MICHAEL LESLIE GREEN"	"director"	"VERMATECH PEST CONTROL LIMITED"	4625484	"gb"	"https://opencorporates.com/companies/gb/04625484"
"Michael Andrew Green"	"ANDREW MICHAEL WALTER GREEN"	"director"	"GATHERING THE JEWELS LIMITED"	4274057	"gb"	"https://opencorporates.com/companies/gb/04274057"
"Michael Andrew Green"	"ANDREW MICHAEL WALTER GREEN"	"director"	"Y COLEG CYMRAEG CENEDLAETHOL"	7550507	"gb"	"https://opencorporates.com/companies/gb/07550507"
"Linda Jack"	"IRMGARD LINDA JACK"	"secretary"	"EPICUREAN INTERNATIONAL LTD"	6387171	"gb"	"https://opencorporates.com/companies/gb/06387171"
"Linda Jack"	"LINDA ANNE JACK"	"director"	"THE BEDFORD AND DISTRICT CITIZENS ADVICE BUREAU"	5190146	"gb"	"https://opencorporates.com/companies/gb/05190146"
"Linda Jack"	"LINDA ANNE MCIVER JACK"	"secretary"	"ARC ATTACK (SCOTLAND) LTD."	"SC190999"	"gb"	"https://opencorporates.com/companies/gb/SC190999"
"Linda Jack"	"LINDA JACK"	"director"	"GOODTREAD TYRE COMPANY(EVANTON)LIMITED"	"SC061135"	"gb"	"https://opencorporates.com/companies/gb/SC061135"
"Linda Jack"	"LINDA JACK"	"director"	"ACTION TO REGENERATE COMMUNITY TRUST LTD"	7736174	"gb"	"https://opencorporates.com/companies/gb/07736174"
"Hugh Martin James Annand"						
"Brian Denny"	"BRIAN DENNY"	"director"	"HOWDENBECK SOLUTIONS LIMITED"	3242342	"gb"	"https://opencorporates.com/companies/gb/03242342"
"Brian Denny"	"BRIAN DENNY"	"director"	"RIVERVIEW INTERNATIONAL GROUP, INC."	"FC022306"	"gb"	"https://opencorporates.com/companies/gb/FC022306"
"Brian Denny"	"BRIAN DENNY PIGGOTT"	"director"	"CUDHAM INDUSTRIAL LIMITED"	4521466	"gb"	"https://opencorporates.com/companies/gb/04521466"
"Brian Denny"	"BRIAN DENNY PIGGOTT"	"director"	"FAIRTROUGH CARPENTRY LIMITED"	2559328	"gb"	"https://opencorporates.com/companies/gb/02559328"
"Brian Denny"	"BRIAN DENNY-CONWAY"	"director"	"ALEXFLEX LIMITED"	3052103	"gb"	"https://opencorporates.com/companies/gb/03052103"
"Brian Denny"	"BRIAN FRANCIS DENNY"	"director"	"CEDAR COURT (SOHAM) MANAGEMENT COMPANY LIMITED"	2279704	"gb"	"https://opencorporates.com/companies/gb/02279704"
"Brian Denny"	"BRIAN FRANCIS DENNY"	"director"	"CEDAR COURT (SOHAM) MANAGEMENT COMPANY LIMITED"	2279704	"gb"	"https://opencorporates.com/companies/gb/02279704"
"Brian Denny"	"BRIAN WILLIAM DENNY"	"secretary"	"NORTHAMPTONSHIRE IRONSTONE RAILWAY TRUST LIMITED(THE)"	1190306	"gb"	"https://opencorporates.com/companies/gb/01190306"
"Brian Denny"	"BRIAN WILLIAM DENNY"	"director"	"NORTHAMPTONSHIRE IRONSTONE RAILWAY TRUST LIMITED(THE)"	1190306	"gb"	"https://opencorporates.com/companies/gb/01190306"
"Brian Denny"	"GORDON BRIAN DENNY"	"director"	"LEXIS (BIGGLESWADE) LIMITED"	8601482	"gb"	"https://opencorporates.com/companies/gb/08601482"
"Brian Denny"	"GORDON BRIAN DENNY"	"secretary"	"NORSEMAN CONSTRUCTION 2007 LIMITED"	6135873	"gb"	"https://opencorporates.com/companies/gb/06135873"
"Brian Denny"	"GORDON BRIAN DENNY"	"director"	"NORSEMAN CONSTRUCTION 2007 LIMITED"	6135873	"gb"	"https://opencorporates.com/companies/gb/06135873"
"Eleanor Mary Donne"						
"Stephen William Glennon"						
"David John Goode"	"DAVID JOHN GOODE"	"director"	"VINYL ON THE WEB LIMITED"	3493778	"gb"	"https://opencorporates.com/companies/gb/03493778"
"David John Goode"	"DAVID JOHN GOODE"	"director"	"D.J. GOODE & ASSOCIATES LIMITED"	4568964	"gb"	"https://opencorporates.com/companies/gb/04568964"
"David John Goode"	"DAVID JOHN GOODE"	"secretary"	"MIMCO (UK) LIMITED"	6570240	"gb"	"https://opencorporates.com/companies/gb/06570240"
"David John Goode"	"DAVID JOHN GOODE"	"secretary"	"LOAVES & FISHES OF WOODBRIDGE LIMITED"	5798401	"gb"	"https://opencorporates.com/companies/gb/05798401"
"David John Goode"	"DAVID JOHN GOODE"	"director"	"LOAVES & FISHES OF WOODBRIDGE LIMITED"	5798401	"gb"	"https://opencorporates.com/companies/gb/05798401"
"David John Goode"	"DAVID JOHN GOODE"	"director"	"DJG FORKLIFT SERVICES LTD"	7845464	"gb"	"https://opencorporates.com/companies/gb/07845464"
"David John Goode"	"DAVID JOHN GOODE"	"director"	"COMBLAST LIMITED"	8000843	"gb"	"https://opencorporates.com/companies/gb/08000843"
"David John Goode"	"DAVID JOHN GOODE"	"director"	"DGA TESTING SERVICES LIMITED"	5033325	"gb"	"https://opencorporates.com/companies/gb/05033325"
"David John Goode"	"JOHN DAVID GOODE"	"director"	"BEVERLEY FRIARY PRESERVATION TRUSTEE LIMITED"	5126417	"gb"	"https://opencorporates.com/companies/gb/05126417"
"David John Goode"	"JOHN DAVID GOODE"	"director"	"SOUTHDOWN SHEEP SOCIETY(THE)"	35585	"gb"	"https://opencorporates.com/companies/gb/00035585"
"Leonardo Impett"	"LEONARDO IMPETT"	"director"	"ABII LTD."	8701058	"gb"	"https://opencorporates.com/companies/gb/08701058"
"Teresa Mary MacKay"	"TERESA MARY MACKAY"	"director"	"PESTICIDE ACTION NETWORK UK"	2036915	"gb"	"https://opencorporates.com/companies/gb/02036915"
"Emily Thompson-Golding"	"EMILY CHRISTINA THOMPSON"	"director"	"DCSL MANAGEMENT LIMITED"	8730338	"gb"	"https://opencorporates.com/companies/gb/08730338"
"Emily Thompson-Golding"	"EMILY CHRISTINA THOMPSON"	"secretary"	"DCSL SOFTWARE LIMITED"	4126477	"gb"	"https://opencorporates.com/companies/gb/04126477"
"Emily Thompson-Golding"	"EMILY ELIZABETH THOMPSON"	"secretary"	"RDJ OFFICE SERVICES LIMITED"	6476382	"gb"	"https://opencorporates.com/companies/gb/06476382"
"Emily Thompson-Golding"	"EMILY FRANCES CHARLOTTE THOMPSON"	"secretary"	"CALTHWAITE NURSERY"	5261501	"gb"	"https://opencorporates.com/companies/gb/05261501"
"Emily Thompson-Golding"	"EMILY FRANCES CHARLOTTE THOMPSON"	"director"	"LIVING CONTINUITY LTD"	6561448	"gb"	"https://opencorporates.com/companies/gb/06561448"
"Emily Thompson-Golding"	"EMILY JAYNE THOMPSON"	"secretary"	"CITY ELITE RECRUITMENT LTD"	7840592	"gb"	"https://opencorporates.com/companies/gb/07840592"
"Emily Thompson-Golding"	"EMILY JAYNE THOMPSON"	"director"	"CITY ELITE RECRUITMENT LTD"	7840592	"gb"	"https://opencorporates.com/companies/gb/07840592"
"Emily Thompson-Golding"	"EMILY JAYNE THOMPSON"	"director"	"CITY ELITE INDUSTRIAL RECRUITMENT LTD"	8261814	"gb"	"https://opencorporates.com/companies/gb/08261814"
"Emily Thompson-Golding"	"EMILY LEDINGHAM THOMPSON"	"secretary"	"MARTIN THOMPSON LTD"	"SC239905"	"gb"	"https://opencorporates.com/companies/gb/SC239905"
"Emily Thompson-Golding"	"EMILY LOUISE THOMPSON"	"director"	"J.W. THOMPSON (SCRAP HANDLING) LIMITED"	2575102	"gb"	"https://opencorporates.com/companies/gb/02575102"
"Emily Thompson-Golding"	"EMILY LOUISE THOMPSON"	"director"	"FLORIDA SUPREME VILLA RENTALS (NORTHERN) LIMITED"	5521398	"gb"	"https://opencorporates.com/companies/gb/05521398"
"Emily Thompson-Golding"	"EMILY REBECCA LAURA THOMPSON"	"director"	"PEEPOC LTD"	8732278	"gb"	"https://opencorporates.com/companies/gb/08732278"
"Emily Thompson-Golding"	"EMILY REBECCA LAURA THOMPSON"	"director"	"PARKHOUSE MOTOR COMPANY LIMITED"	2194605	"gb"	"https://opencorporates.com/companies/gb/02194605"
"Emily Thompson-Golding"	"EMILY THOMPSON"	"director"	"MEADOWBANK CONSTRUCTION (SUSSEX) LIMITED"	7594404	"gb"	"https://opencorporates.com/companies/gb/07594404"
"Emily Thompson-Golding"	"EMILY THOMPSON"	"director"	"LITTLE RAGLAN AND PURL LTD"	8530668	"gb"	"https://opencorporates.com/companies/gb/08530668"
"Emily Thompson-Golding"	"EMILY THOMPSON"	"secretary"	"CARPENTRY CONNECT LIMITED"	6660963	"gb"	"https://opencorporates.com/companies/gb/06660963"
"Emily Thompson-Golding"	"EMILY VICTORIA THOMPSON"	"director"	"TWENTYFOUR CONSULTING LIMITED"	7609185	"gb"	"https://opencorporates.com/companies/gb/07609185"
"Emily Thompson-Golding"	"JOANNE EMILY THOMPSON"	"director"	"ST GEORGE'S CHURCH OF ENGLAND ACADEMY"	7984221	"gb"	"https://opencorporates.com/companies/gb/07984221"
"Emily Thompson-Golding"	"LARISSA EMILY THOMPSON"	"director"	"KINGSTON CLOSE LIMITED"	3566793	"gb"	"https://opencorporates.com/companies/gb/03566793"
"Emily Thompson-Golding"	"LAURA EMILY JANE THOMPSON"	"director"	"ABBEY HOUSE (POYNTON) MANAGEMENT COMPANY LIMITED"	4623058	"gb"	"https://opencorporates.com/companies/gb/04623058"
"Emily Thompson-Golding"	"LAURA EMILY JANE THOMPSON"	"secretary"	"ABBEY HOUSE (POYNTON) MANAGEMENT COMPANY LIMITED"	4623058	"gb"	"https://opencorporates.com/companies/gb/04623058"
"Emily Thompson-Golding"	"LYNDA EMILY THOMPSON"	"secretary"	"E.R.T. PROPERTIES LIMITED"	"NI064034"	"gb"	"https://opencorporates.com/companies/gb/NI064034"
"Emily Thompson-Golding"	"MARIANNE EMILY THOMPSON"	"director"	"JE SWING LIMITED"	3114082	"gb"	"https://opencorporates.com/companies/gb/03114082"
"Emily Thompson-Golding"	"MARIANNE EMILY THOMPSON"	"secretary"	"JE SWING LIMITED"	3114082	"gb"	"https://opencorporates.com/companies/gb/03114082"
"Emily Thompson-Golding"	"SIOBHAN EMILY THOMPSON"	"director"	"SIOBHAN THOMPSON SERVICES LIMITED"	7331061	"gb"	"https://opencorporates.com/companies/gb/07331061"
"Patrick James O'Flynn"						
"Stuart Agnew"	"STUART AGNEW"	"director"	"AGNEW PROPERTY CONSULTANTS LIMITED"	"SC409237"	"gb"	"https://opencorporates.com/companies/gb/SC409237"
"Stuart Agnew"	"STUART JOHN AGNEW"	"director"	"DTZ (NORTHERN IRELAND) LIMITED"	2401055	"gb"	"https://opencorporates.com/companies/gb/02401055"
"Stuart Agnew"	"STUART JOSEPH AGNEW"	"director"	"V & S AGNEW LTD"	"SC249858"	"gb"	"https://opencorporates.com/companies/gb/SC249858"
"Tim Mark Aker"						
"Michael Heaver"	"MICHAEL JOHN HEAVER"	"director"	"FLOYD FILM PRODUCTIONS LIMITED"	4413065	"gb"	"https://opencorporates.com/companies/gb/04413065"
"Mick McGough"						
"Andy Monk"	"ANDY JAMES MONK"	"secretary"	"CIRE PERDUE (UK) LTD"	4648603	"gb"	"https://opencorporates.com/companies/gb/04648603"
"Mark James Hughes"	"MARK JAMES HUGHES"	"secretary"	"RENOCOURT LIMITED"	1456975	"gb"	"https://opencorporates.com/companies/gb/01456975"
"Mark James Hughes"	"MARK JAMES HUGHES"	"director"	"HOMEWORKS (BUILDERS) LIMITED"	3498967	"gb"	"https://opencorporates.com/companies/gb/03498967"
"Mark James Hughes"	"MARK JAMES HUGHES"	"secretary"	"OPERATING COST UK LIMITED"	5682398	"gb"	"https://opencorporates.com/companies/gb/05682398"
"Mark James Hughes"	"MARK JAMES HUGHES"	"director"	"OPERATING COST UK LIMITED"	5682398	"gb"	"https://opencorporates.com/companies/gb/05682398"
"Mark James Hughes"	"MARK JAMES HUGHES"	"director"	"US INVESTMENT PROPERTIES LIMITED"	6692462	"gb"	"https://opencorporates.com/companies/gb/06692462"
"Mark James Hughes"	"MARK JAMES HUGHES"	"director"	"GARDFINE LIMITED"	2580656	"gb"	"https://opencorporates.com/companies/gb/02580656"
"Mark James Hughes"	"MARK JAMES HUGHES"	"director"	"MARK HUGHES & ASSOCIATES LIMITED"	4033072	"gb"	"https://opencorporates.com/companies/gb/04033072"
"Mark James Hughes"	"MARK JAMES HUGHES"	"director"	"LIGHTNING SKILLS LIMITED"	2551964	"gb"	"https://opencorporates.com/companies/gb/02551964"
"Mark James Hughes"	"MARK JAMES HUGHES"	"director"	"FASTRACK DISCOUNTED PROPERTY AUCTIONS LIMITED"	6633780	"gb"	"https://opencorporates.com/companies/gb/06633780"
"Mark James Hughes"	"MARK JAMES HUGHES"	"secretary"	"HUGHES ASSET MANAGEMENT LIMITED"	3693684	"gb"	"https://opencorporates.com/companies/gb/03693684"
"Mark James Hughes"	"MARK JAMES HUGHES"	"director"	"MODEMIX LIMITED"	2892829	"gb"	"https://opencorporates.com/companies/gb/02892829"
"Mark James Hughes"	"MARK JAMES HUGHES"	"secretary"	"HOMEWORKS (BUILDERS) LIMITED"	3498967	"gb"	"https://opencorporates.com/companies/gb/03498967"
"Mark James Hughes"	"MARK JAMES HUGHES"	"director"	"BIC ALARMS PUBLIC LIMITED COMPANY"	2535640	"gb"	"https://opencorporates.com/companies/gb/02535640"
"Mark James Hughes"	"MARK JAMES HUGHES"	"secretary"	"HOMES ABROAD (UK) LIMITED"	4093711	"gb"	"https://opencorporates.com/companies/gb/04093711"
"Mark James Hughes"	"MARK JAMES HUGHES"	"director"	"HOMES ABROAD (UK) LIMITED"	4093711	"gb"	"https://opencorporates.com/companies/gb/04093711"
"Mark James Hughes"	"MARK JAMES HUGHES"	"director"	"CHERITON COURT RESIDENTS ASSOCIATION LIMITED"	1602410	"gb"	"https://opencorporates.com/companies/gb/01602410"
"Mark James Hughes"	"MARK JAMES HUGHES"	"director"	"GRASSHOOD LIMITED"	5907293	"gb"	"https://opencorporates.com/companies/gb/05907293"
"Mark James Hughes"	"MARK JAMES HUGHES"	"secretary"	"PROPERTY KEYSOL LIMITED"	4664536	"gb"	"https://opencorporates.com/companies/gb/04664536"
