Britain First,scotland,James Dowson,GLENN NEVILLE JAMES DOWSON,director,DS22 LIMITED,06868950,gb,https://opencorporates.com/companies/gb/06868950
Britain First,scotland,James Dowson,JAMES ALEXANDER DOWSON,director,DELTINDI LIMITED,04327788,gb,https://opencorporates.com/companies/gb/04327788
Britain First,scotland,James Dowson,JAMES ALEXANDER DOWSON,secretary,UPDATE CRM LIMITED,04677238,gb,https://opencorporates.com/companies/gb/04677238
Britain First,scotland,James Dowson,JAMES ALEXANDER DOWSON,director,DELTA INDIGO LIMITED,07393356,gb,https://opencorporates.com/companies/gb/07393356
Britain First,scotland,James Dowson,JAMES ALEXANDER DOWSON,secretary,DELTINDI LIMITED,04327788,gb,https://opencorporates.com/companies/gb/04327788
Britain First,scotland,James Dowson,JAMES ALEXANDER DOWSON,director,UPDATE CRM LIMITED,04677238,gb,https://opencorporates.com/companies/gb/04677238
Britain First,scotland,James Dowson,JAMES DOWSON,director,UK LIFELEAGUE LIMITED,SC215157,gb,https://opencorporates.com/companies/gb/SC215157
Britain First,scotland,James Dowson,JAMES DOWSON,director,ALBION LOGISTICAL SOLUTIONS LTD,06818109,gb,https://opencorporates.com/companies/gb/06818109
Britain First,scotland,James Dowson,JAMES DOWSON,director,ULTRAPLUMB.COM LTD,SC330270,gb,https://opencorporates.com/companies/gb/SC330270
Britain First,scotland,James Dowson,JAMES DOWSON,director,THE PARENT TRUTH CAMPAIGN LIMITED,SC215158,gb,https://opencorporates.com/companies/gb/SC215158
Britain First,scotland,James Dowson,JAMES DOWSON,secretary,PRECIOUS LIFE UK LIMITED,04138498,gb,https://opencorporates.com/companies/gb/04138498
Britain First,scotland,James Dowson,JAMES DOWSON,director,ADLORRIES.COM LTD,05252056,gb,https://opencorporates.com/companies/gb/05252056
Britain First,scotland,James Dowson,JAMES DOWSON,director,PORTLAND MEWS MANAGEMENT LIMITED,02181275,gb,https://opencorporates.com/companies/gb/02181275
Britain First,scotland,James Dowson,JAMES HAMISH DOWSON,secretary,BALLYHOO TOYS LIMITED,06797606,gb,https://opencorporates.com/companies/gb/06797606
Britain First,scotland,James Dowson,JAMES HAMISH DOWSON,secretary,EAST HERTS CITIZENS ADVICE SERVICE,03982216,gb,https://opencorporates.com/companies/gb/03982216
Britain First,scotland,James Dowson,JAMES HAMISH DOWSON,llp designated member,STANLEY TEE LLP,OC327874,gb,https://opencorporates.com/companies/gb/OC327874
Britain First,scotland,James Dowson,JAMES JUNIOR DOWSON,director,COPELAND MARKETING LTD,NI610866,gb,https://opencorporates.com/companies/gb/NI610866
Britain First,scotland,James Dowson,JAMES POLLOCK DOWSON,director,SHIPOWNERS' PROTECTION LIMITED(THE),02067444,gb,https://opencorporates.com/companies/gb/02067444
Britain First,scotland,James Dowson,JAMES SAMUEL DOWSON DIGGINS,director,VALLEY MILL CATERING LIMITED,07379115,gb,https://opencorporates.com/companies/gb/07379115
Britain First,scotland,James Dowson,JAMES STANLEY DOWSON,director,NATIONWIDE TRAINING LIMITED,02958452,gb,https://opencorporates.com/companies/gb/02958452
Britain First,scotland,James Dowson,JAMES STANLEY DOWSON,director,NATIONWIDE MANAGEMENT CONSULTANTS LIMITED,01269489,gb,https://opencorporates.com/companies/gb/01269489
Britain First,scotland,James Dowson,MARK JAMES DOWSON,director,UNIVERSAL HOSPITALITY LIMITED,04433199,gb,https://opencorporates.com/companies/gb/04433199
Britain First,scotland,James Dowson,PETER JAMES DOWSON,director,STONSEAL LIMITED,01268779,gb,https://opencorporates.com/companies/gb/01268779
Britain First,scotland,James Dowson,SIMON JAMES DOWSON,director,HOWELL'S PROPERTY AGENCY LIMITED,02723062,gb,https://opencorporates.com/companies/gb/02723062
Britain First,scotland,James Dowson,SIMON JAMES DOWSON,director,SHREWSBURY SCHOOL DEVELOPMENT COMPANY LIMITED,05580019,gb,https://opencorporates.com/companies/gb/05580019
Britain First,scotland,James Dowson,SIMON JAMES DOWSON,secretary,SHREWSBURY SCHOOL MUSICAL ACTIVITIES,02185270,gb,https://opencorporates.com/companies/gb/02185270
Britain First,scotland,James Dowson,SIMON JAMES DOWSON,director,SHREWSBURY SCHOOL MUSICAL ACTIVITIES,02185270,gb,https://opencorporates.com/companies/gb/02185270
Britain First,scotland,James Dowson,SIMON JAMES DOWSON,secretary,SHREWSBURY SCHOOL ENTERPRISES LIMITED,04535585,gb,https://opencorporates.com/companies/gb/04535585
Britain First,scotland,James Dowson,SIMON JAMES DOWSON,director,SHREWSBURY SCHOOL ENTERPRISES LIMITED,04535585,gb,https://opencorporates.com/companies/gb/04535585
Britain First,scotland,James Dowson,SIMON JAMES DOWSON,secretary,HOWELL'S PROPERTY AGENCY LIMITED,02723062,gb,https://opencorporates.com/companies/gb/02723062
Britain First,scotland,John Arthur Randall,ARTHUR JOHN RANDALL,director,KIROLITE LIMITED,07185440,gb,https://opencorporates.com/companies/gb/07185440
Britain First,scotland,John Arthur Randall,JOHN ARTHUR RANDALL,director,RANDALL CERAMICS LIMITED,03559115,gb,https://opencorporates.com/companies/gb/03559115
Britain First,scotland,John Arthur Randall,JOHN ARTHUR RANDALL,director,DUNSTER BEACH HOLIDAYS LIMITED,00852705,gb,https://opencorporates.com/companies/gb/00852705
Britain First,scotland,John Arthur Randall,JOHN RANDALL ARTHUR,director,JRA ASSOCIATES LTD.,07879523,gb,https://opencorporates.com/companies/gb/07879523
Britain First,scotland,Jayda Kaleigh Fransen,"","","","","",""
Britain First,scotland,Geoffrey Clynch,"","","","","",""
Britain First,scotland,Margaret Dorothy Clynch,"","","","","",""
Britain First,scotland,Jane Susan Shepherd,JANE SUSAN SHEPHERD,director,A J TIPPERS LIMITED,05234043,gb,https://opencorporates.com/companies/gb/05234043
Britain First,scotland,Jane Susan Shepherd,SUSAN JANE SHEPHERD,secretary,INTECH DEVELOPMENTS LIMITED,02584263,gb,https://opencorporates.com/companies/gb/02584263
Britain First,scotland,Jane Susan Shepherd,SUSAN JANE SHEPHERD,director,MALTBY LEARNING TRUST,07033915,gb,https://opencorporates.com/companies/gb/07033915
Britain First,scotland,Jane Susan Shepherd,SUSAN JANE SHEPHERD,director,SCTS LIMITED,05415523,gb,https://opencorporates.com/companies/gb/05415523
British National Party,scotland,Kenneth McDonald,DAVID KENNETH MCDONALD,secretary,D.K. MCDONALD (TROON) LIMITED,SC051999,gb,https://opencorporates.com/companies/gb/SC051999
British National Party,scotland,Kenneth McDonald,DAVID KENNETH MCDONALD,director,D.K. MCDONALD (TROON) LIMITED,SC051999,gb,https://opencorporates.com/companies/gb/SC051999
British National Party,scotland,Kenneth McDonald,DAVID KENNETH MCDONALD,director,ECON RENT-A-CAR (STRATHCLYDE) LIMITED,SC061591,gb,https://opencorporates.com/companies/gb/SC061591
British National Party,scotland,Kenneth McDonald,JAMES KENNETH MCDONALD,director,SYNERGEERING LIMITED,SC125667,gb,https://opencorporates.com/companies/gb/SC125667
British National Party,scotland,Kenneth McDonald,KENNETH ALAN ROBERT MCDONALD,director,ORANGE INNS LTD,05942063,gb,https://opencorporates.com/companies/gb/05942063
British National Party,scotland,Kenneth McDonald,KENNETH BERNARD MCDONALD,secretary,MALBERN PROPERTY HOLDINGS LIMITED,01237553,gb,https://opencorporates.com/companies/gb/01237553
British National Party,scotland,Kenneth McDonald,KENNETH BERNARD MCDONALD,director,MALBERN PROPERTY HOLDINGS LIMITED,01237553,gb,https://opencorporates.com/companies/gb/01237553
British National Party,scotland,Kenneth McDonald,KENNETH BERNARD MCDONALD,director,TAXMERE FARM MANAGEMENT LIMITED,06636484,gb,https://opencorporates.com/companies/gb/06636484
British National Party,scotland,Kenneth McDonald,KENNETH BERNARD MCDONALD,director,DORCHESTER PROPERTIES LIMITED,02207624,gb,https://opencorporates.com/companies/gb/02207624
British National Party,scotland,Kenneth McDonald,KENNETH BERNARD MCDONALD,director,MALBERN CONSTRUCTION LIMITED,01463725,gb,https://opencorporates.com/companies/gb/01463725
British National Party,scotland,Kenneth McDonald,KENNETH BERNARD MCDONALD,secretary,MALBERN CONSTRUCTION LIMITED,01463725,gb,https://opencorporates.com/companies/gb/01463725
British National Party,scotland,Kenneth McDonald,KENNETH BERNARD MCDONALD,director,TANPOST LIMITED,01844757,gb,https://opencorporates.com/companies/gb/01844757
British National Party,scotland,Kenneth McDonald,KENNETH BERNARD MCDONALD,director,LANE ACRES FARM MANAGEMENT COMPANY LIMITED,05168256,gb,https://opencorporates.com/companies/gb/05168256
British National Party,scotland,Kenneth McDonald,KENNETH BERNARD MCDONALD,director,THE TOWERS YARD FARM MANAGEMENT COMPANY LIMITED,05253504,gb,https://opencorporates.com/companies/gb/05253504
British National Party,scotland,Kenneth McDonald,KENNETH DANIEL MCDONALD,director,PRESTIGE PAVING SCOTLAND LTD.,SC221346,gb,https://opencorporates.com/companies/gb/SC221346
British National Party,scotland,Kenneth McDonald,KENNETH DANIEL MCDONALD,director,AIELRO LTD,SC229030,gb,https://opencorporates.com/companies/gb/SC229030
British National Party,scotland,Kenneth McDonald,KENNETH DANIEL MCDONALD,director,STREPCO LTD,SC219536,gb,https://opencorporates.com/companies/gb/SC219536
British National Party,scotland,Kenneth McDonald,KENNETH DANIEL MCDONALD,director,PRESTIGE ROOFLINE LIMITED,SC231289,gb,https://opencorporates.com/companies/gb/SC231289
British National Party,scotland,Kenneth McDonald,KENNETH EARL MCDONALD,director,HOWARDS CLEANING SERVICES LIMITED,04460306,gb,https://opencorporates.com/companies/gb/04460306
British National Party,scotland,Kenneth McDonald,KENNETH GEORGE MCDONALD,director,TARTAN COMPUTER CONSULTANCY LIMITED,03151337,gb,https://opencorporates.com/companies/gb/03151337
British National Party,scotland,Kenneth McDonald,KENNETH GEORGE MCDONALD SOUTER,director,CBA QS LONDON LIMITED,03384340,gb,https://opencorporates.com/companies/gb/03384340
British National Party,scotland,Kenneth McDonald,KENNETH GEORGE MCDONALD SOUTER,director,CBA QS MANAGEMENT LIMITED,SC227038,gb,https://opencorporates.com/companies/gb/SC227038
British National Party,scotland,Kenneth McDonald,KENNETH GRAHAM MCDONALD,secretary,THE RELATIONAL CONSULTANCY UK LIMITED,02736163,gb,https://opencorporates.com/companies/gb/02736163
British National Party,scotland,Kenneth McDonald,KENNETH IAN MCDONALD AMNER,director,MARBLEHEAD BRAND DEVELOPMENT LIMITED,SC054465,gb,https://opencorporates.com/companies/gb/SC054465
British National Party,scotland,Kenneth McDonald,KENNETH ILKKA MCDONALD,director,KEN THE PLUMBER LTD,07647061,gb,https://opencorporates.com/companies/gb/07647061
British National Party,scotland,Kenneth McDonald,KENNETH JOHN MCDONALD,director,SR HOME IMPROVEMENTS LIMITED,SC170099,gb,https://opencorporates.com/companies/gb/SC170099
British National Party,scotland,Kenneth McDonald,KENNETH JOHN MCDONALD,secretary,CASHMERE CLASSICS LIMITED,SC107487,gb,https://opencorporates.com/companies/gb/SC107487
British National Party,scotland,Kenneth McDonald,KENNETH JOHN MCDONALD,director,CASHMERE CLASSICS LIMITED,SC107487,gb,https://opencorporates.com/companies/gb/SC107487
British National Party,scotland,Kenneth McDonald,KENNETH JOHN MCDONALD,secretary,"CORBEX, SCOTLAND LIMITED",SC042894,gb,https://opencorporates.com/companies/gb/SC042894
British National Party,scotland,David James Orr,DAVID JAMES MACCONNELL ORR,director,SELECTSEASON LIMITED,07356490,gb,https://opencorporates.com/companies/gb/07356490
British National Party,scotland,David James Orr,DAVID JAMES MACCONNELL ORR,director,HOTELBRANDS DIRECT LIMITED,SC205602,gb,https://opencorporates.com/companies/gb/SC205602
British National Party,scotland,David James Orr,DAVID JAMES MACCONNELL ORR,director,HOTELBRANDS.COM. LIMITED,SC205603,gb,https://opencorporates.com/companies/gb/SC205603
British National Party,scotland,David James Orr,DAVID JAMES MACCONNELL ORR,director,CITY CAFE (UK) LIMITED,SC189731,gb,https://opencorporates.com/companies/gb/SC189731
British National Party,scotland,David James Orr,DAVID JAMES MACCONNELL ORR,director,CITY CAFE (BRISTOL) LIMITED,SC189851,gb,https://opencorporates.com/companies/gb/SC189851
British National Party,scotland,David James Orr,DAVID JAMES MACCONNELL ORR,director,CITY CAFE (LONDON) LIMITED,SC192844,gb,https://opencorporates.com/companies/gb/SC192844
British National Party,scotland,David James Orr,DAVID JAMES MACCONNELL ORR,director,CITY CAFE (BIRMINGHAM) LIMITED,SC192847,gb,https://opencorporates.com/companies/gb/SC192847
British National Party,scotland,David James Orr,DAVID JAMES MACCONNELL ORR,director,CITY STOP LIMITED,SC166054,gb,https://opencorporates.com/companies/gb/SC166054
British National Party,scotland,David James Orr,DAVID JAMES MACCONNELL ORR,director,ORRMAC (NO:123) LIMITED,SC118121,gb,https://opencorporates.com/companies/gb/SC118121
British National Party,scotland,David James Orr,DAVID JAMES MACCONNELL ORR,director,PICCADILLY PARTNERSHIP (MANCHESTER) LTD,05872882,gb,https://opencorporates.com/companies/gb/05872882
British National Party,scotland,David James Orr,DAVID JAMES MACCONNELL ORR,director,CITY CAFE (SOUTH AMERICA) LIMITED,05719049,gb,https://opencorporates.com/companies/gb/05719049
British National Party,scotland,David James Orr,DAVID JAMES MACCONNELL ORR,director,CITY CAFE (AFRICA) LIMITED,05713097,gb,https://opencorporates.com/companies/gb/05713097
British National Party,scotland,David James Orr,DAVID JAMES MACCONNELL ORR,director,CITY INN (NORTH AFRICA) LIMITED,05719047,gb,https://opencorporates.com/companies/gb/05719047
British National Party,scotland,David James Orr,DAVID JAMES MACCONNELL ORR,director,CITY CAFE (SOUTH AMERICA) LIMITED,05719049,gb,https://opencorporates.com/companies/gb/05719049
British National Party,scotland,David James Orr,DAVID JAMES MACCONNELL ORR,director,CITY CAFE (NORTH AFRICA) LIMITED,05719051,gb,https://opencorporates.com/companies/gb/05719051
British National Party,scotland,David James Orr,DAVID JAMES MACCONNELL ORR,director,CITY INN (EUROPE) LIMITED,05719399,gb,https://opencorporates.com/companies/gb/05719399
British National Party,scotland,David James Orr,DAVID JAMES MACCONNELL ORR,director,CITY INN (ASIA PACIFIC) LIMITED,05719401,gb,https://opencorporates.com/companies/gb/05719401
British National Party,scotland,David James Orr,DAVID JAMES MACCONNELL ORR,director,CITY CAFE (INDIA) LIMITED,05719406,gb,https://opencorporates.com/companies/gb/05719406
British National Party,scotland,David James Orr,DAVID JAMES MACCONNELL ORR,director,CITY INN (AFRICA) LIMITED,05719437,gb,https://opencorporates.com/companies/gb/05719437
British National Party,scotland,David James Orr,DAVID JAMES MACCONNELL ORR,director,CITY CAFE (EUROPE) LIMITED,05719448,gb,https://opencorporates.com/companies/gb/05719448
British National Party,scotland,David James Orr,DAVID JAMES MACCONNELL ORR,director,MINT CITY CENTRE HOTEL GROUP LIMITED,07464278,gb,https://opencorporates.com/companies/gb/07464278
British National Party,scotland,David James Orr,DAVID JAMES MACCONNELL ORR,director,SPARKS EVENTS LIMITED,06950898,gb,https://opencorporates.com/companies/gb/06950898
British National Party,scotland,David James Orr,DAVID JAMES MACCONNELL ORR,director,GLASGOW SCIENCE CENTRE LIMITED,SC184352,gb,https://opencorporates.com/companies/gb/SC184352
British National Party,scotland,David James Orr,DAVID JAMES MACCONNELL ORR,director,GLASGOW SCIENCE CENTRE (TRADING) LIMITED,SC210177,gb,https://opencorporates.com/companies/gb/SC210177
British National Party,scotland,David James Orr,DAVID JAMES MACCONNELL ORR,director,CITY INN LIMITED,SC158880,gb,https://opencorporates.com/companies/gb/SC158880
British National Party,scotland,David James Orr,DAVID JAMES MACCONNELL ORR,director,SPARKS CHARITY,02634037,gb,https://opencorporates.com/companies/gb/02634037
British National Party,scotland,David James Orr,DAVID JAMES MACCONNELL ORR,director,URBANIST HOTELS LTD.,SC299388,gb,https://opencorporates.com/companies/gb/SC299388
British National Party,scotland,David James Orr,DAVID JAMES MACCONNELL ORR,director,CITY INN (SOUTH AMERICA) LIMITED,05719048,gb,https://opencorporates.com/companies/gb/05719048
British National Party,scotland,David James Orr,DAVID JAMES MACCONNELL ORR,director,MACCONNELL ORR,06990279,gb,https://opencorporates.com/companies/gb/06990279
British National Party,scotland,David James Orr,DAVID JAMES MACCONNELL ORR,director,CITY INN (INDIA) LIMITED,05719412,gb,https://opencorporates.com/companies/gb/05719412
British National Party,scotland,Victoria McKenzie,AMELIA VICTORIA MCKENZIE,director,THE SCOTTISH ALLIANCE OF REGIONAL EQUALITY COUNCILS LIMITED,SC360363,gb,https://opencorporates.com/companies/gb/SC360363
British National Party,scotland,Victoria McKenzie,AMELIA VICTORIA MCKENZIE,director,GRAMPIAN REGIONAL EQUALITY COUNCIL LTD,SC396286,gb,https://opencorporates.com/companies/gb/SC396286
British National Party,scotland,Victoria McKenzie,DOOREEN VICTORIA MCKENZIE,director,CONSORT HOLIDAYS LIMITED,NI017503,gb,https://opencorporates.com/companies/gb/NI017503
British National Party,scotland,Victoria McKenzie,DOREEN VICTORIA MCKENZIE,secretary,KNOCK TRAVEL LIMITED,NI042588,gb,https://opencorporates.com/companies/gb/NI042588
British National Party,scotland,Victoria McKenzie,DOREEN VICTORIA MCKENZIE,director,KNOCK TRAVEL LIMITED,NI042588,gb,https://opencorporates.com/companies/gb/NI042588
British National Party,scotland,Victoria McKenzie,DOREEN VICTORIA MCKENZIE,director,CORCREE ENTERPRISES LIMITED,NI028208,gb,https://opencorporates.com/companies/gb/NI028208
British National Party,scotland,Victoria McKenzie,DOREEN VICTORIA MCKENZIE,secretary,IMAGE INNOVATION SOLUTIONS LIMITED,NI060886,gb,https://opencorporates.com/companies/gb/NI060886
British National Party,scotland,Victoria McKenzie,DOREEN VICTORIA MCKENZIE,director,ABTA LIMITED,00551311,gb,https://opencorporates.com/companies/gb/00551311
British National Party,scotland,Victoria McKenzie,MARY VICTORIA MCKENZIE,secretary,W KERR LIMITED,SC240351,gb,https://opencorporates.com/companies/gb/SC240351
British National Party,scotland,Victoria McKenzie,VICTORIA ELIZABETH MCKENZIE,director,GREENFIELD COMPUTING LIMITED,SC176270,gb,https://opencorporates.com/companies/gb/SC176270
British National Party,scotland,Victoria McKenzie,VICTORIA JANE MCKENZIE,secretary,MCKENZIE LAW LIMITED,04910643,gb,https://opencorporates.com/companies/gb/04910643
British National Party,scotland,Victoria McKenzie,VICTORIA JANE MCKENZIE,director,MCKENZIE LAW LIMITED,04910643,gb,https://opencorporates.com/companies/gb/04910643
British National Party,scotland,Victoria McKenzie,VICTORIA MCKENZIE,director,VK PROPERTY LTD,06904649,gb,https://opencorporates.com/companies/gb/06904649
British National Party,scotland,Victoria McKenzie,VICTORIA MCKENZIE,director,BATH & BEYOND (UN) LIMITED,05862891,gb,https://opencorporates.com/companies/gb/05862891
British National Party,scotland,Victoria McKenzie,VICTORIA MCKENZIE,secretary,NAM ENGINEERING (UK) LIMITED,06145004,gb,https://opencorporates.com/companies/gb/06145004
British National Party,scotland,Victoria McKenzie,VICTORIA MCKENZIE,director,ITALIAN HOMES DIRECT LTD,06730163,gb,https://opencorporates.com/companies/gb/06730163
British National Party,scotland,Victoria McKenzie,VICTORIA MCKENZIE,director,THE MCKENZIE EMPIRE LTD.,05427007,gb,https://opencorporates.com/companies/gb/05427007
British National Party,scotland,Victoria McKenzie,VICTORIA MCKENZIE,director,MCKENZIE ENGINEERING (UK) LIMITED,SC321376,gb,https://opencorporates.com/companies/gb/SC321376
British National Party,scotland,Victoria McKenzie,VICTORIA MCKENZIE,secretary,MCKENZIE ENGINEERING (UK) LIMITED,SC321376,gb,https://opencorporates.com/companies/gb/SC321376
British National Party,scotland,Victoria McKenzie,VICTORIA MCKENZIE BUICK,secretary,CARDIO VITAE LIMITED,SC150903,gb,https://opencorporates.com/companies/gb/SC150903
British National Party,scotland,Victoria McKenzie,VICTORIA MCKENZIE FOULDS,director,CHARLES FOULDS & SON HOLDINGS LIMITED,07636388,gb,https://opencorporates.com/companies/gb/07636388
British National Party,scotland,Victoria McKenzie,VICTORIA MCKENZIE FOULDS,secretary,CHARLES FOULDS & SON HOLDINGS LIMITED,07636388,gb,https://opencorporates.com/companies/gb/07636388
British National Party,scotland,Victoria McKenzie,VICTORIA MCKENZIE FOULDS,secretary,DERBY MUSIC FINANCE LIMITED,01392337,gb,https://opencorporates.com/companies/gb/01392337
British National Party,scotland,Victoria McKenzie,VICTORIA MCKENZIE FOULDS,director,DERBY MUSIC FINANCE LIMITED,01392337,gb,https://opencorporates.com/companies/gb/01392337
British National Party,scotland,Victoria McKenzie,VICTORIA MCKENZIE FOULDS,secretary,CHARLES FOULDS & SON(DERBY)LIMITED,00293778,gb,https://opencorporates.com/companies/gb/00293778
British National Party,scotland,Victoria McKenzie,VICTORIA MCKENZIE FOULDS,director,CHARLES FOULDS & SON(DERBY)LIMITED,00293778,gb,https://opencorporates.com/companies/gb/00293778
British National Party,scotland,Victoria McKenzie,VICTORIA SHANAID MCKENZIE,secretary,WESTERN ROSE FILMS LTD,05307825,gb,https://opencorporates.com/companies/gb/05307825
British National Party,scotland,Victoria McKenzie,VICTORIA SHANAID MCKENZIE,director,WESTERN ROSE FILMS LTD,05307825,gb,https://opencorporates.com/companies/gb/05307825
British National Party,scotland,Victoria McKenzie,VICTORIA WATSON MCKENZIE,director,FRAILPLOT LIMITED,01648237,gb,https://opencorporates.com/companies/gb/01648237
British National Party,scotland,Angus Jim Matthys,ANGUS JIM MATTHYS,secretary,HERITAGE PROTECTION CONCERNS LTD,SC385415,gb,https://opencorporates.com/companies/gb/SC385415
British National Party,scotland,Paul Brandy Stafford,"","","","","",""
British National Party,scotland,Stacey Jayne Fleming,"","","","","",""
Conservative Party,scotland,Ian Duncan, IAN DUNCAN MENHAM,director,BELLS HILL MANAGEMENT COMPANY LIMITED,06014861,gb,https://opencorporates.com/companies/gb/06014861
Conservative Party,scotland,Ian Duncan, IAN DUNCAN MENHAM,director,SOVEREIGN FIELDS (BRACKNELL H8) MANAGEMENT COMPANY LIMITED,07011852,gb,https://opencorporates.com/companies/gb/07011852
Conservative Party,scotland,Ian Duncan,ALISTAIR IAN DUNCAN,director,H & F BADCOCK (FIBROUS MOULDINGS) LIMITED,02120336,gb,https://opencorporates.com/companies/gb/02120336
Conservative Party,scotland,Ian Duncan,ALISTAIR IAN DUNCAN,secretary,H & F BADCOCK (PLASTERING SERVICES) LIMITED,02120707,gb,https://opencorporates.com/companies/gb/02120707
Conservative Party,scotland,Ian Duncan,ALISTAIR IAN DUNCAN,secretary,H & F BADCOCK (HOLDINGS) LIMITED,01896219,gb,https://opencorporates.com/companies/gb/01896219
Conservative Party,scotland,Ian Duncan,ALISTAIR IAN DUNCAN,director,H & F BADCOCK PLASTERING SERVICES LIMITED,07264135,gb,https://opencorporates.com/companies/gb/07264135
Conservative Party,scotland,Ian Duncan,ALISTAIR IAN DUNCAN,director,H & F BADCOCK (FIBROUS & SOLID PLASTERING) LIMITED,02719775,gb,https://opencorporates.com/companies/gb/02719775
Conservative Party,scotland,Ian Duncan,ALISTAIR IAN DUNCAN,secretary,H & F BADCOCK (SMALL WORKS) LIMITED,02102485,gb,https://opencorporates.com/companies/gb/02102485
Conservative Party,scotland,Ian Duncan,ALISTAIR IAN DUNCAN,secretary,H & F BADCOCK (FIBROUS MOULDINGS) LIMITED,02120336,gb,https://opencorporates.com/companies/gb/02120336
Conservative Party,scotland,Ian Duncan,ALISTAIR IAN DUNCAN,director,H & F BADCOCK (HOLDINGS) LIMITED,01896219,gb,https://opencorporates.com/companies/gb/01896219
Conservative Party,scotland,Ian Duncan,ALISTAIR IAN DUNCAN,director,H & F BADCOCK (PLASTERING SERVICES) LIMITED,02120707,gb,https://opencorporates.com/companies/gb/02120707
Conservative Party,scotland,Ian Duncan,ALISTAIR IAN DUNCAN,secretary,H & F BADCOCK (FIBROUS & SOLID PLASTERING) LIMITED,02719775,gb,https://opencorporates.com/companies/gb/02719775
Conservative Party,scotland,Ian Duncan,ANDREW IAN DUNCAN,director,DUNCHAUL LIMITED,05998530,gb,https://opencorporates.com/companies/gb/05998530
Conservative Party,scotland,Ian Duncan,ANGUS IAN DUNCAN MACKINTOSH,secretary,SRCC (TRADING) LIMITED,03101724,gb,https://opencorporates.com/companies/gb/03101724
Conservative Party,scotland,Ian Duncan,BASIL IAN DUNCAN STRANACK,secretary,ROEDEAN SCHOOL ENTERPRISES LIMITED,02921272,gb,https://opencorporates.com/companies/gb/02921272
Conservative Party,scotland,Ian Duncan,CAMPBELL DUNCAN IAN GILMOUR,director,BURLEY WOOD MANAGEMENT COMPANY LIMITED,02833830,gb,https://opencorporates.com/companies/gb/02833830
Conservative Party,scotland,Ian Duncan,CHARLES IAN DUNCAN,director,SPRUCETECH LIMITED,SC135080,gb,https://opencorporates.com/companies/gb/SC135080
Conservative Party,scotland,Ian Duncan,CHARLES IAN DUNCAN,director,CHARLES DUNCAN LIMITED,SC115652,gb,https://opencorporates.com/companies/gb/SC115652
Conservative Party,scotland,Ian Duncan,CHARLES IAN DUNCAN,director,GRAMPIAN PETROLEUM LIMITED,SC154493,gb,https://opencorporates.com/companies/gb/SC154493
Conservative Party,scotland,Ian Duncan,CHRISTOPHER IAN DUNCAN SIMPSON,director,ABRAXYSGLOBAL LIMITED,08296870,gb,https://opencorporates.com/companies/gb/08296870
Conservative Party,scotland,Ian Duncan,CHRISTOPHER IAN DUNCAN SIMPSON,director,ABRAXYS LIMITED,05293086,gb,https://opencorporates.com/companies/gb/05293086
Conservative Party,scotland,Ian Duncan,CHRISTOPHER IAN RAMSAY DUNCAN,director,C & I DUNCAN CONSULTANTS LIMITED,05353795,gb,https://opencorporates.com/companies/gb/05353795
Conservative Party,scotland,Ian Duncan,DAVID IAN DUNCAN,director,SUPERPOWERS LIMITED,03427579,gb,https://opencorporates.com/companies/gb/03427579
Conservative Party,scotland,Ian Duncan,DAVID IAN DUNCAN THOM,director,STF INITIATIVES LIMITED,02181233,gb,https://opencorporates.com/companies/gb/02181233
Conservative Party,scotland,Ian Duncan,DAVID IAN DUNCAN THOM,director,SACKS THOM FEHLER ARCHITECTS LIMITED,01916296,gb,https://opencorporates.com/companies/gb/01916296
Conservative Party,scotland,Ian Duncan,DAVID IAN DUNCAN THOM,secretary,STERN THOM FEHLER ARCHITECTS LIMITED,01852060,gb,https://opencorporates.com/companies/gb/01852060
Conservative Party,scotland,Ian Duncan,DAVID IAN DUNCAN THOM,director,STERN THOM FEHLER ARCHITECTS LIMITED,01852060,gb,https://opencorporates.com/companies/gb/01852060
Conservative Party,scotland,Ian Duncan,DAVID IAN DUNCAN THOM,director,GLEAVEBOURNE (1991) LIMITED,02589393,gb,https://opencorporates.com/companies/gb/02589393
Conservative Party,scotland,Belinda Don,BELINDA CLARE DON,director,NEWSBASE LIMITED,SC156231,gb,https://opencorporates.com/companies/gb/SC156231
Conservative Party,scotland,Belinda Don,BELINDA CLARE DON,director,CARBON ACCOUNTING LTD,SC316378,gb,https://opencorporates.com/companies/gb/SC316378
Conservative Party,scotland,Nosheena Mobarik,NOSHEENA MOBARIK,director,BETTER TOGETHER 2012 LIMITED,SC425421,gb,https://opencorporates.com/companies/gb/SC425421
Conservative Party,scotland,Nosheena Mobarik,NOSHEENA MOBARIK,director,INDUS EARTH LIMITED,SC325385,gb,https://opencorporates.com/companies/gb/SC325385
Conservative Party,scotland,Nosheena Mobarik,NOSHEENA MOBARIK,llp designated member,ALVA SOFTWARE SYSTEMS LLP,SO303292,gb,https://opencorporates.com/companies/gb/SO303292
Conservative Party,scotland,Nosheena Mobarik,NOSHEENA MOBARIK,director,SUGAR BELLY UK LTD.,SC211280,gb,https://opencorporates.com/companies/gb/SC211280
Conservative Party,scotland,Nosheena Mobarik,NOSHEENA MOBARIK,secretary,M COMPUTER TECHNOLOGIES LIMITED,SC175223,gb,https://opencorporates.com/companies/gb/SC175223
Conservative Party,scotland,Nosheena Mobarik,NOSHEENA MOBARIK,director,M COMPUTER TECHNOLOGIES LIMITED,SC175223,gb,https://opencorporates.com/companies/gb/SC175223
Conservative Party,scotland,Nosheena Mobarik,NOSHEENA MOBARIK,director,CRAIGHOLME SCHOOL,SC022095,gb,https://opencorporates.com/companies/gb/SC022095
Conservative Party,scotland,Jamie Gardiner,JAMIE GARDINER,director,J K G CONTRACTS LIMITED,SC282496,gb,https://opencorporates.com/companies/gb/SC282496
Conservative Party,scotland,Jamie Gardiner,JAMIE GARDINER,director,JAMIE GARDINER TATTOOS LIMITED,07438511,gb,https://opencorporates.com/companies/gb/07438511
Conservative Party,scotland,Jamie Gardiner,JAMIE GARDINER,director,JAMIE GARDINER TATTOOS LTD,08488007,gb,https://opencorporates.com/companies/gb/08488007
Conservative Party,scotland,Jamie Gardiner,JAMIE GARDINER,director,NJ PARTNERSHIP LIMITED,07838868,gb,https://opencorporates.com/companies/gb/07838868
Conservative Party,scotland,Jamie Gardiner,JAMIE KARL GARDINER,director,JESTERNET LIMITED,06769847,gb,https://opencorporates.com/companies/gb/06769847
Conservative Party,scotland,Jamie Gardiner,JAMIE WILLIAM GARDINER,director,CMK HOLDINGS LIMITED,01481529,gb,https://opencorporates.com/companies/gb/01481529
Conservative Party,scotland,Jamie Gardiner,JAMIE WILLIAM GARDINER,director,CMK (TREATMENTS) LIMITED,02187713,gb,https://opencorporates.com/companies/gb/02187713
Conservative Party,scotland,Jamie Gardiner,JAMIE WILLIAM GARDINER,director,CMK GROUP LIMITED,04446012,gb,https://opencorporates.com/companies/gb/04446012
Conservative Party,scotland,Iain McGill,ALASDAIR IAIN MCGILL,director,MCGILL BUSINESS DEVELOPMENT LIMITED,SC191094,gb,https://opencorporates.com/companies/gb/SC191094
Conservative Party,scotland,Iain McGill,ALASDAIR IAIN MCGILL,secretary,GORDON MCGILL LIMITED,SC225579,gb,https://opencorporates.com/companies/gb/SC225579
Conservative Party,scotland,Iain McGill,ALASDAIR IAIN MCGILL,director,GORDON MCGILL LIMITED,SC225579,gb,https://opencorporates.com/companies/gb/SC225579
Conservative Party,scotland,Iain McGill,ALASDAIR IAIN MCGILL,secretary,WMR DEVELOPMENTS LIMITED,SC157207,gb,https://opencorporates.com/companies/gb/SC157207
Conservative Party,scotland,Iain McGill,ALASDAIR IAIN MCGILL,secretary,THE THIRD WAVE LIMITED,SC160759,gb,https://opencorporates.com/companies/gb/SC160759
Conservative Party,scotland,Iain McGill,ALASDAIR IAIN MCGILL,director,THE THIRD WAVE LIMITED,SC160759,gb,https://opencorporates.com/companies/gb/SC160759
Conservative Party,scotland,Iain McGill,ALASDAIR IAIN MCGILL,secretary,MARWELL MAINTENANCE SERVICES LIMITED,SC231787,gb,https://opencorporates.com/companies/gb/SC231787
Conservative Party,scotland,Iain McGill,ALASDAIR IAIN MCGILL,secretary,ADVENTURE GOLF (SCOTLAND) LIMITED,SC293035,gb,https://opencorporates.com/companies/gb/SC293035
Conservative Party,scotland,Iain McGill,ALASDAIR IAIN MCGILL,director,ADVENTURE GOLF (SCOTLAND) LIMITED,SC293035,gb,https://opencorporates.com/companies/gb/SC293035
Conservative Party,scotland,Iain McGill,ALASDAIR IAIN MCGILL,director,FREELANCE WORLD CIS LIMITED,SC361102,gb,https://opencorporates.com/companies/gb/SC361102
Conservative Party,scotland,Iain McGill,ALASDAIR IAIN MCGILL,director,FREELANCE WORLD SOLO LIMITED,SC350236,gb,https://opencorporates.com/companies/gb/SC350236
Conservative Party,scotland,Iain McGill,ALASDAIR IAIN MCGILL,director,CHILLIBOX LIMITED,SC201794,gb,https://opencorporates.com/companies/gb/SC201794
Conservative Party,scotland,Iain McGill,ALASDAIR IAIN MCGILL,director,POWERED BY INTEGRA LIMITED,SC377917,gb,https://opencorporates.com/companies/gb/SC377917
Conservative Party,scotland,Iain McGill,ALASDAIR IAIN MCGILL,director,AIM DEVELOPMENTS LIMITED,SC078303,gb,https://opencorporates.com/companies/gb/SC078303
Conservative Party,scotland,Iain McGill,ALASDAIR IAIN MCGILL,secretary,AIM DEVELOPMENTS LIMITED,SC078303,gb,https://opencorporates.com/companies/gb/SC078303
Conservative Party,scotland,Iain McGill,ALASDAIR IAIN MCGILL,director,CRE8IVE DIGITAL MEDIA LTD,SC380768,gb,https://opencorporates.com/companies/gb/SC380768
Conservative Party,scotland,Iain McGill,ALASDAIR IAIN MCGILL,director,AIM (PERTH) LIMITED,SC126694,gb,https://opencorporates.com/companies/gb/SC126694
Conservative Party,scotland,Iain McGill,ALASDAIR IAIN MCGILL,director,PROSERV (SCOTLAND) LTD.,SC240144,gb,https://opencorporates.com/companies/gb/SC240144
Conservative Party,scotland,Iain McGill,ALASDAIR IAIN MCGILL,director,PROSERV (SCOTLAND) LTD.,SC240144,gb,https://opencorporates.com/companies/gb/SC240144
Conservative Party,scotland,Iain McGill,ALASDAIR IAIN MCGILL,director,FORESTER SEAT LIMITED,SC151121,gb,https://opencorporates.com/companies/gb/SC151121
Conservative Party,scotland,Iain McGill,ALASDAIR IAIN MCGILL,secretary,FORESTER SEAT LIMITED,SC151121,gb,https://opencorporates.com/companies/gb/SC151121
Conservative Party,scotland,Iain McGill,ALASDAIR IAIN MCGILL,secretary,ACP TELECOM LIMITED,SC155480,gb,https://opencorporates.com/companies/gb/SC155480
Conservative Party,scotland,Iain McGill,ALASDAIR IAIN MCGILL,director,ACP TELECOM LIMITED,SC155480,gb,https://opencorporates.com/companies/gb/SC155480
Conservative Party,scotland,Iain McGill,ALASDAIR IAIN MCGILL,director,FOROCO HOLDINGS LIMITED,SC286465,gb,https://opencorporates.com/companies/gb/SC286465
Conservative Party,scotland,Iain McGill,ALASDAIR IAIN MCGILL,secretary,AIM FINE FOODS LIMITED,SC129412,gb,https://opencorporates.com/companies/gb/SC129412
Conservative Party,scotland,Iain McGill,ALASDAIR IAIN MCGILL,secretary,TANGO SIERRA ENGINEERING LIMITED,SC138235,gb,https://opencorporates.com/companies/gb/SC138235
Conservative Party,scotland,Iain McGill,ALASDAIR IAIN MCGILL,director,FREELANCE WORLD HOLDINGS LTD,SC364539,gb,https://opencorporates.com/companies/gb/SC364539
Conservative Party,scotland,Iain McGill,ALASDAIR IAIN MCGILL,director,FREELANCE WORLD ACCOUNTING LTD,SC364545,gb,https://opencorporates.com/companies/gb/SC364545
Conservative Party,scotland,Iain McGill,ALASDAIR IAIN MCGILL,secretary,DUE NORTH (BARS & RESTAURANTS) LIMITED,SC197691,gb,https://opencorporates.com/companies/gb/SC197691
Conservative Party,scotland,Iain McGill,ALASDAIR IAIN MCGILL,director,DUE NORTH (BARS & RESTAURANTS) LIMITED,SC197691,gb,https://opencorporates.com/companies/gb/SC197691
Conservative Party,scotland,Stuart McIntyre,CLIVE STUART MCINTYRE,director,CONTRACT MANAGEMENT SOUTH WEST LIMITED,03671267,gb,https://opencorporates.com/companies/gb/03671267
Conservative Party,scotland,Stuart McIntyre,CLIVE STUART MCINTYRE,director,ASHCROSS MANAGEMENT COMPANY LIMITED,04992223,gb,https://opencorporates.com/companies/gb/04992223
Conservative Party,scotland,Stuart McIntyre,CLIVE STUART MCINTYRE,secretary,WESTDOWN DEVELOPMENTS LIMITED,04400330,gb,https://opencorporates.com/companies/gb/04400330
Conservative Party,scotland,Stuart McIntyre,CLIVE STUART MCINTYRE,director,WESTDOWN DEVELOPMENTS LIMITED,04400330,gb,https://opencorporates.com/companies/gb/04400330
Conservative Party,scotland,Stuart McIntyre,COLIN STUART MCINTYRE,director,MCBRIDES LIMITED,00940848,gb,https://opencorporates.com/companies/gb/00940848
Conservative Party,scotland,Stuart McIntyre,COLIN STUART MCINTYRE,director,DARCY BOLTON PROPERTY LIMITED,06220154,gb,https://opencorporates.com/companies/gb/06220154
Conservative Party,scotland,Stuart McIntyre,COLIN STUART MCINTYRE,director,DARCY BOLTON LIMITED,06220161,gb,https://opencorporates.com/companies/gb/06220161
Conservative Party,scotland,Stuart McIntyre,COLIN STUART MCINTYRE,director,"CAMILLE SIMON,LIMITED",00058987,gb,https://opencorporates.com/companies/gb/00058987
Conservative Party,scotland,Stuart McIntyre,COLIN STUART MCINTYRE,director,CULMSTOCK LIMITED,01199186,gb,https://opencorporates.com/companies/gb/01199186
Conservative Party,scotland,Stuart McIntyre,COLIN STUART MCINTYRE,director,BRECKLAND MOULDINGS LIMITED,01470349,gb,https://opencorporates.com/companies/gb/01470349
Conservative Party,scotland,Stuart McIntyre,COLIN STUART MCINTYRE,director,G. GARNETT ESTATES LIMITED,00870622,gb,https://opencorporates.com/companies/gb/00870622
Conservative Party,scotland,Stuart McIntyre,COLIN STUART MCINTYRE,director,DARCY LIMITED,06220153,gb,https://opencorporates.com/companies/gb/06220153
Conservative Party,scotland,Stuart McIntyre,COLIN STUART MCINTYRE,director,17-131 MIDDLEFIELDS (FREEHOLD) LIMITED,04032603,gb,https://opencorporates.com/companies/gb/04032603
Conservative Party,scotland,Stuart McIntyre,COLIN STUART MCINTYRE,director,HOMEPRIDE LIMITED,04363263,gb,https://opencorporates.com/companies/gb/04363263
Conservative Party,scotland,Stuart McIntyre,COLIN STUART MCINTYRE,director,RMG (DROYLSDEN) LIMITED,00470167,gb,https://opencorporates.com/companies/gb/00470167
Conservative Party,scotland,Stuart McIntyre,COLIN STUART MCINTYRE,director,GLOBOL PROPERTIES (UK) LIMITED,01308540,gb,https://opencorporates.com/companies/gb/01308540
Conservative Party,scotland,Stuart McIntyre,COLIN STUART MCINTYRE,director,CAMILLE SIMON HOLDINGS LIMITED,01088889,gb,https://opencorporates.com/companies/gb/01088889
Conservative Party,scotland,Stuart McIntyre,COLIN STUART MCINTYRE,director,MILSTOCK LIMITED,00994148,gb,https://opencorporates.com/companies/gb/00994148
Conservative Party,scotland,Stuart McIntyre,COLIN STUART MCINTYRE,director,MCBRIDE AIRCARE LIMITED,02495721,gb,https://opencorporates.com/companies/gb/02495721
Conservative Party,scotland,Stuart McIntyre,COLIN STUART MCINTYRE,director,MCBRIDE UK LIMITED,02369126,gb,https://opencorporates.com/companies/gb/02369126
Conservative Party,scotland,Stuart McIntyre,COLIN STUART MCINTYRE,director,H. H. LIMITED,00504350,gb,https://opencorporates.com/companies/gb/00504350
Conservative Party,scotland,Stuart McIntyre,COLIN STUART MCINTYRE,director,HUGO PERSONAL CARE LIMITED,00861683,gb,https://opencorporates.com/companies/gb/00861683
Conservative Party,scotland,Stuart McIntyre,COLIN STUART MCINTYRE,director,ROBERT MCBRIDE HOMECARE LIMITED,00768010,gb,https://opencorporates.com/companies/gb/00768010
Conservative Party,scotland,Stuart McIntyre,COLIN STUART MCINTYRE,director,ROBERT MCBRIDE HOUSEHOLD LIMITED,00910431,gb,https://opencorporates.com/companies/gb/00910431
Conservative Party,scotland,Stuart McIntyre,COLIN STUART MCINTYRE,director,ROBERT MCBRIDE (BRADFORD) LIMITED,01991139,gb,https://opencorporates.com/companies/gb/01991139
Conservative Party,scotland,Stuart McIntyre,COLIN STUART MCINTYRE,director,SAVIDENT LIMITED,01110039,gb,https://opencorporates.com/companies/gb/01110039
Conservative Party,scotland,Stuart McIntyre,COLIN STUART MCINTYRE,director,DETERGENT INFORMATION LIMITED,01380730,gb,https://opencorporates.com/companies/gb/01380730
Conservative Party,scotland,Stuart McIntyre,COLIN STUART MCINTYRE,director,LONGTHORNE LABORATORIES LIMITED,01964172,gb,https://opencorporates.com/companies/gb/01964172
Conservative Party,scotland,Stuart McIntyre,COLIN STUART MCINTYRE,director,INTERNATIONAL CONSUMER PRODUCTS LIMITED,01057277,gb,https://opencorporates.com/companies/gb/01057277
Conservative Party,scotland,Stuart McIntyre,COLIN STUART MCINTYRE,director,ROBERT MCBRIDE (AEROSOLS) LIMITED,01099203,gb,https://opencorporates.com/companies/gb/01099203
Labour Party,scotland,David Martin, CHRISTOPHER DAVID MARTIN LIMITED,llp member,FIRST ACTUARIAL LLP,OC348086,gb,https://opencorporates.com/companies/gb/OC348086
Labour Party,scotland,David Martin,ADRIAN DAVID MARTIN ASH,director,GLOBAL GETAWAYS LIMITED,03948636,gb,https://opencorporates.com/companies/gb/03948636
Labour Party,scotland,David Martin,ADRIAN DAVID MARTIN ASH,director,TRAVEL PLACES UK LIMITED,03948527,gb,https://opencorporates.com/companies/gb/03948527
Labour Party,scotland,David Martin,ADRIAN DAVID MARTIN ASH,secretary,GLOBAL GETAWAYS LIMITED,03948636,gb,https://opencorporates.com/companies/gb/03948636
Labour Party,scotland,David Martin,ADRIAN DAVID MARTIN ASH,director,KINETICUS LIMITED,05935536,gb,https://opencorporates.com/companies/gb/05935536
Labour Party,scotland,David Martin,ALAN DAVID MARTIN,secretary,JAM IN-FLIGHT SERVICES LTD,05427497,gb,https://opencorporates.com/companies/gb/05427497
Labour Party,scotland,David Martin,ALAN DAVID MARTIN,director,JAM IN-FLIGHT SERVICES LTD,05427497,gb,https://opencorporates.com/companies/gb/05427497
Labour Party,scotland,David Martin,ALAN DAVID MARTIN,director,TYLNEY TRADING LIMITED,03383891,gb,https://opencorporates.com/companies/gb/03383891
Labour Party,scotland,David Martin,ALAN DAVID MARTIN,director,ALMAR UK LIMITED,04575949,gb,https://opencorporates.com/companies/gb/04575949
Labour Party,scotland,David Martin,ALAN DAVID MARTIN,secretary,BIG THEATRE COMPANY LIMITED,04320118,gb,https://opencorporates.com/companies/gb/04320118
Labour Party,scotland,David Martin,ALAN DAVID MARTIN,director,BIG THEATRE COMPANY LIMITED,04320118,gb,https://opencorporates.com/companies/gb/04320118
Labour Party,scotland,David Martin,ALAN DAVID MARTIN,director,CAMBRIDGE GREAT PARK LIMITED,03848373,gb,https://opencorporates.com/companies/gb/03848373
Labour Party,scotland,David Martin,ALAN DAVID MARTIN,secretary,MARTIN AVIATION SERVICES LTD,06170024,gb,https://opencorporates.com/companies/gb/06170024
Labour Party,scotland,David Martin,ALAN DAVID MARTIN,secretary,ARIES TECHNOLOGY LIMITED,03680963,gb,https://opencorporates.com/companies/gb/03680963
Labour Party,scotland,David Martin,ALAN DAVID MARTIN,secretary,MARTIN & POUND LIMITED,04229388,gb,https://opencorporates.com/companies/gb/04229388
Labour Party,scotland,David Martin,ALAN DAVID MARTIN,secretary,COMMUNITY ARTS NORTH WEST LTD.,01400213,gb,https://opencorporates.com/companies/gb/01400213
Labour Party,scotland,David Martin,ALAN DAVID MARTIN,director,MARTIN AVIATION SERVICES LTD,06170024,gb,https://opencorporates.com/companies/gb/06170024
Labour Party,scotland,David Martin,ALAN DAVID MARTIN,secretary,ALMAR UK LIMITED,04575949,gb,https://opencorporates.com/companies/gb/04575949
Labour Party,scotland,David Martin,ALAN DAVID MARTIN,director,IQUN LTD.,02955392,gb,https://opencorporates.com/companies/gb/02955392
Labour Party,scotland,David Martin,ALAN DAVID MARTIN,secretary,IQUN LTD.,02955392,gb,https://opencorporates.com/companies/gb/02955392
Labour Party,scotland,David Martin,ALAN DAVID MARTIN,secretary,INITIATIVE ARTS LIMITED,04740070,gb,https://opencorporates.com/companies/gb/04740070
Labour Party,scotland,David Martin,ALAN DAVID MARTIN,director,AVNEX LIMITED,04248070,gb,https://opencorporates.com/companies/gb/04248070
Labour Party,scotland,David Martin,ALAN DAVID MARTIN,director,INITIATIVE ARTS PROJECTS LTD,08035565,gb,https://opencorporates.com/companies/gb/08035565
Labour Party,scotland,David Martin,ALAN DAVID MARTIN,director,MAJOR ROAD LIMITED,03221786,gb,https://opencorporates.com/companies/gb/03221786
Labour Party,scotland,David Martin,ALAN DAVID MARTIN,secretary,OLDHAM COLISEUM THEATRE LIMITED(THE),01415547,gb,https://opencorporates.com/companies/gb/01415547
Labour Party,scotland,David Martin,ALAN DAVID MARTIN GOLDMAN,director,ADG LEISURE ASSOCIATES LIMITED,03558744,gb,https://opencorporates.com/companies/gb/03558744
Labour Party,scotland,Catherine Stihler,"","","","","",""
Labour Party,scotland,Derek Munn,DEREK ARTHUR MUNN,director,BIRMINGHAM POULTRY COMPANY LIMITED,02494444,gb,https://opencorporates.com/companies/gb/02494444
Labour Party,scotland,Derek Munn,DEREK CRAWFORD MUNN,director,5 MINUTE NETWORK LTD,SC405814,gb,https://opencorporates.com/companies/gb/SC405814
Labour Party,scotland,Derek Munn,DEREK CRAWFORD MUNN,llp designated member,INCORPORATED MEDIA LLP,SO301763,gb,https://opencorporates.com/companies/gb/SO301763
Labour Party,scotland,Derek Munn,DEREK ERNEST MUNN,director,MOORINGS TUCKTON MANAGEMENT CO. LIMITED(THE),02035541,gb,https://opencorporates.com/companies/gb/02035541
Labour Party,scotland,Katrina Murray,KATRINA IRENE MURRAY,secretary,RIGHT2DANCE,SC198339,gb,https://opencorporates.com/companies/gb/SC198339
Labour Party,scotland,Katrina Murray,KATRINA IRENE MURRAY,director,RIGHT2DANCE,SC198339,gb,https://opencorporates.com/companies/gb/SC198339
Labour Party,scotland,Katrina Murray,KATRINA JAYNE MURRAY,director,ALTRU ARTS COMMUNITY INTEREST COMPANY,08553771,gb,https://opencorporates.com/companies/gb/08553771
Labour Party,scotland,Katrina Murray,KATRINA LAIDLAW MURRAY,director,BETTER TOGETHER 2012 LIMITED,SC425421,gb,https://opencorporates.com/companies/gb/SC425421
Labour Party,scotland,Katrina Murray,KATRINA LAIDLAW MURRAY,secretary,SCOTTISH ONE FUND FOR ALL,SC122060,gb,https://opencorporates.com/companies/gb/SC122060
Labour Party,scotland,Katrina Murray,KATRINA LAIDLAW MURRAY,director,SCOTTISH ONE FUND FOR ALL,SC122060,gb,https://opencorporates.com/companies/gb/SC122060
Labour Party,scotland,Katrina Murray,KATRINA LOUISE MURRAY-HUNDLEY,director,SPARKLEDOWN LIMITED,02274283,gb,https://opencorporates.com/companies/gb/02274283
Labour Party,scotland,Katrina Murray,KATRINA MURRAY,director,RIGHTS CONSULTING LTD,07457423,gb,https://opencorporates.com/companies/gb/07457423
Labour Party,scotland,Katrina Murray,KATRINA MURRAY,director,ASSOCIATION OF CANADIAN COMMUNITY COLLEGES LIMITED,07398985,gb,https://opencorporates.com/companies/gb/07398985
Labour Party,scotland,Asim Khan,ASIM ALI KHAN,director,RAWLAND LIMITED,05804033,gb,https://opencorporates.com/companies/gb/05804033
Labour Party,scotland,Asim Khan,ASIM ALI KHAN,director,UNIVERSAL IT TRADERS LTD,05709601,gb,https://opencorporates.com/companies/gb/05709601
Labour Party,scotland,Asim Khan,ASIM ALI KHAN,secretary,STARCREST INVESTMENTS LIMITED,01328142,gb,https://opencorporates.com/companies/gb/01328142
Labour Party,scotland,Asim Khan,ASIM ALI KHAN,director,STARCREST INVESTMENTS LIMITED,01328142,gb,https://opencorporates.com/companies/gb/01328142
Labour Party,scotland,Asim Khan,ASIM ALI KHAN,secretary,AMDALE SECURITIES LIMITED,06087717,gb,https://opencorporates.com/companies/gb/06087717
Labour Party,scotland,Asim Khan,ASIM ALI KHAN,director,AMDALE SECURITIES LIMITED,06087717,gb,https://opencorporates.com/companies/gb/06087717
Labour Party,scotland,Asim Khan,ASIM ALI KHAN,secretary,DELROSE DEVELOPMENTS LIMITED,07697345,gb,https://opencorporates.com/companies/gb/07697345
Labour Party,scotland,Asim Khan,ASIM ALI KHAN,director,"ADVANCE BUSINESS CO, LTD",07485663,gb,https://opencorporates.com/companies/gb/07485663
Labour Party,scotland,Asim Khan,ASIM ALI KHAN,secretary,LONDON & SURREY PROPERTY HOLDINGS LIMITED,01321490,gb,https://opencorporates.com/companies/gb/01321490
Labour Party,scotland,Asim Khan,ASIM ALI KHAN,director,LONDON & SURREY PROPERTY HOLDINGS LIMITED,01321490,gb,https://opencorporates.com/companies/gb/01321490
Labour Party,scotland,Asim Khan,ASIM ALI KHAN,secretary,INNBRIGHTON PROPERTIES LIMITED,06952256,gb,https://opencorporates.com/companies/gb/06952256
Labour Party,scotland,Asim Khan,ASIM ALI KHAN,director,INNBRIGHTON PROPERTIES LIMITED,06952256,gb,https://opencorporates.com/companies/gb/06952256
Labour Party,scotland,Asim Khan,ASIM ALI KHAN,secretary,DEEMARK LIMITED,02088103,gb,https://opencorporates.com/companies/gb/02088103
Labour Party,scotland,Asim Khan,ASIM ALI KHAN,director,DEEMARK LIMITED,02088103,gb,https://opencorporates.com/companies/gb/02088103
Labour Party,scotland,Asim Khan,ASIM ALI KHAN,director,DELROSE DEVELOPMENTS LIMITED,07697345,gb,https://opencorporates.com/companies/gb/07697345
Labour Party,scotland,Asim Khan,ASIM ALI KHAN,director,ASIM LEATHERWEAR LTD,04158264,gb,https://opencorporates.com/companies/gb/04158264
Labour Party,scotland,Asim Khan,ASIM ANWAR KHAN,director,ROSHNI,SC232767,gb,https://opencorporates.com/companies/gb/SC232767
Labour Party,scotland,Asim Khan,ASIM ANWAR KHAN,director,RAMSAY EMPLOYMENT LAW LIMITED,SC370867,gb,https://opencorporates.com/companies/gb/SC370867
Labour Party,scotland,Asim Khan,ASIM ANWAR KHAN,director,MERDINUS LIMITED,SC345292,gb,https://opencorporates.com/companies/gb/SC345292
Labour Party,scotland,Asim Khan,ASIM ANWAR KHAN,director,YOUTH COMMUNITY SUPPORT AGENCY,SC313463,gb,https://opencorporates.com/companies/gb/SC313463
Labour Party,scotland,Asim Khan,ASIM ANWAR KHAN,director,RAMSAY LIMITED,SC306817,gb,https://opencorporates.com/companies/gb/SC306817
Labour Party,scotland,Asim Khan,ASIM ANWAR KHAN,secretary,RAMSAY LIMITED,SC306817,gb,https://opencorporates.com/companies/gb/SC306817
Labour Party,scotland,Asim Khan,ASIM ANWAR KHAN,director,LEXNOVA LIMITED,SC395870,gb,https://opencorporates.com/companies/gb/SC395870
Labour Party,scotland,Asim Khan,ASIM ANWAR KHAN,secretary,RAMSAY PROJECT MANAGEMENT LIMITED,SC348844,gb,https://opencorporates.com/companies/gb/SC348844
Labour Party,scotland,Asim Khan,ASIM ANWAR KHAN,director,RAMSAY PROJECT MANAGEMENT LIMITED,SC348844,gb,https://opencorporates.com/companies/gb/SC348844
Labour Party,scotland,Asim Khan,ASIM ANWAR KHAN,director,EMPLOYMENT SUPPORT SERVICES LIMITED,SC274692,gb,https://opencorporates.com/companies/gb/SC274692
Labour Party,scotland,Asim Khan,ASIM ANWAR KHAN,secretary,RICHARDSON RECRUITMENT LIMITED,SC178868,gb,https://opencorporates.com/companies/gb/SC178868
Labour Party,scotland,Asim Khan,ASIM ANWAR KHAN,director,RICHARDSON RECRUITMENT LIMITED,SC178868,gb,https://opencorporates.com/companies/gb/SC178868
Labour Party,scotland,Asim Khan,ASIM ANWAR KHAN,secretary,ROSHNI,SC232767,gb,https://opencorporates.com/companies/gb/SC232767
Labour Party,scotland,Asim Khan,ASIM ANWAR KHAN,director,EXPERTSDIRECT LTD,07614038,gb,https://opencorporates.com/companies/gb/07614038
Labour Party,scotland,Kirsty Oâ€™Brien,KIRSTY BRIEN,director,MOUNTAIN-EXPLORERS LIMITED,07906675,gb,https://opencorporates.com/companies/gb/07906675
Liberal Democrats,scotland,George Lyon,ALBERT GEORGE LYON,director,B L FACTORING SERVICES LIMITED,SC186423,gb,https://opencorporates.com/companies/gb/SC186423
Liberal Democrats,scotland,George Lyon,ALEXANDER GEORGE LYON MCALLAN,director,DON CABS LIMITED,SC216907,gb,https://opencorporates.com/companies/gb/SC216907
Liberal Democrats,scotland,George Lyon,DAVID HENRY GEORGE LYON,director,STREETHOME LIMITED,02042866,gb,https://opencorporates.com/companies/gb/02042866
Liberal Democrats,scotland,George Lyon,DAVID HENRY GEORGE LYON,secretary,STREETHOME LIMITED,02042866,gb,https://opencorporates.com/companies/gb/02042866
Liberal Democrats,scotland,George Lyon,EARL GEORGE LYON MACKIE,director,BOLNEY MANAGEMENT SERVICES LIMITED,01749880,gb,https://opencorporates.com/companies/gb/01749880
Liberal Democrats,scotland,George Lyon,EARL GEORGE LYON MACKIE,secretary,SARAH BAILLIEU ARCHITECTS LIMITED,04437389,gb,https://opencorporates.com/companies/gb/04437389
Liberal Democrats,scotland,George Lyon,FRANCIS GEORGE LYON,director,DUNOTTAR SCHOOL FOUNDATION LIMITED,00698364,gb,https://opencorporates.com/companies/gb/00698364
Liberal Democrats,scotland,George Lyon,GEORGE GORDON LYON,secretary,TAYCRAFT MANUFACTURERS LIMITED,SC126176,gb,https://opencorporates.com/companies/gb/SC126176
Liberal Democrats,scotland,George Lyon,GEORGE GORDON LYON,director,TAYCRAFT MANUFACTURERS LIMITED,SC126176,gb,https://opencorporates.com/companies/gb/SC126176
Liberal Democrats,scotland,George Lyon,GEORGE HENRY LYON,director,BEDALE TRANSPORT LIMITED,01302928,gb,https://opencorporates.com/companies/gb/01302928
Liberal Democrats,scotland,George Lyon,GEORGE HENRY LYON,director,STANLEY TIPPERS LIMITED,01830510,gb,https://opencorporates.com/companies/gb/01830510
Liberal Democrats,scotland,George Lyon,GEORGE LYON,director,SCOTCH QUALITY BEEF AND LAMB ASSOCIATION LIMITED,SC057845,gb,https://opencorporates.com/companies/gb/SC057845
Liberal Democrats,scotland,George Lyon,GEORGE LYON STEPHENSON,director,KOLA SALMON LIMITED,02634795,gb,https://opencorporates.com/companies/gb/02634795
Liberal Democrats,scotland,George Lyon,GEORGE LYON STEPHENSON,director,TIPPETT'S SPORTING AGENCY LIMITED,02368238,gb,https://opencorporates.com/companies/gb/02368238
Liberal Democrats,scotland,George Lyon,GEORGE LYON STEPHENSON,director,RBR ONE LIMITED,07372929,gb,https://opencorporates.com/companies/gb/07372929
Liberal Democrats,scotland,George Lyon,GEORGE LYON STEPHENSON,director,ANGLING TRUST LIMITED,05320350,gb,https://opencorporates.com/companies/gb/05320350
Liberal Democrats,scotland,George Lyon,GEORGE LYON STEPHENSON,director,REAL HOLIDAYS TRAVEL AGENCY LIMITED,02333231,gb,https://opencorporates.com/companies/gb/02333231
Liberal Democrats,scotland,George Lyon,GEORGE LYON STEPHENSON,director,BAILEY ROBINSON LIMITED,03187414,gb,https://opencorporates.com/companies/gb/03187414
Liberal Democrats,scotland,George Lyon,GEORGE LYON STEPHENSON,director,ROXTON BAILEY ROBINSON LIMITED,02822364,gb,https://opencorporates.com/companies/gb/02822364
Liberal Democrats,scotland,George Lyon,GEORGE LYON STEPHENSON,director,DOVEPORT TRUSTEES (NO.3) LIMITED,04587702,gb,https://opencorporates.com/companies/gb/04587702
Liberal Democrats,scotland,George Lyon,GEORGE LYON STEPHENSON,director,BAILEY ROBINSON HOLDINGS LIMITED,07372928,gb,https://opencorporates.com/companies/gb/07372928
Liberal Democrats,scotland,George Lyon,GEORGE ROBERTSON LYON,director,J & G LYON LIMITED,SC143164,gb,https://opencorporates.com/companies/gb/SC143164
Liberal Democrats,scotland,George Lyon,GEORGE ROBERTSON LYON,director,ROAR LIMITED,SC222727,gb,https://opencorporates.com/companies/gb/SC222727
Liberal Democrats,scotland,George Lyon,GEORGE RUSSELL LYON HOWARD,secretary,GEORGE HOWARD (BOXES) LIMITED,00552535,gb,https://opencorporates.com/companies/gb/00552535
Liberal Democrats,scotland,George Lyon,GEORGE RUSSELL LYON HOWARD,director,GEORGE HOWARD (BOXES) LIMITED,00552535,gb,https://opencorporates.com/companies/gb/00552535
Liberal Democrats,scotland,George Lyon,GEORGE THOMAS LYON-SMITH,director,CHAPPLE FENCING LIMITED,02728539,gb,https://opencorporates.com/companies/gb/02728539
Liberal Democrats,scotland,George Lyon,GEORGE THOMAS LYON-SMITH,secretary,CHAPPLE FENCING LIMITED,02728539,gb,https://opencorporates.com/companies/gb/02728539
Liberal Democrats,scotland,George Lyon,GEORGE THOMAS LYON-SMITH,director,THE DEVON MARQUEE COMPANY LIMITED,02716088,gb,https://opencorporates.com/companies/gb/02716088
Liberal Democrats,scotland,George Lyon,GEORGE TRAILL LYON,director,BDV INTERNATIONAL LIMITED,02755383,gb,https://opencorporates.com/companies/gb/02755383
Liberal Democrats,scotland,George Lyon,GEORGE TRAILL LYON,secretary,BDV INTERNATIONAL LIMITED,02755383,gb,https://opencorporates.com/companies/gb/02755383
Liberal Democrats,scotland,Christine Jardine,CHRISTINE ANN JARDINE,secretary,JARDINE SERVICES LIMITED,SC191370,gb,https://opencorporates.com/companies/gb/SC191370
Liberal Democrats,scotland,Christine Jardine,CHRISTINE ANN JARDINE,director,JARDINE SERVICES LIMITED,SC191370,gb,https://opencorporates.com/companies/gb/SC191370
Liberal Democrats,scotland,Christine Jardine,CHRISTINE ANNE JARDINE,secretary,ANY1ACROSS LTD.,SC273255,gb,https://opencorporates.com/companies/gb/SC273255
Liberal Democrats,scotland,Christine Jardine,CHRISTINE ANNE JARDINE,secretary,CHRISTINE JARDINE MEDIA LTD.,SC172381,gb,https://opencorporates.com/companies/gb/SC172381
Liberal Democrats,scotland,Christine Jardine,CHRISTINE ANNE JARDINE,director,CHRISTINE JARDINE MEDIA LTD.,SC172381,gb,https://opencorporates.com/companies/gb/SC172381
Liberal Democrats,scotland,Christine Jardine,CHRISTINE ANNE JARDINE,director,ANY1ACROSS LTD.,SC273255,gb,https://opencorporates.com/companies/gb/SC273255
Liberal Democrats,scotland,Christine Jardine,CHRISTINE ANNE JARDINE,director,THE SCOTTISH PRESS ASSOCIATION LIMITED,SC252328,gb,https://opencorporates.com/companies/gb/SC252328
Liberal Democrats,scotland,Christine Jardine,CHRISTINE JARDINE,director,BAKIE CONSULTING LIMITED,05445598,gb,https://opencorporates.com/companies/gb/05445598
Liberal Democrats,scotland,Richard John Brodie,RICHARD JOHN BRODIE,director,SOLWAY HERITAGE,SC112755,gb,https://opencorporates.com/companies/gb/SC112755
Liberal Democrats,scotland,Richard John Brodie,RICHARD JOHN BRODIE,director,DUMFRIES AND GALLOWAY CITIZENS ADVICE SERVICE,SC179254,gb,https://opencorporates.com/companies/gb/SC179254
Liberal Democrats,scotland,Jade Elizabeth Holden,"","","","","",""
Liberal Democrats,scotland,Siobhan Helenor Mathers,"","","","","",""
Liberal Democrats,scotland,Euan Robert Davidson,"","","","","",""
NO2EU,scotland,John Odell Foster,"","","","","",""
NO2EU,scotland,Andrew Elliott,ANDREW BERNARD ELLIOTT,director,L.C.P. AUTOMOTIVE COMPONENTS LIMITED,02098962,gb,https://opencorporates.com/companies/gb/02098962
NO2EU,scotland,Andrew Elliott,ANDREW BERNARD ELLIOTT,director,L.C.P. ENGINEERING CO. LIMITED,00487853,gb,https://opencorporates.com/companies/gb/00487853
NO2EU,scotland,Andrew Elliott,ANDREW CHARLES ANDERSON ELLIOTT,director,ACTUARIAL TECHNOLOGY LIMITED,02757791,gb,https://opencorporates.com/companies/gb/02757791
NO2EU,scotland,Andrew Elliott,ANDREW CHARLES ANDERSON ELLIOTT,director,PEPER HAROW RESIDENTS ASSOCIATION LIMITED,03807511,gb,https://opencorporates.com/companies/gb/03807511
NO2EU,scotland,Andrew Elliott,ANDREW CHARLES ANDERSON ELLIOTT,director,OPEN SQUARE LTD,04866444,gb,https://opencorporates.com/companies/gb/04866444
NO2EU,scotland,Andrew Elliott,ANDREW CHARLES ELLIOTT,director,HISTORIC ENGINEERING LIMITED,SC379268,gb,https://opencorporates.com/companies/gb/SC379268
NO2EU,scotland,Andrew Elliott,ANDREW CHARLES ELLIOTT,director,HERITAGE ENGINEERING AND RESTORATIONS LIMITED,05716896,gb,https://opencorporates.com/companies/gb/05716896
NO2EU,scotland,Andrew Elliott,ANDREW CHARLES ELLIOTT,secretary,HOSIER SYSTEMS (RESEARCH) LIMITED,04330177,gb,https://opencorporates.com/companies/gb/04330177
NO2EU,scotland,Andrew Elliott,ANDREW CHARLES ELLIOTT,secretary,THE GLASS ROOF COMPANY.COM LTD,06574009,gb,https://opencorporates.com/companies/gb/06574009
NO2EU,scotland,Andrew Elliott,ANDREW CHARLES ELLIOTT,director,HOSIER SYSTEMS (INTERNATIONAL) LTD,02464499,gb,https://opencorporates.com/companies/gb/02464499
NO2EU,scotland,Andrew Elliott,ANDREW CHARLES ELLIOTT,director,HOSIERS LIMITED,08194186,gb,https://opencorporates.com/companies/gb/08194186
NO2EU,scotland,Andrew Elliott,ANDREW CHARLES ELLIOTT,director,WALTER MACFARLANE & CO. LTD.,SC203947,gb,https://opencorporates.com/companies/gb/SC203947
NO2EU,scotland,Andrew Elliott,ANDREW CHRISTOPHER ELLIOTT,director,FERRYHILL CATHOLIC CLUB LIMITED,04038834,gb,https://opencorporates.com/companies/gb/04038834
NO2EU,scotland,Andrew Elliott,ANDREW CLARKE ELLIOTT,director,SINE WAVE ELECTRICAL LIMITED,05247745,gb,https://opencorporates.com/companies/gb/05247745
NO2EU,scotland,Andrew Elliott,ANDREW CLAY ELLIOTT,director,CHECKPOINT (UK) LIMITED,SC191738,gb,https://opencorporates.com/companies/gb/SC191738
NO2EU,scotland,Andrew Elliott,ANDREW CLIVE ELLIOTT,director,BAGCOOL LIMITED,03599804,gb,https://opencorporates.com/companies/gb/03599804
NO2EU,scotland,Andrew Elliott,ANDREW CLIVE ELLIOTT,director,ACE RACING LIMITED,04684953,gb,https://opencorporates.com/companies/gb/04684953
NO2EU,scotland,Andrew Elliott,ANDREW DAVID ELLIOTT,director,CLARION GOLF MANAGEMENT & MARKETING LIMITED,01135487,gb,https://opencorporates.com/companies/gb/01135487
NO2EU,scotland,Andrew Elliott,ANDREW DAVID ELLIOTT,secretary,FAIRWAY INTERNATIONAL LIMITED,03947875,gb,https://opencorporates.com/companies/gb/03947875
NO2EU,scotland,Andrew Elliott,ANDREW DAVID ELLIOTT,director,FAIRWAY INTERNATIONAL LIMITED,03947875,gb,https://opencorporates.com/companies/gb/03947875
NO2EU,scotland,Andrew Elliott,ANDREW DAVID ELLIOTT,director,EXECUTIVE GOLF EVENTS LTD,08711623,gb,https://opencorporates.com/companies/gb/08711623
NO2EU,scotland,Andrew Elliott,ANDREW DAVID ELLIOTT,director,ORCHARD COURT RESIDENTS ASSOCIATION (BENENDEN) LIMITED,02981840,gb,https://opencorporates.com/companies/gb/02981840
NO2EU,scotland,Andrew Elliott,ANDREW DAVID ELLIOTT,director,TRACLINE (UK) LIMITED,01863804,gb,https://opencorporates.com/companies/gb/01863804
NO2EU,scotland,Andrew Elliott,ANDREW DAVID ELLIOTT,director,SCRAATCH PROMOTIONAL GOLF PRODUCTS LIMITED,07151292,gb,https://opencorporates.com/companies/gb/07151292
NO2EU,scotland,Andrew Elliott,ANDREW DAVID ELLIOTT,director,TRACLINE FUTURES LIMITED,07842613,gb,https://opencorporates.com/companies/gb/07842613
NO2EU,scotland,Andrew Elliott,ANDREW DAVID ELLIOTT MOORE,director,SUFFOLK CARERS LIMITED,03507600,gb,https://opencorporates.com/companies/gb/03507600
NO2EU,scotland,Andrew Elliott,ANDREW DAVID ELLIOTT WARD,director,"86 WORCESTER ROAD, MAINTENANCE SERVICES LTD",03031110,gb,https://opencorporates.com/companies/gb/03031110
NO2EU,scotland,Andrew Elliott,ANDREW DENNIS ELLIOTT,secretary,AEON SOFTWARE LIMITED,04828336,gb,https://opencorporates.com/companies/gb/04828336
NO2EU,scotland,Andrew Elliott,ANDREW DENNIS ELLIOTT,director,PARADIGM IT CONSULTING LIMITED,04623096,gb,https://opencorporates.com/companies/gb/04623096
NO2EU,scotland,Andrew Elliott,ANDREW DONALD ELLIOTT,director,HECLA CONSULTING & PROJECT MANAGEMENT LIMITED,08344462,gb,https://opencorporates.com/companies/gb/08344462
NO2EU,scotland,Murdo Maclean,ALEXANDER MURDO MACLEAN,director,STUDIO ALBA LIMITED,SC161574,gb,https://opencorporates.com/companies/gb/SC161574
NO2EU,scotland,Murdo Maclean,CALUM MURDO MACLEAN,director,BERNERA PROJECTS,SC166455,gb,https://opencorporates.com/companies/gb/SC166455
NO2EU,scotland,Murdo Maclean,CALUM MURDO MACLEAN,director,TAIGH DHONNCHAIDH,SC233775,gb,https://opencorporates.com/companies/gb/SC233775
NO2EU,scotland,Murdo Maclean,JOHN MURDO MACLEAN,secretary,MURDO MACLEAN & SONS LIMITED,SC012165,gb,https://opencorporates.com/companies/gb/SC012165
NO2EU,scotland,Murdo Maclean,JOHN MURDO MACLEAN,director,MURDO MACLEAN & SONS LIMITED,SC012165,gb,https://opencorporates.com/companies/gb/SC012165
NO2EU,scotland,Murdo Maclean,MALCOLM MURDO MACLEAN,director,COUNT-EASY LIMITED,02613137,gb,https://opencorporates.com/companies/gb/02613137
NO2EU,scotland,Murdo Maclean,MURDO ALEXANDER MACLEAN,director,TORNADO PERSONAL COMPUTING LIMITED,SC152323,gb,https://opencorporates.com/companies/gb/SC152323
NO2EU,scotland,Murdo Maclean,MURDO COLIN MACLEAN,director,LOCH EWE ACTION FORUM,SC172042,gb,https://opencorporates.com/companies/gb/SC172042
NO2EU,scotland,Murdo Maclean,MURDO COLIN MACLEAN,director,GAIRLOCH & LOCH EWE ACTION FORUM,SC220037,gb,https://opencorporates.com/companies/gb/SC220037
NO2EU,scotland,Murdo Maclean,MURDO MACLEAN,director,UNITED MEDIA LTD,04873553,gb,https://opencorporates.com/companies/gb/04873553
NO2EU,scotland,Murdo Maclean,MURDO MACLEAN,secretary,UNITED MEDIA LTD,04873553,gb,https://opencorporates.com/companies/gb/04873553
NO2EU,scotland,Murdo Maclean,MURDO MACLEAN,director,ABERDEEN LTD,SC352222,gb,https://opencorporates.com/companies/gb/SC352222
NO2EU,scotland,Murdo Maclean,MURDO MACLEAN,director,STORNOWAY LTD,SC384995,gb,https://opencorporates.com/companies/gb/SC384995
NO2EU,scotland,Murdo Maclean,MURDO MACLEAN,secretary,MURDO MACLEANS (HAIR) LIMITED,SC080446,gb,https://opencorporates.com/companies/gb/SC080446
NO2EU,scotland,Murdo Maclean,MURDO MACLEAN,director,MURDO MACLEANS (HAIR) LIMITED,SC080446,gb,https://opencorporates.com/companies/gb/SC080446
NO2EU,scotland,Murdo Maclean,MURDO MACLEAN,director,MURDO MACLEAN LTD,SC434789,gb,https://opencorporates.com/companies/gb/SC434789
NO2EU,scotland,Murdo Maclean,MURDO MACLEAN,director,CEOLAS LIMITED,SC204385,gb,https://opencorporates.com/companies/gb/SC204385
NO2EU,scotland,Murdo Maclean,MURDO MACLEAN,director,HIGHLAND MEDIA LTD,SC284070,gb,https://opencorporates.com/companies/gb/SC284070
NO2EU,scotland,Murdo Maclean,MURDO MACLEAN,director,MD SECRETARIES LIMITED,SC104964,gb,https://opencorporates.com/companies/gb/SC104964
NO2EU,scotland,Murdo Maclean,MURDO MACLEAN,director,MD DIRECTORS LIMITED,SC104963,gb,https://opencorporates.com/companies/gb/SC104963
NO2EU,scotland,Murdo Maclean,MURDO MACLEAN,director,KPIT INFOSYSTEMS LIMITED,03264570,gb,https://opencorporates.com/companies/gb/03264570
NO2EU,scotland,Murdo Maclean,MURDO MACLEAN,director,GLASGOW CITY MISSION,SC140322,gb,https://opencorporates.com/companies/gb/SC140322
NO2EU,scotland,Murdo Maclean,MURDO MACLEAN,director,LANDAU FORTE CHARITABLE TRUST,02387916,gb,https://opencorporates.com/companies/gb/02387916
NO2EU,scotland,Murdo Maclean,MURDO MACLEOD MACLEAN,director,HUNTLY FOOTBALL CLUB LIMITED,SC138604,gb,https://opencorporates.com/companies/gb/SC138604
NO2EU,scotland,Murdo Maclean,MURDO MACLEOD MACLEAN,director,GAEL-SAFE LIMITED,SC430032,gb,https://opencorporates.com/companies/gb/SC430032
NO2EU,scotland,Murdo Maclean,ROBIN MURDO MACLEAN,secretary,M.MACLEAN LIMITED,00569225,gb,https://opencorporates.com/companies/gb/00569225
NO2EU,scotland,Murdo Maclean,ROBIN MURDO MACLEAN,director,MACLEAN PLANT LIMITED,00938505,gb,https://opencorporates.com/companies/gb/00938505
NO2EU,scotland,Murdo Maclean,ROBIN MURDO MACLEAN,secretary,MACLEAN PLANT LIMITED,00938505,gb,https://opencorporates.com/companies/gb/00938505
NO2EU,scotland,Murdo Maclean,ROBIN MURDO MACLEAN,director,M.MACLEAN LIMITED,00569225,gb,https://opencorporates.com/companies/gb/00569225
NO2EU,scotland,Gail Morrow,GAIL MORROW,director,UPCROSS GARDENS MANAGEMENT COMPANY LIMITED,06340099,gb,https://opencorporates.com/companies/gb/06340099
NO2EU,scotland,Gail Morrow,KATHLEEN GAIL MORROW,director,THE CONTEMPLATIVE CONSCIOUSNESS NETWORK,07482768,gb,https://opencorporates.com/companies/gb/07482768
NO2EU,scotland,Gail Morrow,KATHLEEN GAIL MORROW,secretary,THE SHRIMALA TRUST,03880647,gb,https://opencorporates.com/companies/gb/03880647
NO2EU,scotland,Gail Morrow,KATHLEEN GAIL MORROW,director,THE SHRIMALA TRUST,03880647,gb,https://opencorporates.com/companies/gb/03880647
NO2EU,scotland,Brian Smith,ADAM MICHAEL BRIAN SMITH,director,TREVERA PROPERTY MANAGEMENT LIMITED,02966697,gb,https://opencorporates.com/companies/gb/02966697
NO2EU,scotland,Brian Smith,ALAN BRIAN SMITH,director,STRATAGEM BUSINESS MANAGEMENT AND TRAINING LIMITED,02208083,gb,https://opencorporates.com/companies/gb/02208083
NO2EU,scotland,Brian Smith,ALAN BRIAN SMITH,director,MID DEVON TRAINING LIMITED,01726217,gb,https://opencorporates.com/companies/gb/01726217
NO2EU,scotland,Brian Smith,ALAN BRIAN SMITH,secretary,SHOPLINK LIMITED,03663722,gb,https://opencorporates.com/companies/gb/03663722
NO2EU,scotland,Brian Smith,ALAN BRIAN SMITH,secretary,THE RED LION HOTEL (MINEHEAD) LIMITED,02744322,gb,https://opencorporates.com/companies/gb/02744322
NO2EU,scotland,Brian Smith,ALAN BRIAN SMITH,secretary,PEGAL INVESTMENTS LIMITED,05619277,gb,https://opencorporates.com/companies/gb/05619277
NO2EU,scotland,Brian Smith,ALAN BRIAN SMITH,secretary,VALE OF NEATH ARMS (SWANSEA) LIMITED,02816367,gb,https://opencorporates.com/companies/gb/02816367
NO2EU,scotland,Brian Smith,ALAN BRIAN SMITH,director,SHOPLINK LIMITED,03663722,gb,https://opencorporates.com/companies/gb/03663722
NO2EU,scotland,Brian Smith,ALAN BRIAN SMITH,secretary,THE R M INN (BIDEFORD) LIMITED,02870379,gb,https://opencorporates.com/companies/gb/02870379
NO2EU,scotland,Brian Smith,ALAN BRIAN SMITH,director,DEXCAM LIMITED,04204398,gb,https://opencorporates.com/companies/gb/04204398
NO2EU,scotland,Brian Smith,ALAN BRIAN SMITH,director,SUNNYHAYE LIMITED,07089022,gb,https://opencorporates.com/companies/gb/07089022
NO2EU,scotland,Brian Smith,ALAN BRIAN SMITH,director,THIRCON LIMITED,00077222,gb,https://opencorporates.com/companies/gb/00077222
NO2EU,scotland,Brian Smith,ALAN ROBERT BRIAN SMITH,director,IMPEL ENGINEERING LIMITED,04551174,gb,https://opencorporates.com/companies/gb/04551174
NO2EU,scotland,Brian Smith,ALBERT BRIAN SMITH,director,NORTHAMPTONSHIRE INDUSTRIAL TRAINING ASSOCIATION LIMITED,01343155,gb,https://opencorporates.com/companies/gb/01343155
NO2EU,scotland,Brian Smith,ALBERT BRIAN SMITH,director,"KINGS NORTON GOLF CLUB,LIMITED(THE)",00239074,gb,https://opencorporates.com/companies/gb/00239074
NO2EU,scotland,Brian Smith,ALFRED BRIAN SMITH,secretary,ADVANCED DRIVING CONSULTANCY LIMITED,03768909,gb,https://opencorporates.com/companies/gb/03768909
NO2EU,scotland,Brian Smith,ALFRED BRIAN SMITH,director,ADVANCED DRIVING CONSULTANCY LIMITED,03768909,gb,https://opencorporates.com/companies/gb/03768909
NO2EU,scotland,Brian Smith,ANDREW BRIAN SMITH,director,A.B.S SURVEYING LIMITED,05297071,gb,https://opencorporates.com/companies/gb/05297071
NO2EU,scotland,Brian Smith,ANDREW BRIAN SMITH,director,ANDREW SMITH ENGINEERING CONSULTANCY LIMITED,05887870,gb,https://opencorporates.com/companies/gb/05887870
NO2EU,scotland,Brian Smith,ANDREW BRIAN SMITH,director,MULTICONNECT LIMITED,04056402,gb,https://opencorporates.com/companies/gb/04056402
NO2EU,scotland,Brian Smith,ANDREW BRIAN SMITH,director,SUMMERCOMBE NO 96 LIMITED,02786117,gb,https://opencorporates.com/companies/gb/02786117
NO2EU,scotland,Brian Smith,ANDREW BRIAN SMITH,director,SOUTHERN TRADE FRAMES LIMITED,03683093,gb,https://opencorporates.com/companies/gb/03683093
NO2EU,scotland,Brian Smith,ANDREW BRIAN SMITH,director,THE FAITHFUL NEIGHBOURHOODS CENTRE,07573755,gb,https://opencorporates.com/companies/gb/07573755
NO2EU,scotland,Brian Smith,ANDREW BRIAN SMITH,secretary,ULLSWATER YACHT CLUB LIMITED,05902451,gb,https://opencorporates.com/companies/gb/05902451
NO2EU,scotland,Brian Smith,ANDREW BRIAN SMITH,director,ULLSWATER LAKE SAFETY & RESCUE ASSOCIATION LTD,04331028,gb,https://opencorporates.com/companies/gb/04331028
NO2EU,scotland,Brian Smith,ANDREW BRIAN SMITH,director,BERKSHIRE WINDOW CENTRE LIMITED,02038751,gb,https://opencorporates.com/companies/gb/02038751
NO2EU,scotland,Brian Smith,ANDREW BRIAN SMITH,director,ALIAS COMPUTERS LIMITED,05688351,gb,https://opencorporates.com/companies/gb/05688351
NO2EU,scotland,Brian Smith,ANDREW BRIAN SMITH,director,ASPECT WINDOWS & CONSERVATORIES LIMITED,04012636,gb,https://opencorporates.com/companies/gb/04012636
NO2EU,scotland,Brian Smith,ANDREW BRIAN SMITH,director,FAB AND JAC LIMITED,07508615,gb,https://opencorporates.com/companies/gb/07508615
NO2EU,scotland,Brian Smith,ANDREW BRIAN SMITH,secretary,SAMAX ESTATES LIMITED,03441917,gb,https://opencorporates.com/companies/gb/03441917
NO2EU,scotland,Richard Edward Veitch,"","","","","",""
Scottish Green Party,scotland,Maggie Chapman,MAGGIE JANET CHAPMAN,director,14 ARTERBERRY ROAD MANAGEMENT COMPANY LIMITED,04281189,gb,https://opencorporates.com/companies/gb/04281189
Scottish Green Party,scotland,Maggie Chapman,MAGGIE JANET CHAPMAN,secretary,CITY MINDS LIMITED,04119554,gb,https://opencorporates.com/companies/gb/04119554
Scottish Green Party,scotland,Maggie Chapman,MAGGIE JANET CHAPMAN,director,CITY MINDS LIMITED,04119554,gb,https://opencorporates.com/companies/gb/04119554
Scottish Green Party,scotland,Maggie Chapman,MAGGIE JANET CHAPMAN,secretary,14 ARTERBERRY ROAD MANAGEMENT COMPANY LIMITED,04281189,gb,https://opencorporates.com/companies/gb/04281189
Scottish Green Party,scotland,Chas Booth,"","","","","",""
Scottish Green Party,scotland,Grace Alice Murray,"","","","","",""
Scottish Green Party,scotland,Alastair Whitelaw,ALASTAIR WHITELAW,director,AW TRAINING AND CONSULTANCY LTD,08225416,gb,https://opencorporates.com/companies/gb/08225416
Scottish Green Party,scotland,Anne Katherine Thomas,KATHERINE ANNE THOMAS,director,BAY LEISURE LIMITED,06337728,gb,https://opencorporates.com/companies/gb/06337728
Scottish Green Party,scotland,Steen William Parish,"","","","","",""
Scottish National Party (SNP),scotland,Ian Hudghton,IAN STEWART HUDGHTON,director,SCOTTISH ENTERPRISE TAYSIDE,SC126821,gb,https://opencorporates.com/companies/gb/SC126821
Scottish National Party (SNP),scotland,Alyn Smith,ALYN EDWARD SMITH,director,TURNING POINT SCOTLAND,SC194639,gb,https://opencorporates.com/companies/gb/SC194639
Scottish National Party (SNP),scotland,Alyn Smith,ALYN EDWARD SMITH,director,STONEFIELD MANSIONS LIMITED,06905256,gb,https://opencorporates.com/companies/gb/06905256
Scottish National Party (SNP),scotland,Alyn Smith,ALYN EDWARD SMITH,director,LGBT YOUTH SCOTLAND,SC244805,gb,https://opencorporates.com/companies/gb/SC244805
Scottish National Party (SNP),scotland,Alyn Smith,ROBERT ALYN SMITH,director,COVELL MATTHEWS ARCHITECTS LIMITED,SC060029,gb,https://opencorporates.com/companies/gb/SC060029
Scottish National Party (SNP),scotland,Tasmina Ahmed-Sheikh,TASMINA AHMED SHEIKH,director,UK INTERPRETING SERVICES LTD,SC384116,gb,https://opencorporates.com/companies/gb/SC384116
Scottish National Party (SNP),scotland,Tasmina Ahmed-Sheikh,TASMINA AHMED SHEIKH,secretary,ELYSEE PRODUCTIONS INTERNATIONAL LIMITED,SC181993,gb,https://opencorporates.com/companies/gb/SC181993
Scottish National Party (SNP),scotland,Tasmina Ahmed-Sheikh,TASMINA AHMED-SHEIKH,director,HAMILTON BURNS COMMERCIAL LIMITED,SC384672,gb,https://opencorporates.com/companies/gb/SC384672
Scottish National Party (SNP),scotland,Tasmina Ahmed-Sheikh,TASMINA AHMED-SHEIKH,director,SHEIKH PACKAGING AND DISTRIBUTION LIMITED,SC444949,gb,https://opencorporates.com/companies/gb/SC444949
Scottish National Party (SNP),scotland,Tasmina Ahmed-Sheikh,TASMINA AHMED-SHEIKH,director,HAMILTON BURNS WS ESTATE AGENTS LIMITED,SC341976,gb,https://opencorporates.com/companies/gb/SC341976
Scottish National Party (SNP),scotland,Tasmina Ahmed-Sheikh,TASMINA AHMED-SHEIKH,director,DUTY3 LIMITED,08324052,gb,https://opencorporates.com/companies/gb/08324052
Scottish National Party (SNP),scotland,Tasmina Ahmed-Sheikh,TASMINA AHMED-SHEIKH,director,LOOKING GLASS PROPERTIES LIMITED,SC321485,gb,https://opencorporates.com/companies/gb/SC321485
Scottish National Party (SNP),scotland,Tasmina Ahmed-Sheikh,TASMINA AHMED-SHEIKH,director,IVISITUK LTD.,SC366126,gb,https://opencorporates.com/companies/gb/SC366126
Scottish National Party (SNP),scotland,Tasmina Ahmed-Sheikh,TASMINA AHMED-SHEIKH RIZUL,llp designated member,HAMILTON BURNS WS LLP,SO304664,gb,https://opencorporates.com/companies/gb/SO304664
Scottish National Party (SNP),scotland,Tasmina Ahmed-Sheikh,TASMINA SHEIKH,director,THE BONNIE BODY BAR (UK) LIMITED,SC148103,gb,https://opencorporates.com/companies/gb/SC148103
Scottish National Party (SNP),scotland,Tasmina Ahmed-Sheikh,TASMINA SHEIKH,secretary,THE BONNIE BODY BAR (UK) LIMITED,SC148103,gb,https://opencorporates.com/companies/gb/SC148103
Scottish National Party (SNP),scotland,Stephen Gethins,"","","","","",""
Scottish National Party (SNP),scotland,Toni Giugliano,"","","","","",""
Scottish National Party (SNP),scotland,Chris Stephens,CHRIS STEPHENS,director,W STEPHENS & SONS INSTALLATIONS LIMITED,07277877,gb,https://opencorporates.com/companies/gb/07277877
Scottish National Party (SNP),scotland,Chris Stephens,CHRIS STEPHENS,director,ARK CLADDING LIMITED,05906944,gb,https://opencorporates.com/companies/gb/05906944
UK Independence Party (UKIP),scotland,David Adam Coburn,DAVID ADAM COBURN,director,HELIOGABALUS CONSULTING LIMITED,05905147,gb,https://opencorporates.com/companies/gb/05905147
UK Independence Party (UKIP),scotland,David Adam Coburn,DAVID ADAM COBURN,director,LEXICON SCHOOL OF ENGLISH LIMITED,02615230,gb,https://opencorporates.com/companies/gb/02615230
UK Independence Party (UKIP),scotland,David Adam Coburn,DAVID ADAM COBURN,director,UNITED KINGDOM INDEPENDENCE PARTY LIMITED,05090691,gb,https://opencorporates.com/companies/gb/05090691
UK Independence Party (UKIP),scotland,David Adam Coburn,DAVID ADAM COBURN,secretary,LEXICON SCHOOL OF ENGLISH LIMITED,02615230,gb,https://opencorporates.com/companies/gb/02615230
UK Independence Party (UKIP),scotland,David Adam Coburn,DAVID ADAM COBURN,secretary,HELIOGABALUS CONSULTING LIMITED,05905147,gb,https://opencorporates.com/companies/gb/05905147
UK Independence Party (UKIP),scotland,David Adam Coburn,DAVID ADAM COBURN,director,D & C TRADING LIMITED,07295116,gb,https://opencorporates.com/companies/gb/07295116
UK Independence Party (UKIP),scotland,Kevin Andrew Newton,ANDREW KEVIN NEWTON,director,BLU LIMITED,03785757,gb,https://opencorporates.com/companies/gb/03785757
UK Independence Party (UKIP),scotland,Kevin Andrew Newton,ANDREW KEVIN NEWTON,secretary,WHOLEHEART WORKS LIMITED,04827825,gb,https://opencorporates.com/companies/gb/04827825
UK Independence Party (UKIP),scotland,Kevin Andrew Newton,KEVIN ANDREW NEWTON,secretary,NEWBY BRIDGE CARAVANS LIMITED,02008442,gb,https://opencorporates.com/companies/gb/02008442
UK Independence Party (UKIP),scotland,Kevin Andrew Newton,KEVIN ANDREW NEWTON,director,NEWBY BRIDGE CARAVANS LIMITED,02008442,gb,https://opencorporates.com/companies/gb/02008442
UK Independence Party (UKIP),scotland,Kevin Andrew Newton,KEVIN ANDREW NEWTON,secretary,ANGECROFT CARAVAN PARK LIMITED,02924615,gb,https://opencorporates.com/companies/gb/02924615
UK Independence Party (UKIP),scotland,Kevin Andrew Newton,KEVIN ANDREW NEWTON,director,ANGECROFT CARAVAN PARK LIMITED,02924615,gb,https://opencorporates.com/companies/gb/02924615
UK Independence Party (UKIP),scotland,Otto Inglis,"","","","","",""
UK Independence Party (UKIP),scotland,Denise Mary Baykal,"","","","","",""
UK Independence Party (UKIP),scotland,Hugh Hatrick,HUGH HATRICK,director,AUTOSTAR CAR RENTAL LTD.,SC276161,gb,https://opencorporates.com/companies/gb/SC276161
UK Independence Party (UKIP),scotland,Malcolm George-Eric MacKay,MALCOLM GEORGE ERIC MACKAY,director,PARTY TENT LIMITED,SC148379,gb,https://opencorporates.com/companies/gb/SC148379
UK Independence Party (UKIP),scotland,Malcolm George-Eric MacKay,MALCOLM GEORGE MACKAY,secretary,HHP COMMUNITY HOUSING LIMITED,SC379412,gb,https://opencorporates.com/companies/gb/SC379412
UK Independence Party (UKIP),scotland,Malcolm George-Eric MacKay,MALCOLM GEORGE-ERIC MACKAY,director,SOCEL UK LIMITED,SC432646,gb,https://opencorporates.com/companies/gb/SC432646
