UK Independence Party (UKIP),south-west,Keith Montgomery Crawford,KEITH MONTGOMERY CRAWFORD,director,MONKTON COURT LIMITED,02195782,gb,https://opencorporates.com/companies/gb/02195782
UK Independence Party (UKIP),south-west,Keith Montgomery Crawford,KEITH MONTGOMERY CRAWFORD,director,MONKTON COURT LIMITED,05659499,gb,https://opencorporates.com/companies/gb/05659499
UK Independence Party (UKIP),south-west,Keith Montgomery Crawford,KEITH MONTGOMERY CRAWFORD,director,FRIERNHAY PROPERTY MANAGEMENT LIMITED,03050043,gb,https://opencorporates.com/companies/gb/03050043
UK Independence Party (UKIP),south-west,Keith Montgomery Crawford,SIMON KEITH MONTGOMERY CRAWFORD,director,MONKTON COURT LIMITED,02195782,gb,https://opencorporates.com/companies/gb/02195782
UK Independence Party (UKIP),south-west,Keith Montgomery Crawford,SIMON KEITH MONTGOMERY CRAWFORD,secretary,MONKTON COURT LIMITED,02195782,gb,https://opencorporates.com/companies/gb/02195782
UK Independence Party (UKIP),south-west,Robert Lee Smith,GREGORY ROBERT LEE SMITH,director,IMAGE SENSING SYSTEMS HOLDINGS LIMITED,07268542,gb,https://opencorporates.com/companies/gb/07268542
UK Independence Party (UKIP),south-west,Robert Lee Smith,GREGORY ROBERT LEE SMITH,director,IMAGE SENSING SYSTEMS UK LIMITED,03791347,gb,https://opencorporates.com/companies/gb/03791347
UK Independence Party (UKIP),south-west,Robert Lee Smith,GREGORY ROBERT LEE SMITH,director,IMAGE SENSING SYSTEMS UK LIMITED,03791347,gb,https://opencorporates.com/companies/gb/03791347
UK Independence Party (UKIP),south-west,Robert Lee Smith,GREGORY ROBERT LEE SMITH,secretary,IMAGE SENSING SYSTEMS EUROPE LIMITED,05148882,gb,https://opencorporates.com/companies/gb/05148882
UK Independence Party (UKIP),south-west,Robert Lee Smith,GREGORY ROBERT LEE SMITH,director,IMAGE SENSING SYSTEMS EUROPE LIMITED,05148882,gb,https://opencorporates.com/companies/gb/05148882
UK Independence Party (UKIP),south-west,Robert Lee Smith,LEE ROBERT SMITH,director,STRATTON CREBER LIMITED,05245807,gb,https://opencorporates.com/companies/gb/05245807
UK Independence Party (UKIP),south-west,Robert Lee Smith,LEE ROBERT SMITH,director,"ENVIROGEN, TYRE & RUBBER REPROCESSORS LIMITED",02757613,gb,https://opencorporates.com/companies/gb/02757613
UK Independence Party (UKIP),south-west,Robert Lee Smith,LEE ROBERT SMITH,director,S.W. ENVIRONMENTAL LIMITED,04584260,gb,https://opencorporates.com/companies/gb/04584260
UK Independence Party (UKIP),south-west,Robert Lee Smith,LEE ROBERT SMITH,director,PRISM ENVIRONMENTAL SOLUTIONS LTD,07359002,gb,https://opencorporates.com/companies/gb/07359002
UK Independence Party (UKIP),south-west,Robert Lee Smith,LEE ROBERT SMITH,director,LRS GROUNDWORKS LIMITED,07616582,gb,https://opencorporates.com/companies/gb/07616582
UK Independence Party (UKIP),south-west,Robert Lee Smith,ROBERT LEE SMITH,director,SENS-ABILITY LIMITED,04060034,gb,https://opencorporates.com/companies/gb/04060034
UK Independence Party (UKIP),south-west,Robert Lee Smith,ROBERT LEE SMITH,director,LBA LOGISTICS LTD,07802951,gb,https://opencorporates.com/companies/gb/07802951
UK Independence Party (UKIP),south-west,Robert Lee Smith,ROBERT LEE SMITH,director,LAROBRI COMPUTERS LTD,04478761,gb,https://opencorporates.com/companies/gb/04478761
UK Independence Party (UKIP),south-west,Robert Lee Smith,ROBERT LEE SMITH,director,DOWNTOWN BUSINESS SOLUTIONS LIMITED,03392489,gb,https://opencorporates.com/companies/gb/03392489
UK Independence Party (UKIP),south-west,Robert Lee Smith,ROBERT LEE SMITH,secretary,ROBERT SMITH LIMITED,04059815,gb,https://opencorporates.com/companies/gb/04059815
UK Independence Party (UKIP),south-west,Robert Lee Smith,ROBERT LEE SMITH,director,ROBERT SMITH LIMITED,04059815,gb,https://opencorporates.com/companies/gb/04059815
UK Independence Party (UKIP),south-west,Robert Lee Smith,ROBERT LEE SMITH,director,PLACE2BE,02876150,gb,https://opencorporates.com/companies/gb/02876150
UK Independence Party (UKIP),south-west,Robert Lee Smith,ROBERT LEE SMITH,secretary,SENS-ABILITY LIMITED,04060034,gb,https://opencorporates.com/companies/gb/04060034
UK Independence Party (UKIP),south-west,Robert Lee Smith,ROBERT LEE SMITH,secretary,SOUTH WEST PLUMBING AND HEATING LIMITED,03758255,gb,https://opencorporates.com/companies/gb/03758255
UK Independence Party (UKIP),south-west,Robert Lee Smith,ROBERT LEE SMITH,secretary,GRACECHURCH UTG NO. 20 LIMITED,03644075,gb,https://opencorporates.com/companies/gb/03644075
UK Independence Party (UKIP),south-west,Robert Lee Smith,ROBERT LEE SMITH,director,GRACECHURCH UTG NO. 20 LIMITED,03644075,gb,https://opencorporates.com/companies/gb/03644075
UK Independence Party (UKIP),south-west,Robert Lee Smith,ROBERT LEE SMITH,director,THE NATIONAL LITERACY TRUST,05836486,gb,https://opencorporates.com/companies/gb/05836486
UK Independence Party (UKIP),south-west,Robert Lee Smith,ROBERT LEE SMITH MCKEITHEN,director,CADENCE DESIGN FOUNDRY UK LIMITED,02147972,gb,https://opencorporates.com/companies/gb/02147972
UK Independence Party (UKIP),south-west,Robert Lee Smith,ROBERT LEE SMITH MCKEITHEN,director,ESPERAN (U.S.) LIMITED,03377873,gb,https://opencorporates.com/companies/gb/03377873
UK Independence Party (UKIP),south-west,Robert Lee Smith,ROBERT LEE SMITH MCKEITHEN,director,CADENCE DESIGN SYSTEMS LIMITED,02457888,gb,https://opencorporates.com/companies/gb/02457888
UK Independence Party (UKIP),south-west,Robert Lee Smith,ROBERT LEE SMITH MCKEITHEN,director,SYMBIONICS GROUP LIMITED,03248564,gb,https://opencorporates.com/companies/gb/03248564
UK Independence Party (UKIP),south-west,Tony McIntyre,TONY MCINTYRE,director,AITIRELAND LTD,06374881,gb,https://opencorporates.com/companies/gb/06374881
UK Independence Party (UKIP),south-west,Tony McIntyre,TONY MCINTYRE,director,DEVON WHEELS 2 WORK C.I.C,05927572,gb,https://opencorporates.com/companies/gb/05927572
UK Independence Party (UKIP),south-west,Gawain Howard Wilkinson,GAWAIN HOWARD WILKINSON TOWLER,director,1 KENNINGTON PARK PLACE LIMITED,05834221,gb,https://opencorporates.com/companies/gb/05834221
UK Independence Party (UKIP),south-west,Julia Reid,CHRISTINE JULIA REID,director,MALCOLM REID ASSOCIATES LIMITED,05087475,gb,https://opencorporates.com/companies/gb/05087475
UK Independence Party (UKIP),south-west,Julia Reid,CHRISTINE JULIA REID,secretary,MALCOLM REID ASSOCIATES LIMITED,05087475,gb,https://opencorporates.com/companies/gb/05087475
UK Independence Party (UKIP),south-west,Julia Reid,CLARE JULIA REID,director,EQUINE EXCELLENCE LIMITED,06652029,gb,https://opencorporates.com/companies/gb/06652029
UK Independence Party (UKIP),south-west,Julia Reid,CLARE JULIA REID,director,EQUINE EXCELLENCE LIMITED,06652029,gb,https://opencorporates.com/companies/gb/06652029
UK Independence Party (UKIP),south-west,Julia Reid,FIONA JULIA REID,director,THE HELPFUL HEAD LTD,07775273,gb,https://opencorporates.com/companies/gb/07775273
UK Independence Party (UKIP),south-west,Julia Reid,HELEN JULIA REID,secretary,REID-IT LIMITED,02745471,gb,https://opencorporates.com/companies/gb/02745471
UK Independence Party (UKIP),south-west,Julia Reid,JOANNA JULIA REID,secretary,DAVID E REID ASSOCIATES LIMITED,03722203,gb,https://opencorporates.com/companies/gb/03722203
UK Independence Party (UKIP),south-west,Julia Reid,JULIA ANNE REID,director,REITH ASSOCIATES LIMITED,SC223086,gb,https://opencorporates.com/companies/gb/SC223086
UK Independence Party (UKIP),south-west,Julia Reid,JULIA ANNE REID,secretary,REITH ASSOCIATES LIMITED,SC223086,gb,https://opencorporates.com/companies/gb/SC223086
UK Independence Party (UKIP),south-west,Julia Reid,JULIA BRONWIN REID,secretary,GLOBAL HOMEWARE COLLECTIONS LIMITED,03784918,gb,https://opencorporates.com/companies/gb/03784918
UK Independence Party (UKIP),south-west,Julia Reid,JULIA BRONWIN REID,director,JULIA REID MANUFACTURING LIMITED,04739624,gb,https://opencorporates.com/companies/gb/04739624
UK Independence Party (UKIP),south-west,Julia Reid,JULIA BRONWIN REID,director,GLOBAL HOMEWARE COLLECTIONS LIMITED,03784918,gb,https://opencorporates.com/companies/gb/03784918
UK Independence Party (UKIP),south-west,Julia Reid,JULIA BRONWIN REID,director,INTERIORS BY JULIA REID LIMITED,04739181,gb,https://opencorporates.com/companies/gb/04739181
UK Independence Party (UKIP),south-west,Julia Reid,JULIA BRONWIN REID,director,JULIA REID INTERIORS LIMITED,04344243,gb,https://opencorporates.com/companies/gb/04344243
UK Independence Party (UKIP),south-west,Julia Reid,JULIA BRONWIN REID,director,HAGMAN FINANCIAL SOLUTIONS LIMITED,04012573,gb,https://opencorporates.com/companies/gb/04012573
UK Independence Party (UKIP),south-west,Julia Reid,JULIA IRENE REID,secretary,AJS ELITE CATERING LTD,SC297622,gb,https://opencorporates.com/companies/gb/SC297622
UK Independence Party (UKIP),south-west,Julia Reid,JULIA IRENE REID,secretary,CLOAN HATCHERIES LIMITED,SC055383,gb,https://opencorporates.com/companies/gb/SC055383
UK Independence Party (UKIP),south-west,Julia Reid,JULIA IRENE REID,secretary,DKM BUILDING SERVICES LTD,SC475555,gb,https://opencorporates.com/companies/gb/SC475555
UK Independence Party (UKIP),south-west,Julia Reid,JULIA REID,director,CASSALINGA CONSULTING SERVICES LIMITED,05977639,gb,https://opencorporates.com/companies/gb/05977639
UK Independence Party (UKIP),south-west,Julia Reid,JULIA REID,director,JULIA REID PSYCHOLOGY SERVICES LTD,08008236,gb,https://opencorporates.com/companies/gb/08008236
UK Independence Party (UKIP),south-west,Julia Reid,JULIA REID,director,FLOWER ESSENCE SUPPLY COMPANY LIMITED,05506534,gb,https://opencorporates.com/companies/gb/05506534
UK Independence Party (UKIP),south-west,Julia Reid,JULIA REID,secretary,THE FIG TREE DELI COMPANY LIMITED,SC342837,gb,https://opencorporates.com/companies/gb/SC342837
UK Independence Party (UKIP),south-west,Julia Reid,JULIA REID,secretary,LANGTOON GARDEN MAINTENANCE LIMITED,SC352315,gb,https://opencorporates.com/companies/gb/SC352315
UK Independence Party (UKIP),south-west,Julia Reid,JULIA REID,director,STRATHCLYDE SECURITIES COMPANY LIMITED,SC022634,gb,https://opencorporates.com/companies/gb/SC022634
UK Independence Party (UKIP),south-west,Julia Reid,JULIA REID,director,TELFER TRUST COMPANY LIMITED (THE),SC019077,gb,https://opencorporates.com/companies/gb/SC019077
UK Independence Party (UKIP),south-west,Julia Reid,JULIA REID,director,CROSSROADS (PERTH & KINROSS) CARE ATTENDANT SCHEME,SC182274,gb,https://opencorporates.com/companies/gb/SC182274
UK Independence Party (UKIP),south-west,Julia Reid,JULIA REID,director,COCHRANE PROPERTY COMPANY LIMITED,SC028051,gb,https://opencorporates.com/companies/gb/SC028051
UK Independence Party (UKIP),south-west,Julia Reid,JULIA REID,secretary,SYNDAXI FINANCIAL PLANNING LIMITED,03531063,gb,https://opencorporates.com/companies/gb/03531063
UK Independence Party (UKIP),south-west,Julia Reid,JULIA REID,director,SYNDAXI FINANCIAL PLANNING LIMITED,03531063,gb,https://opencorporates.com/companies/gb/03531063
UK Independence Party (UKIP),south-west,Julia Reid,JULIA REID,director,CLYDESDALE SECURITIES COMPANY LIMITED,SC021300,gb,https://opencorporates.com/companies/gb/SC021300
UK Independence Party (UKIP),south-west,William Dartmouth,ANDREW WILLIAM DARTMOUTH,director,LONDON CONSTRUCTION & MAINTENANCE LIMITED,06958111,gb,https://opencorporates.com/companies/gb/06958111
UK Independence Party (UKIP),south-west,William Dartmouth,ANDREW WILLIAM DARTMOUTH,director,SUPPORT AND MAINTENANCE SERVICES LIMITED,04921331,gb,https://opencorporates.com/companies/gb/04921331
UK Independence Party (UKIP),south-west,William Dartmouth,ANDREW WILLIAM DARTMOUTH,director,IDEAL CHILDCARE LIMITED,05986067,gb,https://opencorporates.com/companies/gb/05986067
UK Independence Party (UKIP),south-west,William Dartmouth,ANDREW WILLIAM DARTMOUTH,director,DARTMOUTH MEWS DEVELOPEMENTS LTD,04750306,gb,https://opencorporates.com/companies/gb/04750306
UK Independence Party (UKIP),south-west,William Dartmouth,ANDREW WILLIAM DARTMOUTH,director,CHARLES DARTMOUTH LIMITED,02587041,gb,https://opencorporates.com/companies/gb/02587041
UK Independence Party (UKIP),south-west,William Dartmouth,ANDREW WILLIAM DARTMOUTH,director,VENTURE HOUSING LIMITED,04186146,gb,https://opencorporates.com/companies/gb/04186146
UK Independence Party (UKIP),south-west,William Dartmouth,ANDREW WILLIAM DARTMOUTH,director,CITY BUILD (LONDON) LTD,07777545,gb,https://opencorporates.com/companies/gb/07777545
UK Independence Party (UKIP),south-west,William Dartmouth,WILLIAM DARTMOUTH,director,GLOBAL PRE PRINT LIMITED,04954332,gb,https://opencorporates.com/companies/gb/04954332
UK Independence Party (UKIP),south-west,William Dartmouth,WILLIAM DARTMOUTH,director,CHEAPFLIGHTS.COM LIMITED,03960826,gb,https://opencorporates.com/companies/gb/03960826
UK Independence Party (UKIP),south-west,William Dartmouth,WILLIAM DARTMOUTH,secretary,WHITE ROSE INTERNET LIMITED,03902850,gb,https://opencorporates.com/companies/gb/03902850
UK Independence Party (UKIP),south-west,William Dartmouth,WILLIAM DARTMOUTH,director,WHITE ROSE INTERNET LIMITED,03902850,gb,https://opencorporates.com/companies/gb/03902850
UK Independence Party (UKIP),south-west,William Dartmouth,WILLIAM DARTMOUTH,director,COAL POLAND LIMITED,04888321,gb,https://opencorporates.com/companies/gb/04888321
UK Independence Party (UKIP),south-west,William Dartmouth,WILLIAM DARTMOUTH,director,HANSON FAMILY HOLDINGS LIMITED,00837751,gb,https://opencorporates.com/companies/gb/00837751
UK Independence Party (UKIP),south-west,William Dartmouth,WILLIAM DARTMOUTH,director,PAN AFRICAN RESOURCES PLC,03937466,gb,https://opencorporates.com/companies/gb/03937466
UK Independence Party (UKIP),south-west,William Dartmouth,WILLIAM DARTMOUTH,director,45-47 GROSVENOR SQUARE FREEHOLD LIMITED,06213709,gb,https://opencorporates.com/companies/gb/06213709
UK Independence Party (UKIP),south-west,William Dartmouth,WILLIAM DARTMOUTH,director,CHUDLEIGH FARMING LIMITED,06392402,gb,https://opencorporates.com/companies/gb/06392402
UK Independence Party (UKIP),south-west,William Dartmouth,WILLIAM DARTMOUTH,director,MOMONDO GROUP LIMITED,03914064,gb,https://opencorporates.com/companies/gb/03914064
UK Independence Party (UKIP),south-west,William Dartmouth,WILLIAM DARTMOUTH VISCOUNT LEWISHAM,director,WHITE ROSE INDIA LIMITED,06811996,gb,https://opencorporates.com/companies/gb/06811996
Liberal Democrats,south-west,Lyana Patricia Armstong-,"","","","","",""
Liberal Democrats,south-west,Jay Oliver Risbridger,JAY OLIVER RISBRIDGER,director,THE GREEN STATIONERY COMPANY LTD,02834890,gb,https://opencorporates.com/companies/gb/02834890
Liberal Democrats,south-west,Jay Oliver Risbridger,JAY OLIVER RISBRIDGER,director,GREEN BUSINESS COMPANY LIMITED,02237045,gb,https://opencorporates.com/companies/gb/02237045
Liberal Democrats,south-west,Jay Oliver Risbridger,JAY OLIVER RISBRIDGER,director,BATH GREEN PAPERS LIMITED,02378601,gb,https://opencorporates.com/companies/gb/02378601
Liberal Democrats,south-west,Jay Oliver Risbridger,JAY OLIVER RISBRIDGER,director,BATH OLIVER CURRENCY CIC,07950896,gb,https://opencorporates.com/companies/gb/07950896
Liberal Democrats,south-west,Andrew Paul Wigley,ANDREW PAUL WIGLEY,secretary,FABR LIMITED,07501060,gb,https://opencorporates.com/companies/gb/07501060
Liberal Democrats,south-west,Andrew Paul Wigley,ANDREW PAUL WIGLEY,director,FABR LIMITED,07501060,gb,https://opencorporates.com/companies/gb/07501060
Liberal Democrats,south-west,Andrew Paul Wigley,ANDREW PAUL WIGLEY,director,EVOLVED DESIGN (LIFESTYLE) LTD,08376037,gb,https://opencorporates.com/companies/gb/08376037
Liberal Democrats,south-west,Brian George Felton Mathew,"","","","","",""
Liberal Democrats,south-west,Kay Barnard,HELEN KAY BARNARD,director,VEGETARIAN SOCIETY OF THE UNITED KINGDOM LIMITED (THE),00959115,gb,https://opencorporates.com/companies/gb/00959115
Liberal Democrats,south-west,Kay Barnard,KAY BARNARD,secretary,BARNARD & GOODING (GOATS MILK) LIMITED,02482234,gb,https://opencorporates.com/companies/gb/02482234
Liberal Democrats,south-west,Kay Barnard,KAY BARNARD,director,TLC CARE AGENCY LIMITED,03970749,gb,https://opencorporates.com/companies/gb/03970749
Liberal Democrats,south-west,Kay Barnard,KAY BARNARD,director,GREEN BARNARD LTD,05963536,gb,https://opencorporates.com/companies/gb/05963536
Liberal Democrats,south-west,Kay Barnard,KAY BARNARD,secretary,SOMERSET WETLAND WILDLIFE FOUNDATION LTD,06837853,gb,https://opencorporates.com/companies/gb/06837853
Liberal Democrats,south-west,Kay Barnard,KAY BARNARD,director,J & K BARNARD (FARMS) LIMITED,03376264,gb,https://opencorporates.com/companies/gb/03376264
Liberal Democrats,south-west,Kay Barnard,KAY BARNARD,director,GRASSROOTS FOOD LTD.,03897642,gb,https://opencorporates.com/companies/gb/03897642
Liberal Democrats,south-west,Graham Robert Watson,GRAHAM ROBERT WATSON,director,FILLERS SANDWICH BARS LIMITED,SC318037,gb,https://opencorporates.com/companies/gb/SC318037
Liberal Democrats,south-west,Graham Robert Watson,GRAHAM ROBERT WATSON,director,BIO BULGARIA DEVELOPMENT COMPANY LTD,06113491,gb,https://opencorporates.com/companies/gb/06113491
Liberal Democrats,south-west,Graham Robert Watson,GRAHAM ROBERT WATSON,director,LONGFIELD GROVE MANAGEMENT COMPANY LIMITED,05814037,gb,https://opencorporates.com/companies/gb/05814037
Liberal Democrats,south-west,Graham Robert Watson,ROBERT GRAHAM WATSON,director,GRADECROSS COMPUTING LIMITED,02838470,gb,https://opencorporates.com/companies/gb/02838470
Liberal Democrats,south-west,Graham Robert Watson,ROBERT GRAHAM WATSON,director,CENTMAP LIMITED,01996241,gb,https://opencorporates.com/companies/gb/01996241
Liberal Democrats,south-west,Graham Robert Watson,ROBERT GRAHAM WATSON,director,INPHARMATION LIMITED,03567687,gb,https://opencorporates.com/companies/gb/03567687
Labour Party,south-west,Junab Ali,JUNAB ALI,director,STEPSIDE LTD,05159259,gb,https://opencorporates.com/companies/gb/05159259
Labour Party,south-west,Junab Ali,JUNAB ALI,director,BANGLADESH FEMALE ACADEMY LIMITED,05275955,gb,https://opencorporates.com/companies/gb/05275955
Labour Party,south-west,Junab Ali,JUNAB ALI,director,ANGLO ASIAN FINANCIAL SERVICES LTD.,02873551,gb,https://opencorporates.com/companies/gb/02873551
Labour Party,south-west,Junab Ali,JUNAB ALI,director,JAFLONG LECHLADE LIMITED,05665736,gb,https://opencorporates.com/companies/gb/05665736
Labour Party,south-west,Junab Ali,JUNAB ALI,director,RAHAN TAKEAWAY LTD,07867002,gb,https://opencorporates.com/companies/gb/07867002
Labour Party,south-west,Junab Ali,JUNAB ALI,director,J.A.K. (WALSALL) LIMITED,07774735,gb,https://opencorporates.com/companies/gb/07774735
Labour Party,south-west,Junab Ali,JUNAB ALI,director,CURRY GARDEN TANDOORI RESTAURANT LIMITED,03135566,gb,https://opencorporates.com/companies/gb/03135566
Labour Party,south-west,Junab Ali,MOHAMMED JUNAB ALI,director,TOUCHNTALK LTD,06995066,gb,https://opencorporates.com/companies/gb/06995066
Labour Party,south-west,Junab Ali,MOHAMMED JUNAB ALI,director,CINNAMON LODGE BRASSERIE LTD,06661334,gb,https://opencorporates.com/companies/gb/06661334
Labour Party,south-west,Jude Robinson,GERARD JUDE ROBINSON,director,NOVAR LIMITED,02262172,gb,https://opencorporates.com/companies/gb/02262172
Labour Party,south-west,Jude Robinson,GERARD JUDE ROBINSON,director,FORMER AMICUS HEALTHCARE LIMITED,00116776,gb,https://opencorporates.com/companies/gb/00116776
Labour Party,south-west,Jude Robinson,GERRARD JUDE ROBINSON,director,COMPASS NOMINEE COMPANY NUMBER THIRTEEN LIMITED,01193134,gb,https://opencorporates.com/companies/gb/01193134
Labour Party,south-west,Jude Robinson,GERRARD JUDE ROBINSON,director,GBLC ADMINISTRATION LIMITED,02860478,gb,https://opencorporates.com/companies/gb/02860478
Labour Party,south-west,Jude Robinson,GERRARD JUDE ROBINSON,director,TAYLOR MADE CUTTING & CREASING FORMES LIMITED,02415294,gb,https://opencorporates.com/companies/gb/02415294
Labour Party,south-west,Jude Robinson,GERRARD JUDE ROBINSON,director,GBLC HOLDINGS LIMITED,02859764,gb,https://opencorporates.com/companies/gb/02859764
Labour Party,south-west,Jude Robinson,GERRARD JUDE ROBINSON,director,GBLC PLC,02860481,gb,https://opencorporates.com/companies/gb/02860481
Labour Party,south-west,Jude Robinson,GERRARD JUDE ROBINSON,director,RAPHOE MANAGEMENT LIMITED,05512791,gb,https://opencorporates.com/companies/gb/05512791
Labour Party,south-west,Jude Robinson,GERRARD JUDE ROBINSON,director,PARTNERSHIPS IN CHILDREN'S SERVICES LIMITED,08152989,gb,https://opencorporates.com/companies/gb/08152989
Labour Party,south-west,Jude Robinson,GERRARD JUDE ROBINSON,director,ITV DIGITAL HOLDINGS LIMITED,03261192,gb,https://opencorporates.com/companies/gb/03261192
Labour Party,south-west,Jude Robinson,GERRARD JUDE ROBINSON,director,GRANADA LIMITED,03962410,gb,https://opencorporates.com/companies/gb/03962410
Labour Party,south-west,Jude Robinson,GERRARD JUDE ROBINSON,director,GRANADA GROUP LIMITED,00290076,gb,https://opencorporates.com/companies/gb/00290076
Labour Party,south-west,Jude Robinson,GERRARD JUDE ROBINSON,director,GRANADA UK RENTAL AND RETAIL LIMITED,00250311,gb,https://opencorporates.com/companies/gb/00250311
Labour Party,south-west,Jude Robinson,GERRARD JUDE ROBINSON,director,MOTO HOSPITALITY LIMITED,00734299,gb,https://opencorporates.com/companies/gb/00734299
Labour Party,south-west,Jude Robinson,JUDE EDMUND ANTONIN ROBINSON,director,274 ST. PAULS ROAD RESIDENTS COMPANY LIMITED,02679985,gb,https://opencorporates.com/companies/gb/02679985
Labour Party,south-west,Jude Robinson,JUDE ROBINSON,director,DOTCODE LIMITED,03696137,gb,https://opencorporates.com/companies/gb/03696137
Labour Party,south-west,Jude Robinson,JUDE ROBINSON,director,TRANSCOURT DESIGNS LIMITED,03967484,gb,https://opencorporates.com/companies/gb/03967484
Labour Party,south-west,Hadleigh Vaughan Roberts,"","","","","",""
Labour Party,south-west,Ann Margaret Reeder,ANN MARGARET REEDER,director,COUNCILLOR DIRECT CIC,07021500,gb,https://opencorporates.com/companies/gb/07021500
Labour Party,south-west,Glyn Ford,ANDREW GLYN FORD,director,STUART JAMES CELEBRATIONS LTD,07727936,gb,https://opencorporates.com/companies/gb/07727936
Labour Party,south-west,Glyn Ford,ANDREW GLYN FORD,secretary,BEST (UK) LTD,06656488,gb,https://opencorporates.com/companies/gb/06656488
Labour Party,south-west,Glyn Ford,ANDREW GLYN FORD,director,BEST (UK) LTD,06656488,gb,https://opencorporates.com/companies/gb/06656488
Labour Party,south-west,Glyn Ford,GLYN FORD,director,ARENA PRINT SERVICES LIMITED,02846998,gb,https://opencorporates.com/companies/gb/02846998
Labour Party,south-west,Glyn Ford,GLYN JOHN FORD,director,JANUS PROPERTY LIMITED,05186935,gb,https://opencorporates.com/companies/gb/05186935
Labour Party,south-west,Glyn Ford,GLYN PATRICK FORD,director,BUSINESS CONNECT NEATH PORT TALBOT LIMITED,03181914,gb,https://opencorporates.com/companies/gb/03181914
Labour Party,south-west,Glyn Ford,GLYN VICTOR FORD-ROBBINS,secretary,PAGEANT THEATRE PRODUCTIONS LIMITED,03092898,gb,https://opencorporates.com/companies/gb/03092898
Labour Party,south-west,Glyn Ford,GLYN VICTOR FORD-ROBBINS,director,INTERPLAY (INFORMATION) LIMITED,02615366,gb,https://opencorporates.com/companies/gb/02615366
Labour Party,south-west,Glyn Ford,GLYN VICTOR FORD-ROBBINS,director,UVERDALE PUBLICATIONS LIMITED,02035098,gb,https://opencorporates.com/companies/gb/02035098
Labour Party,south-west,Glyn Ford,GLYN VICTOR FORD-ROBBINS,director,VARIETY & FAMILY PRODUCTIONS LIMITED,01746027,gb,https://opencorporates.com/companies/gb/01746027
Labour Party,south-west,Glyn Ford,GLYN VICTOR FORD-ROBBINS,director,SIXTIES NIGHT LIMITED,02013244,gb,https://opencorporates.com/companies/gb/02013244
Labour Party,south-west,Glyn Ford,GLYN VICTOR FORD-ROBBINS,director,BOOKPLEDGE LIMITED,02114060,gb,https://opencorporates.com/companies/gb/02114060
Labour Party,south-west,Glyn Ford,GLYN VICTOR FORD-ROBBINS,director,PAGEANT THEATRE COMPANY LIMITED,03025455,gb,https://opencorporates.com/companies/gb/03025455
Labour Party,south-west,Glyn Ford,JAMES GLYN FORD,director,EUROPEAN SHADOW COMMUNICATIONS AGENCY LIMITED,02526500,gb,https://opencorporates.com/companies/gb/02526500
Labour Party,south-west,Glyn Ford,JAMES GLYN FORD,director,POL-INT LIMITED,06963311,gb,https://opencorporates.com/companies/gb/06963311
Labour Party,south-west,Clare Miranda Moody,NICOLA CLARE MIRANDA MOODY,secretary,INCEPT LTD.,03059354,gb,https://opencorporates.com/companies/gb/03059354
Labour Party,south-west,Clare Miranda Moody,NICOLA CLARE MIRANDA MOODY,secretary,KEITH MOODY PROJECT CONSULTANCY (KMPC) LIMITED,05571518,gb,https://opencorporates.com/companies/gb/05571518
Green Party,south-west,Mark Chivers,CHRISTOPHER MARK CHIVERS,director,THE BLACKBURN DIOCESAN BOARD OF EDUCATION,00557954,gb,https://opencorporates.com/companies/gb/00557954
Green Party,south-west,Mark Chivers,CHRISTOPHER MARK CHIVERS,director,BLACKBURN CATHEDRAL TRUST,07044409,gb,https://opencorporates.com/companies/gb/07044409
Green Party,south-west,Mark Chivers,GORDON MARK CHIVERS,director,CUMBRIA TRAINING PARTNERSHIP,04394480,gb,https://opencorporates.com/companies/gb/04394480
Green Party,south-west,Mark Chivers,JONATHAN MARK CHIVERS,director,THE NATIONAL RETAIL PLANNING FORUM,03071181,gb,https://opencorporates.com/companies/gb/03071181
Green Party,south-west,Mark Chivers,JONATHAN MARK CHIVERS,director,NOTTINGHAM ENTERPRISE ZONE DEVELOPMENT COMPANY LIMITED,08452579,gb,https://opencorporates.com/companies/gb/08452579
Green Party,south-west,Mark Chivers,JONATHAN MARK CHIVERS,director,CREATIVE QUARTER NOTTINGHAM LIMITED,08336489,gb,https://opencorporates.com/companies/gb/08336489
Green Party,south-west,Mark Chivers,MARK ANDREW CHIVERS,director,EM ASSESSMENTS LIMITED,04094099,gb,https://opencorporates.com/companies/gb/04094099
Green Party,south-west,Mark Chivers,MARK ANDREW CHIVERS,secretary,EM ASSESSMENTS LIMITED,04094099,gb,https://opencorporates.com/companies/gb/04094099
Green Party,south-west,Mark Chivers,MARK ANSELM CHIVERS,director,KWOTURE LIMITED,02947404,gb,https://opencorporates.com/companies/gb/02947404
Green Party,south-west,Mark Chivers,MARK CHIVERS,director,ENTERPRISE CONSULTING & CHANGE MANAGEMENT LIMITED,03552561,gb,https://opencorporates.com/companies/gb/03552561
Green Party,south-west,Mark Chivers,MARK CHIVERS,secretary,MILLARDS COURT MANAGEMENT COMPANY LIMITED,03223696,gb,https://opencorporates.com/companies/gb/03223696
Green Party,south-west,Mark Chivers,MARK CHIVERS,director,AZUL PROPERTY LIMITED,05950017,gb,https://opencorporates.com/companies/gb/05950017
Green Party,south-west,Mark Chivers,MARK CHIVERS,secretary,BLADERUNNER HELICOPTERS LIMITED,03468063,gb,https://opencorporates.com/companies/gb/03468063
Green Party,south-west,Mark Chivers,MARK HAROLD CHIVERS,director,BON NUIT (FURNITURE OF DISTINCTION) LIMITED,05819784,gb,https://opencorporates.com/companies/gb/05819784
Green Party,south-west,Mark Chivers,MARK HAROLD CHIVERS,director,CHIVERS & BETTERIDGE LTD,06692909,gb,https://opencorporates.com/companies/gb/06692909
Green Party,south-west,Mark Chivers,MARK HAROLD CHIVERS,director,BON NUIT BEDS LIMITED,04949953,gb,https://opencorporates.com/companies/gb/04949953
Green Party,south-west,Mark Chivers,MARK HAROLD CHIVERS,director,CASSIUS CLAY LIMITED,07209254,gb,https://opencorporates.com/companies/gb/07209254
Green Party,south-west,Mark Chivers,MARK HAROLD CHIVERS,director,CASSIUS CLAY (UK) LIMITED,07209275,gb,https://opencorporates.com/companies/gb/07209275
Green Party,south-west,Mark Chivers,MARK JOEL CHIVERS,director,ROUNDLE RESIDENTS' ASSOCIATION LIMITED (THE),00942786,gb,https://opencorporates.com/companies/gb/00942786
Green Party,south-west,Mark Chivers,MARK JOEL CHIVERS,director,ROUNDLE RESIDENTS' ASSOCIATION LIMITED (THE),00942786,gb,https://opencorporates.com/companies/gb/00942786
Green Party,south-west,Mark Chivers,MARK JOEL CHIVERS,director,BRIDGE GREENHOUSES LIMITED,01681524,gb,https://opencorporates.com/companies/gb/01681524
Green Party,south-west,Mark Chivers,MARK JOHN PHILIP CHIVERS,director,MERIDIAN PUBLICATIONS LIMITED,03680334,gb,https://opencorporates.com/companies/gb/03680334
Green Party,south-west,Mark Chivers,MARK NICHOLAS CHIVERS,director,SZERELMEY RESTORATION LIMITED,05320139,gb,https://opencorporates.com/companies/gb/05320139
Green Party,south-west,Mark Chivers,MARK NICHOLAS CHIVERS,director,SZERELMEY (GB) LIMITED,05171093,gb,https://opencorporates.com/companies/gb/05171093
Green Party,south-west,Mark Chivers,MARK NICHOLAS CHIVERS,director,SZERELMEY LIMITED,01948091,gb,https://opencorporates.com/companies/gb/01948091
Green Party,south-west,Mark Chivers,MARK NICHOLAS CHIVERS,director,CHIVERS CLEANING AND RESTORATION COMPANY LIMITED,02504503,gb,https://opencorporates.com/companies/gb/02504503
Green Party,south-west,Mark Chivers,MARK STEVEN CHIVERS,director,BEGIN LIMITED,07060315,gb,https://opencorporates.com/companies/gb/07060315
Green Party,south-west,Mark Chivers,MARK STEVEN CHIVERS,director,DYNAMIC IT SOLUTIONS LIMITED,05137192,gb,https://opencorporates.com/companies/gb/05137192
Green Party,south-west,Mark Chivers,MARK STEVEN CHIVERS,director,ENABLE IT LIMITED,07652671,gb,https://opencorporates.com/companies/gb/07652671
Green Party,south-west,Mark Chivers,MARK STEWART CHIVERS,director,HAXCOURT LIMITED,02557442,gb,https://opencorporates.com/companies/gb/02557442
Green Party,south-west,Judy Maciejowska,"","","","","",""
Green Party,south-west,Audaye Khalid Elesedy,"","","","","",""
Green Party,south-west,Ricky Knight,RICKY KNIGHT,director,SILVER BELLES LIMITED,08482608,gb,https://opencorporates.com/companies/gb/08482608
Green Party,south-west,Ricky Knight,RICKY KNIGHT,director,HARVEY KNIGHT MANAGEMENT LTD,04656310,gb,https://opencorporates.com/companies/gb/04656310
Green Party,south-west,Ricky Knight,RICKY KNIGHT,director,BEXHILL WINDOWS LTD,07373916,gb,https://opencorporates.com/companies/gb/07373916
Green Party,south-west,Ricky Knight,RICKY KNIGHT,director,SILVER SAUSAGE LIMITED,08129345,gb,https://opencorporates.com/companies/gb/08129345
Green Party,south-west,Ricky Knight,RICKY KNIGHT,secretary,HARVEY KNIGHT MANAGEMENT LTD,04656310,gb,https://opencorporates.com/companies/gb/04656310
Green Party,south-west,Ricky Knight,RICKY PETER KNIGHT,director,KNIGHT FITNESS LTD,08115276,gb,https://opencorporates.com/companies/gb/08115276
Green Party,south-west,Ricky Knight,RICKY PETER KNIGHT,director,BEST QUOTE ADVICE LIMITED,07776203,gb,https://opencorporates.com/companies/gb/07776203
Green Party,south-west,Ricky Knight,RICKY PETER KNIGHT,director,FB BUSINESS SOLUTIONS LTD,06989202,gb,https://opencorporates.com/companies/gb/06989202
Green Party,south-west,Emily Rachel McIvor,EMILY RACHEL MCIVOR,director,SEATON DEVELOPMENT TRUST LIMITED,03456939,gb,https://opencorporates.com/companies/gb/03456939
Green Party,south-west,Molly Scott Cato,MOLLY SCOTT CATO,director,STROUD COMMON WEALTH COMPANY LIMITED,03859422,gb,https://opencorporates.com/companies/gb/03859422
Green Party,south-west,Molly Scott Cato,MOLLY SCOTT-CATO,director,STROUD POUND CO-OP LTD,06916671,gb,https://opencorporates.com/companies/gb/06916671
Green Party,south-west,Molly Scott Cato,SARAH MARGARET (MOLLY) SCOTT CATO,director,MEADOW PROSPECT,06432056,gb,https://opencorporates.com/companies/gb/06432056
Green Party,south-west,Molly Scott Cato,SARAH MARGARET MOLLY SCOTT CATO,director,TRANSITION STROUD,06978217,gb,https://opencorporates.com/companies/gb/06978217
Green Party,south-west,English Democrats,"","","","","",""
Green Party,south-west,Ray Carr,RAY CARR,director,TERRAPIN GLOBAL RECRUITMENT LTD,06705749,gb,https://opencorporates.com/companies/gb/06705749
Green Party,south-west,Ray Carr,RAY CARR,director,TERRAPIN GLOBAL SHIPPING RECRUITMENT LIMITED,08138849,gb,https://opencorporates.com/companies/gb/08138849
Green Party,south-west,Ray Carr,RAY CARR,secretary,TERRAPIN GLOBAL RECRUITMENT LTD,06705749,gb,https://opencorporates.com/companies/gb/06705749
Green Party,south-west,Ray Carr,RAY CARR,secretary,TERRAPIN GLOBAL SHIPPING RECRUITMENT LIMITED,08138849,gb,https://opencorporates.com/companies/gb/08138849
Green Party,south-west,Steve Wright,ASHLEY STEVE WRIGHT,director,THE UNSIGNED MUSIC LTD,06839424,gb,https://opencorporates.com/companies/gb/06839424
Green Party,south-west,Steve Wright,MICHAEL STEVE WRIGHT,director,W W BRAZELL LIMITED,00316426,gb,https://opencorporates.com/companies/gb/00316426
Green Party,south-west,Steve Wright,MICHAEL STEVE WRIGHT,director,DAVE CASEY & CO. LIMITED,01283748,gb,https://opencorporates.com/companies/gb/01283748
Green Party,south-west,Steve Wright,STEVE ANDREW WRIGHT,director,ENGINEERING INTERNATIONAL LIMITED,04335593,gb,https://opencorporates.com/companies/gb/04335593
Green Party,south-west,Steve Wright,STEVE EDWARD WRIGHT,director,CHERISH INVESTMENTS LIMITED,06546071,gb,https://opencorporates.com/companies/gb/06546071
Green Party,south-west,Steve Wright,STEVE EDWARD WRIGHT,director,CHERISH ADMINISTRATION SERVICES LIMITED,08338433,gb,https://opencorporates.com/companies/gb/08338433
Green Party,south-west,Steve Wright,STEVE EDWARD WRIGHT,director,PK FILM PRODUCTIONS LIMITED,08598886,gb,https://opencorporates.com/companies/gb/08598886
Green Party,south-west,Steve Wright,STEVE EDWARD WRIGHT,llp designated member,THE A TEAM ENTERPRISES LLP,OC386226,gb,https://opencorporates.com/companies/gb/OC386226
Green Party,south-west,Steve Wright,STEVE EDWARD WRIGHT,director,ALTRUIST ENTERPRISES UK LIMITED,08398023,gb,https://opencorporates.com/companies/gb/08398023
Green Party,south-west,Steve Wright,STEVE EDWARD WRIGHT,director,UK HOTEL DEVELOPMENT PLC,07309989,gb,https://opencorporates.com/companies/gb/07309989
Green Party,south-west,Steve Wright,STEVE EDWARD WRIGHT,director,RISING ENTERPRISES VC LIMITED,08538804,gb,https://opencorporates.com/companies/gb/08538804
Green Party,south-west,Steve Wright,STEVE FRANK WRIGHT,director,S WRIGHT ENGINEERING LIMITED,06679456,gb,https://opencorporates.com/companies/gb/06679456
Green Party,south-west,Steve Wright,STEVE JAMES WRIGHT,director,2DO PROPERTY SOLUTIONS LIMITED,05357312,gb,https://opencorporates.com/companies/gb/05357312
Green Party,south-west,Steve Wright,STEVE JON PAUL WRIGHT,director,BRAND BRAZIL LIMITED,06441196,gb,https://opencorporates.com/companies/gb/06441196
Green Party,south-west,Steve Wright,STEVE JON PAUL WRIGHT,secretary,BRAND BRAZIL LIMITED,06441196,gb,https://opencorporates.com/companies/gb/06441196
Green Party,south-west,Steve Wright,STEVE JON PAUL WRIGHT,director,SYNDICUT COMMUNICATIONS LTD,04382669,gb,https://opencorporates.com/companies/gb/04382669
Green Party,south-west,Steve Wright,STEVE JON PAUL WRIGHT,director,GINGER ROUGE DEVELOPMENTS LIMITED,07076853,gb,https://opencorporates.com/companies/gb/07076853
Green Party,south-west,Steve Wright,STEVE WRIGHT,director,WRIGHT INSIDE DESIGN LTD,07639540,gb,https://opencorporates.com/companies/gb/07639540
Green Party,south-west,Steve Wright,STEVE WRIGHT,director,BREEZE CONCEPTS LTD,03887171,gb,https://opencorporates.com/companies/gb/03887171
Green Party,south-west,Steve Wright,STEVE WRIGHT,secretary,STEVE WRIGHT LTD,07236876,gb,https://opencorporates.com/companies/gb/07236876
Green Party,south-west,Steve Wright,STEVE WRIGHT,secretary,COMCRAFT LIMITED,02536527,gb,https://opencorporates.com/companies/gb/02536527
Green Party,south-west,Steve Wright,STEVE WRIGHT,director,THE INTERNATIONAL COMMITTEE FOR ROBOT ARMS CONTROL,08359775,gb,https://opencorporates.com/companies/gb/08359775
Green Party,south-west,Steve Wright,STEVE WRIGHT,director,RISING ENTERPRISES LIMITED,08443120,gb,https://opencorporates.com/companies/gb/08443120
Green Party,south-west,Steve Wright,STEVE WRIGHT,director,INFINITY TREASURES UK LIMITED,08315979,gb,https://opencorporates.com/companies/gb/08315979
Green Party,south-west,Steve Wright,STEVE WRIGHT,director,ASSET MANAGEMENT ENTERPRISES LIMITED,08538892,gb,https://opencorporates.com/companies/gb/08538892
Green Party,south-west,Steve Wright,STEVE WRIGHT,director,MARCHON UK LIMITED,03103395,gb,https://opencorporates.com/companies/gb/03103395
Green Party,south-west,Steve Wright,STEVE WRIGHT,director,STAPLES UK PENSIONS TRUSTEES LIMITED,03341326,gb,https://opencorporates.com/companies/gb/03341326
Green Party,south-west,Steve Wright,STEVE WRIGHT,director,C2 MARKETING LTD,06736990,gb,https://opencorporates.com/companies/gb/06736990
Green Party,south-west,Barbara Wright,ABIGAIL MARY BARBARA WRIGHT,director,192 ARCHWAY ROAD MANAGEMENT COMPANY LIMITED,04640853,gb,https://opencorporates.com/companies/gb/04640853
Green Party,south-west,Barbara Wright,AMANDA BARBARA WRIGHT,director,TBL HEALTH CONSULTATIONS LTD,07308821,gb,https://opencorporates.com/companies/gb/07308821
Green Party,south-west,Barbara Wright,ANGELA BARBARA WRIGHT,director,BOSLOWICK COURT (FALMOUTH) LIMITED,00864188,gb,https://opencorporates.com/companies/gb/00864188
Green Party,south-west,Barbara Wright,ANN BARBARA WRIGHT,director,RITE WOOLS (WEST) LIMITED,00400707,gb,https://opencorporates.com/companies/gb/00400707
Green Party,south-west,Barbara Wright,ANN BARBARA WRIGHT,secretary,RITE WOOLS (WEST) LIMITED,00400707,gb,https://opencorporates.com/companies/gb/00400707
Green Party,south-west,Barbara Wright,ANN BARBARA WRIGHT,secretary,RITE WOOLS LIMITED,03045279,gb,https://opencorporates.com/companies/gb/03045279
Green Party,south-west,Barbara Wright,ANNETTE BARBARA WRIGHT,director,CROISIERE SUR LA MANCHE LIMITED,07515453,gb,https://opencorporates.com/companies/gb/07515453
Green Party,south-west,Barbara Wright,ANNETTE BARBARA WRIGHT,director,TECHNOLOGY INTELLECT LTD.,03690528,gb,https://opencorporates.com/companies/gb/03690528
Green Party,south-west,Barbara Wright,ANNETTE BARBARA WRIGHT,director,THE STUDLEY MANAGEMENT COMPANY LIMITED,02794798,gb,https://opencorporates.com/companies/gb/02794798
Green Party,south-west,Barbara Wright,ANNETTE BARBARA WRIGHT,secretary,THE STUDLEY MANAGEMENT COMPANY LIMITED,02794798,gb,https://opencorporates.com/companies/gb/02794798
Green Party,south-west,Barbara Wright,ANNETTE BARBARA WRIGHT,director,TECHNOLOGY INITIATIVES LTD.,02890324,gb,https://opencorporates.com/companies/gb/02890324
Green Party,south-west,Barbara Wright,ANNETTE BARBARA WRIGHT,secretary,P&D REMOVALS LIMITED,04455192,gb,https://opencorporates.com/companies/gb/04455192
Green Party,south-west,Barbara Wright,BARBARA ALICE WRIGHT,secretary,ALPHA ASBESTOS HIRE LIMITED,01851865,gb,https://opencorporates.com/companies/gb/01851865
Green Party,south-west,Barbara Wright,BARBARA ALICE WRIGHT,secretary,CERNE ABBAS RESIDENTS' ASSOCIATION LIMITED(THE),02040977,gb,https://opencorporates.com/companies/gb/02040977
Green Party,south-west,Barbara Wright,BARBARA ALICE WRIGHT,director,WRIGHT'S INSULATIONS LIMITED,SC029723,gb,https://opencorporates.com/companies/gb/SC029723
Green Party,south-west,Barbara Wright,BARBARA ALICE WRIGHT,director,ALPHA ASBESTOS HIRE LIMITED,01851865,gb,https://opencorporates.com/companies/gb/01851865
Green Party,south-west,Barbara Wright,BARBARA ALICE WRIGHT,secretary,WRIGHTS INSULATIONS (ASBESTOS STRIPPING) LIMITED,SC081258,gb,https://opencorporates.com/companies/gb/SC081258
Green Party,south-west,Barbara Wright,BARBARA ALICE WRIGHT,director,WRIGHTS INSULATIONS (ASBESTOS STRIPPING) LIMITED,SC081258,gb,https://opencorporates.com/companies/gb/SC081258
Green Party,south-west,Barbara Wright,BARBARA ALICE WRIGHT,secretary,WRIGHT'S INSULATIONS LIMITED,SC029723,gb,https://opencorporates.com/companies/gb/SC029723
Green Party,south-west,Barbara Wright,BARBARA ANN WRIGHT,director,HPD ASSOCIATES LIMITED,04771364,gb,https://opencorporates.com/companies/gb/04771364
Green Party,south-west,Barbara Wright,BARBARA ANN WRIGHT,director,REPTACULAR REPTILES LIMITED,07839924,gb,https://opencorporates.com/companies/gb/07839924
Green Party,south-west,Barbara Wright,BARBARA ANN WRIGHT,director,CLENNELL PROPERTIES LIMITED,03168261,gb,https://opencorporates.com/companies/gb/03168261
Green Party,south-west,Barbara Wright,BARBARA ANN WRIGHT,secretary,ANGMERING-ON-SEA LAWN TENNIS CLUB LIMITED,00806218,gb,https://opencorporates.com/companies/gb/00806218
Green Party,south-west,Barbara Wright,BARBARA ANN WRIGHT,secretary,TOP CARS (BIRMINGHAM) LIMITED,01792031,gb,https://opencorporates.com/companies/gb/01792031
Green Party,south-west,Barbara Wright,BARBARA ANN WRIGHT,secretary,EDGBASTON MOTOR COMPANY LIMITED,02373842,gb,https://opencorporates.com/companies/gb/02373842
Green Party,south-west,Barbara Wright,BARBARA ANN WRIGHT,secretary,RANGEFAME LIMITED,02178863,gb,https://opencorporates.com/companies/gb/02178863
Green Party,south-west,Barbara Wright,BARBARA ANN WRIGHT,secretary,ANGMERING-ON-SEA LAWN TENNIS CLUB LIMITED,00806218,gb,https://opencorporates.com/companies/gb/00806218
Green Party,south-west,Barbara Wright,BARBARA ANN WRIGHT,director,LINKFIELD ESTATES LIMITED,03703722,gb,https://opencorporates.com/companies/gb/03703722
Green Party,south-west,Barbara Wright,BARBARA ANN WRIGHT,director,FOREST HILL BOWLING GREEN COMPANY LIMITED(THE),00108124,gb,https://opencorporates.com/companies/gb/00108124
Green Party,south-west,Barbara Wright,BARBARA ANNE WRIGHT,director,THOROUGHBRED SPORTS CARS (USA) LIMITED,01550287,gb,https://opencorporates.com/companies/gb/01550287
Green Party,south-west,Clive Lavelle,"","","","","",""
Green Party,south-west,Mike Blundell,"","","","","",""
Green Party,south-west,Alan England,ALAN ENGLAND,director,CPJ INTERIORS LIMITED,07349233,gb,https://opencorporates.com/companies/gb/07349233
Green Party,south-west,Alan England,ALAN ENGLAND,director,EA DRYLINERS LIMITED,05094333,gb,https://opencorporates.com/companies/gb/05094333
Green Party,south-west,Alan England,ALAN ENGLAND,director,M.I.E. DESIGN LIMITED,05177594,gb,https://opencorporates.com/companies/gb/05177594
Green Party,south-west,Alan England,ALAN ENGLAND,director,NORTHFORM CONTRACTING LIMITED,04672491,gb,https://opencorporates.com/companies/gb/04672491
Green Party,south-west,Alan England,ALAN ENGLAND,director,AECOMM SERVICES LIMITED,09007983,gb,https://opencorporates.com/companies/gb/09007983
Green Party,south-west,Alan England,ALAN ENGLAND,director,A ENGLAND BUILDING SERVICES LIMITED,05541329,gb,https://opencorporates.com/companies/gb/05541329
Green Party,south-west,Alan England,ALAN ENGLAND,secretary,EA DRYLINERS LIMITED,05094333,gb,https://opencorporates.com/companies/gb/05094333
Green Party,south-west,Alan England,ALAN ENGLAND,secretary,STURMINSTER COMMERCIALS LIMITED,07236514,gb,https://opencorporates.com/companies/gb/07236514
Green Party,south-west,Alan England,ALAN ENGLAND,director,STURMINSTER COMMERCIALS LIMITED,07236514,gb,https://opencorporates.com/companies/gb/07236514
Green Party,south-west,Alan England,ALAN ENGLAND,director,MILFORD HAVEN MASONIC HALL COMPANY LIMITED(THE),00088783,gb,https://opencorporates.com/companies/gb/00088783
Green Party,south-west,Alan England,ALAN ENGLAND,director,ENGLISH LOBBY,05051049,gb,https://opencorporates.com/companies/gb/05051049
Green Party,south-west,Alan England,ALAN ENGLAND,secretary,BROADBAND WALES.COM LTD,05247903,gb,https://opencorporates.com/companies/gb/05247903
Green Party,south-west,Alan England,ALAN ENGLAND,director,BROADBAND WALES.COM LTD,05247903,gb,https://opencorporates.com/companies/gb/05247903
Green Party,south-west,Alan England,ALAN ENGLAND,director,ADAM FURNITURE GROUP PLC,01109066,gb,https://opencorporates.com/companies/gb/01109066
Green Party,south-west,Alan England,ALAN ENGLAND,director,TELECOMMS FACILITIES LIMITED,01692288,gb,https://opencorporates.com/companies/gb/01692288
Green Party,south-west,Alan England,ALAN ENGLAND,director,CLC UTILITY SERVICES LIMITED,02889625,gb,https://opencorporates.com/companies/gb/02889625
Green Party,south-west,Alan England,ALAN JOHN ENGLAND,director,HOSEPOWER LIMITED,02862938,gb,https://opencorporates.com/companies/gb/02862938
Green Party,south-west,Alan England,CHRISTOPHER ALAN ENGLAND,director,SOUTH WEST POWER SOLUTIONS LTD,09016758,gb,https://opencorporates.com/companies/gb/09016758
Green Party,south-west,Alan England,CHRISTOPHER ALAN ENGLAND,director,TREGOWRIS COURT RESIDENTS MANAGEMENT COMPANY LTD,04366955,gb,https://opencorporates.com/companies/gb/04366955
Green Party,south-west,Alan England,DEAN ALAN ENGLAND,director,PERFECT PROFILES (UK) LIMITED,03748313,gb,https://opencorporates.com/companies/gb/03748313
Green Party,south-west,Alan England,DEAN ALAN ENGLAND,director,ASPEC CONTRACT SERVICES LIMITED,04207662,gb,https://opencorporates.com/companies/gb/04207662
Green Party,south-west,Alan England,HERBERT ALAN ENGLAND,director,H.A. ENGLAND (ENGINEERS) LIMITED,01332306,gb,https://opencorporates.com/companies/gb/01332306
Green Party,south-west,Alan England,NEIL ALAN ENGLAND,director,BCN SERVICES LIMITED,04075782,gb,https://opencorporates.com/companies/gb/04075782
Green Party,south-west,Alan England,NEIL ALAN ENGLAND,director,D.P.P. LIMITED,03721401,gb,https://opencorporates.com/companies/gb/03721401
Green Party,south-west,Alan England,PAUL ALAN ENGLAND,secretary,IMEX SERVICES (U.K.) LIMITED,02662606,gb,https://opencorporates.com/companies/gb/02662606
Green Party,south-west,Alan England,RAYMOND FREDERICK ALAN ENGLAND,secretary,MOSSFORD ENGINEERING LIMITED,01319056,gb,https://opencorporates.com/companies/gb/01319056
Green Party,south-west,Alan England,RAYMOND FREDERICK ALAN ENGLAND,director,MOSSFORD ENGINEERING LIMITED,01319056,gb,https://opencorporates.com/companies/gb/01319056
Green Party,south-west,Alan England,SIMON ALAN ENGLAND,director,SCEPTRED ISLE LIMITED,03625085,gb,https://opencorporates.com/companies/gb/03625085
Green Party,south-west,Conservative Party,"","","","","",""
Green Party,south-west,Melissa Maynard,MELISSA JANE MAYNARD,director,MUSE CONSULTING LIMITED,06129988,gb,https://opencorporates.com/companies/gb/06129988
Green Party,south-west,Melissa Maynard,MELISSA JANE MAYNARD,director,EAST HAMPSHIRE ENVIRONMENT NETWORK CIC,07877724,gb,https://opencorporates.com/companies/gb/07877724
Green Party,south-west,Sophie Swire,"","","","","",""
Green Party,south-west,Georgina Susan Butler,"","","","","",""
Green Party,south-west,James Cracknell,ANDREW MICHAEL JAMES CRACKNELL,director,ANGLO BEEF PROCESSORS UK,02925718,gb,https://opencorporates.com/companies/gb/02925718
Green Party,south-west,James Cracknell,BARRIE JAMES CRACKNELL,director,B.J. CRACKNELL (WHOLESALE MEATS) LIMITED,01201470,gb,https://opencorporates.com/companies/gb/01201470
Green Party,south-west,James Cracknell,CHRISTOPHER JAMES CRACKNELL,llp designated member,CHILLCHALET LLP,OC310932,gb,https://opencorporates.com/companies/gb/OC310932
Green Party,south-west,James Cracknell,CHRISTOPHER JAMES CRACKNELL,director,CHILLCHALET HOLIDAYS LIMITED,07866682,gb,https://opencorporates.com/companies/gb/07866682
Green Party,south-west,James Cracknell,CHRISTOPHER JAMES CRACKNELL,secretary,CHILLCHALET HOLIDAYS LIMITED,07866682,gb,https://opencorporates.com/companies/gb/07866682
Green Party,south-west,James Cracknell,COLIN JAMES CRACKNELL,director,COLIN CRACKNELL & ASSOCIATES LIMITED,07548687,gb,https://opencorporates.com/companies/gb/07548687
Green Party,south-west,James Cracknell,DAVID JAMES CRACKNELL,director,PCA INVESTMENT MANAGEMENT LIMITED,03741578,gb,https://opencorporates.com/companies/gb/03741578
Green Party,south-west,James Cracknell,DAVID JAMES CRACKNELL,director,PETER CRACKNELL ASSOCIATES (FINANCIAL PLANNING & INSURANCE CONSULTANTS) LIMITED,01518636,gb,https://opencorporates.com/companies/gb/01518636
Green Party,south-west,James Cracknell,JAMES CRACKNELL,director,RIDGE MONSTER LTD,08439763,gb,https://opencorporates.com/companies/gb/08439763
Green Party,south-west,James Cracknell,JAMES CRACKNELL,director,OARSOME EXPERIENCE LIMITED,05613425,gb,https://opencorporates.com/companies/gb/05613425
Green Party,south-west,James Cracknell,JAMES CRACKNELL MCLEISH,director,KIRKCALDY TOWN CENTRE MANAGEMENT LIMITED,SC195910,gb,https://opencorporates.com/companies/gb/SC195910
Green Party,south-west,James Cracknell,JAMES CRACKNELL MCLEISH,secretary,INSTITUTE OF ECONOMIC DEVELOPMENT,01748926,gb,https://opencorporates.com/companies/gb/01748926
Green Party,south-west,James Cracknell,JAMES EDWARD CRACKNELL,director,ACCESS SPORT LIMITED,06384462,gb,https://opencorporates.com/companies/gb/06384462
Green Party,south-west,James Cracknell,JAMES EDWARD CRACKNELL,director,THRESHOLD EVENTS LIMITED,07529706,gb,https://opencorporates.com/companies/gb/07529706
Green Party,south-west,James Cracknell,JAMES EDWARD CRACKNELL,director,THRESHOLD SPORTS LIMITED,06430519,gb,https://opencorporates.com/companies/gb/06430519
Green Party,south-west,James Cracknell,JAMES EDWARD CRACKNELL,director,DESERT ADVENTURERS (2010) LIMITED,07143623,gb,https://opencorporates.com/companies/gb/07143623
Green Party,south-west,James Cracknell,JAMES EDWARD CRACKNELL,director,SOUTH POLE RACERS (2008) LIMITED,06484176,gb,https://opencorporates.com/companies/gb/06484176
Green Party,south-west,James Cracknell,JAMES EDWARD CRACKNELL,director,OARSOME LIMITED,06262947,gb,https://opencorporates.com/companies/gb/06262947
Green Party,south-west,James Cracknell,JAMES NICHOLAS CRACKNELL,director,J & L EDUCATIONAL FACILITATORS LTD,07658252,gb,https://opencorporates.com/companies/gb/07658252
Green Party,south-west,James Cracknell,JAMES RICHARD EDWARD CRACKNELL,director,LIVESTOX LIMITED,03894752,gb,https://opencorporates.com/companies/gb/03894752
Green Party,south-west,James Cracknell,JAMES VIVIAN CRACKNELL,director,ZYTEC LIMITED,07921885,gb,https://opencorporates.com/companies/gb/07921885
Green Party,south-west,James Cracknell,JONATHAN JAMES CRACKNELL,director,THE BEAT-HERDER LIMITED,05743350,gb,https://opencorporates.com/companies/gb/05743350
Green Party,south-west,James Cracknell,KEVIN JAMES CRACKNELL,director,COLLIERS TRUCK BUILDERS LIMITED,03946435,gb,https://opencorporates.com/companies/gb/03946435
Green Party,south-west,James Cracknell,KEVIN JAMES CRACKNELL,director,MERGENET LIMITED,01249621,gb,https://opencorporates.com/companies/gb/01249621
Green Party,south-west,James Cracknell,KEVIN JAMES CRACKNELL,director,COLLIERS BODY BUILDERS LIMITED,04572137,gb,https://opencorporates.com/companies/gb/04572137
Green Party,south-west,James Cracknell,PETER JAMES CRACKNELL,director,11 ST JAMES'S ROAD MALVERN MANAGEMENT LIMITED,03413421,gb,https://opencorporates.com/companies/gb/03413421
Green Party,south-west,James Cracknell,PETER JAMES WALTER CRACKNELL,secretary,COMPANY BENEFITS GRAPHICS LIMITED,02156348,gb,https://opencorporates.com/companies/gb/02156348
Green Party,south-west,James Cracknell,PETER JAMES WALTER CRACKNELL,director,COMPANY BENEFITS GRAPHICS LIMITED,02156348,gb,https://opencorporates.com/companies/gb/02156348
Green Party,south-west,James Cracknell,PHILIP JAMES CRACKNELL,director,ST. MONICA'S MANAGEMENT COMPANY (NORTH) LIMITED,01168521,gb,https://opencorporates.com/companies/gb/01168521
Green Party,south-west,James Cracknell,ROBERT JAMES CRACKNELL,director,NUTLAND CARPET ACCESSORIES LIMITED,01115239,gb,https://opencorporates.com/companies/gb/01115239
Green Party,south-west,Julie McCulloch Girling,"","","","","",""
Green Party,south-west,Ashley Peter Fox,"","","","","",""
Green Party,south-west,British National Party,"","","","","",""
Green Party,south-west,Giuseppe De Santis,"","","","","",""
Green Party,south-west,Andrew Webster, ANDREW WEBSTER TAX CONSULTANT LIMITED,secretary,NEOVEN LIMITED,03646432,gb,https://opencorporates.com/companies/gb/03646432
Green Party,south-west,Andrew Webster,AARON ANDREW WEBSTER,director,LIZARD TRAILERS LIMITED,06983564,gb,https://opencorporates.com/companies/gb/06983564
Green Party,south-west,Andrew Webster,AARON ANDREW WEBSTER,director,HELSTON GALVANISING SERVICES LIMITED,06276454,gb,https://opencorporates.com/companies/gb/06276454
Green Party,south-west,Andrew Webster,ANDREW ALAN WEBSTER,secretary,ARA WINES LIMITED,FC028972,gb,https://opencorporates.com/companies/gb/FC028972
Green Party,south-west,Andrew Webster,ANDREW ARCHER WEBSTER,director,MARITIME JOURNAL LIMITED,02593834,gb,https://opencorporates.com/companies/gb/02593834
Green Party,south-west,Andrew Webster,ANDREW ARCHER WEBSTER,director,MERCATOR COMMUNICATIONS LIMITED,03427243,gb,https://opencorporates.com/companies/gb/03427243
Green Party,south-west,Andrew Webster,ANDREW ARCHER WEBSTER,secretary,MERCATOR MEDIA LIMITED,02427909,gb,https://opencorporates.com/companies/gb/02427909
Green Party,south-west,Andrew Webster,ANDREW ARCHER WEBSTER,director,ENGINEERING CAPACITY LIMITED,03127145,gb,https://opencorporates.com/companies/gb/03127145
Green Party,south-west,Andrew Webster,ANDREW ARCHER WEBSTER,director,CARISGREEN FUEL SUPPLIES LIMITED,03163846,gb,https://opencorporates.com/companies/gb/03163846
Green Party,south-west,Andrew Webster,ANDREW ARCHER WEBSTER,director,WORLD FISHING LIMITED,02672258,gb,https://opencorporates.com/companies/gb/02672258
Green Party,south-west,Andrew Webster,ANDREW ARCHER WEBSTER,director,MERCATOR EXHIBITIONS LIMITED,03359840,gb,https://opencorporates.com/companies/gb/03359840
Green Party,south-west,Andrew Webster,ANDREW ARCHER WEBSTER,director,EWP COMMUNICATIONS LIMITED,05447486,gb,https://opencorporates.com/companies/gb/05447486
Green Party,south-west,Andrew Webster,ANDREW ARCHER WEBSTER,secretary,MARITIME INTELLIGENCE LIMITED,02981625,gb,https://opencorporates.com/companies/gb/02981625
Green Party,south-west,Andrew Webster,ANDREW ARCHER WEBSTER,director,MARITIME INTELLIGENCE LIMITED,02981625,gb,https://opencorporates.com/companies/gb/02981625
Green Party,south-west,Andrew Webster,ANDREW ARCHER WEBSTER,director,MERCATOR MEDIA LIMITED,02427909,gb,https://opencorporates.com/companies/gb/02427909
Green Party,south-west,Andrew Webster,ANDREW ARCHER WEBSTER,secretary,HAMPSHIRE ENTERPRISE LTD,00009806,gb,https://opencorporates.com/companies/gb/00009806
Green Party,south-west,Andrew Webster,ANDREW ARCHER WEBSTER,director,WORLD TRADE EXHIBITIONS LIMITED,06316523,gb,https://opencorporates.com/companies/gb/06316523
Green Party,south-west,Andrew Webster,ANDREW BRIAN WEBSTER,director,RADTECH GLOBAL LIMITED,07524814,gb,https://opencorporates.com/companies/gb/07524814
Green Party,south-west,Andrew Webster,ANDREW CHARLES WEBSTER,director,RICHMOND YORK LIMITED,03030480,gb,https://opencorporates.com/companies/gb/03030480
Green Party,south-west,Andrew Webster,ANDREW CHARLES WEBSTER,director,WGD029 LIMITED,SC348851,gb,https://opencorporates.com/companies/gb/SC348851
Green Party,south-west,Andrew Webster,ANDREW CHARLES WEBSTER,director,EASTBOURNE (YORKSHIRE) LIMITED,03073227,gb,https://opencorporates.com/companies/gb/03073227
Green Party,south-west,Andrew Webster,ANDREW CHARLES WEBSTER,director,WEBSTER DEVELOPMENTS LIMITED,03538272,gb,https://opencorporates.com/companies/gb/03538272
Green Party,south-west,Andrew Webster,ANDREW CHARLES WEBSTER,director,WGPSN (HOLDINGS) LIMITED,SC288570,gb,https://opencorporates.com/companies/gb/SC288570
Green Party,south-west,Andrew Webster,ANDREW CHARLES WEBSTER,director,PSN TRINIDAD LIMITED,SC332757,gb,https://opencorporates.com/companies/gb/SC332757
Green Party,south-west,Andrew Webster,ANDREW CHARLES WEBSTER,director,WGPF MEANAC LIMITED,SC248355,gb,https://opencorporates.com/companies/gb/SC248355
Green Party,south-west,Andrew Webster,ANDREW CHARLES WEBSTER,director,WGD032 LIMITED,SC332739,gb,https://opencorporates.com/companies/gb/SC332739
Green Party,south-west,Andrew Webster,ANDREW CHARLES WEBSTER,director,PRODUCTION SERVICES NETWORK BANGLADESH LIMITED,02214332,gb,https://opencorporates.com/companies/gb/02214332
Green Party,south-west,Andrew Webster,ANDREW CHARLES WEBSTER,director,WOOD GROUP PSN LIMITED,SC296737,gb,https://opencorporates.com/companies/gb/SC296737
Green Party,south-west,Andrew Webster,ANDREW CHARLES WEBSTER,director,PSN OVERSEAS LIMITED,SC319469,gb,https://opencorporates.com/companies/gb/SC319469
Green Party,south-west,Andrew Webster,ANDREW CHARLES WEBSTER,director,PRODUCTION SERVICES NETWORK (UK) LIMITED,SC293004,gb,https://opencorporates.com/companies/gb/SC293004
Green Party,south-west,Wayne Peter Tomlinson,"","","","","",""
Green Party,south-west,Arnold Brindle,"","","","","",""
Green Party,south-west,Cliff Jones,CLIFF CIESLAK-JONES,secretary,KOBI NETWORKS LTD,07530836,gb,https://opencorporates.com/companies/gb/07530836
Green Party,south-west,Cliff Jones,CLIFF COLIN JONES,secretary,VERSATILE MULTIMEDIA LIMITED,03682600,gb,https://opencorporates.com/companies/gb/03682600
Green Party,south-west,Cliff Jones,CLIFF COLIN JONES,director,VERSATILE MULTIMEDIA LIMITED,03682600,gb,https://opencorporates.com/companies/gb/03682600
Green Party,south-west,Cliff Jones,CLIFF JOHN CIESLAK-JONES,director,KOBI NETWORKS LTD,07530836,gb,https://opencorporates.com/companies/gb/07530836
Green Party,south-west,Cliff Jones,CLIFF JOHN CIESLAK-JONES,secretary,MLODE LIMITED,04935625,gb,https://opencorporates.com/companies/gb/04935625
Green Party,south-west,Cliff Jones,CLIFF JOHN CIESLAK-JONES,director,MLODE LIMITED,04935625,gb,https://opencorporates.com/companies/gb/04935625
Green Party,south-west,Cliff Jones,CLIFF JOHN CIESLAK-JONES,director,YATELEY LEISURE LIMITED,03434048,gb,https://opencorporates.com/companies/gb/03434048
Green Party,south-west,Cliff Jones,CLIFF JOHN CIESLAK-JONES,secretary,YATELEY LEISURE LIMITED,03434048,gb,https://opencorporates.com/companies/gb/03434048
Green Party,south-west,Cliff Jones,CLIFF JOHN JONES,secretary,N & D ENTERPRISES LIMITED,01389059,gb,https://opencorporates.com/companies/gb/01389059
Green Party,south-west,Cliff Jones,CLIFF JOHN JONES,secretary,C & D RECYCLING LTD.,02734492,gb,https://opencorporates.com/companies/gb/02734492
Green Party,south-west,Cliff Jones,CLIFF JOHN JONES,director,C A EXPORT LTD.,02665744,gb,https://opencorporates.com/companies/gb/02665744
Green Party,south-west,Cliff Jones,CLIFF JOHN JONES,director,C & D RECYCLING LTD.,02734492,gb,https://opencorporates.com/companies/gb/02734492
Green Party,south-west,Cliff Jones,CLIFF JOHN JONES,secretary,C A EXPORT LTD.,02665744,gb,https://opencorporates.com/companies/gb/02665744
Green Party,south-west,Cliff Jones,CLIFF JOHN JONES,secretary,COFO LIMITED,02657610,gb,https://opencorporates.com/companies/gb/02657610
Green Party,south-west,Cliff Jones,CLIFF JONES,secretary,THE PROPERTY POOL (EUROPE) LTD,06738902,gb,https://opencorporates.com/companies/gb/06738902
Green Party,south-west,Cliff Jones,CLIFF JONES,director,THE PROPERTY POOL (EUROPE) LTD,06738902,gb,https://opencorporates.com/companies/gb/06738902
Green Party,south-west,Cliff Jones,CLIFF JONES,director,MEGA DRIVE RECRUITMENT (UK) LTD,05148379,gb,https://opencorporates.com/companies/gb/05148379
Green Party,south-west,Cliff Jones,CLIFF JONES,director,CLIFF TOP BUILDERS LIMITED,05413132,gb,https://opencorporates.com/companies/gb/05413132
Green Party,south-west,Cliff Jones,CLIFF JONES,director,WEST LONDON ELECTRICAL SERVICES (UK) LTD.,08402135,gb,https://opencorporates.com/companies/gb/08402135
Green Party,south-west,Cliff Jones,CLIFF JONES,secretary,DEBONAIR HOTEL AND LEISURE LTD,05303072,gb,https://opencorporates.com/companies/gb/05303072
Green Party,south-west,Cliff Jones,CLIFF JONES,secretary,GREENSCAPE CARDIFF,06247880,gb,https://opencorporates.com/companies/gb/06247880
Green Party,south-west,Cliff Jones,CLIFF JONES,director,GREENSCAPE CARDIFF,06247880,gb,https://opencorporates.com/companies/gb/06247880
Green Party,south-west,Cliff Jones,CLIFF JONES,secretary,EAGAL POWER LTD,05425578,gb,https://opencorporates.com/companies/gb/05425578
Green Party,south-west,Cliff Jones,CLIFF JONES,secretary,GLYDER MANAGEMENT (NUMBER ONE) LIMITED,02633439,gb,https://opencorporates.com/companies/gb/02633439
Green Party,south-west,Cliff Jones,CLIFF JONES,director,GO TRAVEL SOLUTIONS LIMITED,06619901,gb,https://opencorporates.com/companies/gb/06619901
Green Party,south-west,Cliff Jones,CLIFF NEAL JONES,director,TRAINING LICENSEE CENTRE LTD,07876185,gb,https://opencorporates.com/companies/gb/07876185
Green Party,south-west,Cliff Jones,CLIFF NEAL JONES,director,WILFRED FYNDCO LIMITED,06445844,gb,https://opencorporates.com/companies/gb/06445844
Green Party,south-west,Cliff Jones,CLIFF NEAL JONES,secretary,WILFRED FYNDCO LIMITED,06445844,gb,https://opencorporates.com/companies/gb/06445844
Green Party,south-west,Cliff Jones,CLIFF PAUL JONES,director,TWO TWENTY MUSIC LIMITED,03275810,gb,https://opencorporates.com/companies/gb/03275810
Green Party,south-west,Cliff Jones,CLIFF ROBERT JONES,director,MAYFAIR ELECTRICAL LIMITED,04300730,gb,https://opencorporates.com/companies/gb/04300730
Green Party,south-west,Adrian Romilly,ADRIAN LLEWELLYN ROMILLY,director,THE SOUTH WEST CONSTITUTIONAL CONVENTION LIMITED,04359609,gb,https://opencorporates.com/companies/gb/04359609
Green Party,south-west,Adrian Romilly,ADRIAN LLEWELLYN ROMILLY,director,MIDTARGET PROPERTY MANAGEMENT LIMITED,02324675,gb,https://opencorporates.com/companies/gb/02324675
Green Party,south-west,An Independence from Europe,"","","","","",""
Green Party,south-west,John Taverner,ALEXANDER MAXWELL JOHN TAVERNER,director,MAPLEWOOD SYSTEMS LTD,03192875,gb,https://opencorporates.com/companies/gb/03192875
Green Party,south-west,John Taverner,ANTHONY JOHN TAVERNER,director,TONY TAVERNER LIMITED,03570277,gb,https://opencorporates.com/companies/gb/03570277
Green Party,south-west,John Taverner,ANTHONY JOHN TAVERNER,director,INFLIGHT DIGITAL LIMITED,04189741,gb,https://opencorporates.com/companies/gb/04189741
Green Party,south-west,John Taverner,ANTHONY JOHN TAVERNER,director,INFLIGHT PRODUCTIONS LTD,01421223,gb,https://opencorporates.com/companies/gb/01421223
Green Party,south-west,John Taverner,ANTHONY JOHN TAVERNER,director,TONY TAVERNER LIMITED,04688622,gb,https://opencorporates.com/companies/gb/04688622
Green Party,south-west,John Taverner,ANTHONY JOHN TAVERNER,director,28 LIMITED,03925822,gb,https://opencorporates.com/companies/gb/03925822
Green Party,south-west,John Taverner,ANTHONY JOHN TAVERNER,director,INFLIGHT STUDIOS LTD.,01824677,gb,https://opencorporates.com/companies/gb/01824677
Green Party,south-west,John Taverner,ATHONY JOHN TAVERNER,director,WMRS STUDIOS LIMITED,01532117,gb,https://opencorporates.com/companies/gb/01532117
Green Party,south-west,John Taverner,CHRISTOPHER JOHN TAVERNER,secretary,FINDME1ST LTD,06038839,gb,https://opencorporates.com/companies/gb/06038839
Green Party,south-west,John Taverner,CRISPIN JOHN TAVERNER,director,HPORT LIMITED,03458211,gb,https://opencorporates.com/companies/gb/03458211
Green Party,south-west,John Taverner,CRISPIN JOHN TAVERNER,director,MENUGENESIS LIMITED,03642142,gb,https://opencorporates.com/companies/gb/03642142
Green Party,south-west,John Taverner,CRISPIN JOHN TAVERNER,secretary,MENUGENESIS LIMITED,03642142,gb,https://opencorporates.com/companies/gb/03642142
Green Party,south-west,John Taverner,DANIEL JOHN TAVERNER,secretary,NORTHERN STYLE LIMITED,02838254,gb,https://opencorporates.com/companies/gb/02838254
Green Party,south-west,John Taverner,DANIEL JOHN TAVERNER,director,NORTHERN STYLE LIMITED,02838254,gb,https://opencorporates.com/companies/gb/02838254
Green Party,south-west,John Taverner,DANIEL JOHN TAVERNER,director,ISA WORLDWIDE LIMITED,04148688,gb,https://opencorporates.com/companies/gb/04148688
Green Party,south-west,John Taverner,DANIEL JOHN TAVERNER,secretary,INFORMATION SYSTEMS APPOINTMENTS LTD,03887747,gb,https://opencorporates.com/companies/gb/03887747
Green Party,south-west,John Taverner,DANIEL JOHN TAVERNER,director,FIVE HORSESHOES LTD,06828666,gb,https://opencorporates.com/companies/gb/06828666
Green Party,south-west,John Taverner,JOHN EDWARD TAVERNER,director,CARTAVE LIMITED,01761080,gb,https://opencorporates.com/companies/gb/01761080
Green Party,south-west,John Taverner,JOHN GEOFFREY TAVERNER,director,JGT COMMUNICATIONS LIMITED,03411262,gb,https://opencorporates.com/companies/gb/03411262
Green Party,south-west,John Taverner,JOHN RORY TAVERNER,director,RISK ALERT LIMITED,03458369,gb,https://opencorporates.com/companies/gb/03458369
Green Party,south-west,John Taverner,JOHN RORY TAVERNER,director,VALCOR BUSINESS MEDIATION LIMITED,03556199,gb,https://opencorporates.com/companies/gb/03556199
Green Party,south-west,John Taverner,JOHN RORY TAVERNER,director,VALCOR CONSULTING LIMITED,03197094,gb,https://opencorporates.com/companies/gb/03197094
Green Party,south-west,John Taverner,JOHN RORY TAVERNER,director,ADAPTIVE EYECARE LIMITED,03286420,gb,https://opencorporates.com/companies/gb/03286420
Green Party,south-west,John Taverner,JOHN RORY TAVERNER,director,INNOVATIS SERVICES LIMITED,03726125,gb,https://opencorporates.com/companies/gb/03726125
Green Party,south-west,John Taverner,JOHN RORY TAVERNER,secretary,MAGICAL MIRRORS LIMITED,03384071,gb,https://opencorporates.com/companies/gb/03384071
Green Party,south-west,John Taverner,JOHN RORY TAVERNER,director,MAGICAL MIRRORS LIMITED,03384071,gb,https://opencorporates.com/companies/gb/03384071
Green Party,south-west,John Taverner,JOHN TAVERNER,director,JT-AT COMPUTER SERVICES LIMITED,07399657,gb,https://opencorporates.com/companies/gb/07399657
Green Party,south-west,John Taverner,JOHN TAVERNER,secretary,DEBT REDUCTION ANALYSTS LTD,06893645,gb,https://opencorporates.com/companies/gb/06893645
Green Party,south-west,John Taverner,JOHN TAVERNER,director,DEBT REDUCTION ANALYSTS LTD,06893645,gb,https://opencorporates.com/companies/gb/06893645
Green Party,south-west,John Taverner,KELVIN JOHN TAVERNER,director,MAGAZINE MARKETING SOLUTIONS LIMITED,03313543,gb,https://opencorporates.com/companies/gb/03313543
Green Party,south-west,Phil Dunn,"","","","","",""
Green Party,south-west,Andrew Edwards, ANDREW EDWARDS LIMITED,llp designated member,WEBSTER HART LLP,OC353789,gb,https://opencorporates.com/companies/gb/OC353789
Green Party,south-west,Andrew Edwards,ANDREW ALAN EDWARDS,director,SOMERSET PROPERTIES LIMITED,03553264,gb,https://opencorporates.com/companies/gb/03553264
Green Party,south-west,Andrew Edwards,ANDREW ALAN EDWARDS,director,ROLLINSON SMITH AND COMPANY LIMITED,01157096,gb,https://opencorporates.com/companies/gb/01157096
Green Party,south-west,Andrew Edwards,ANDREW ALAN EDWARDS,director,INDEPENDENT GENERAL INSURANCE SERVICES LTD.,02523615,gb,https://opencorporates.com/companies/gb/02523615
Green Party,south-west,Andrew Edwards,ANDREW BENJAMIN EDWARDS,director,CONSILIUM RISK STRATEGIES LIMITED,07428577,gb,https://opencorporates.com/companies/gb/07428577
Green Party,south-west,Andrew Edwards,ANDREW BOUCHER EDWARDS,secretary,EDWARDS & OLIVER LIMITED,05170663,gb,https://opencorporates.com/companies/gb/05170663
Green Party,south-west,Andrew Edwards,ANDREW BOUCHER EDWARDS,director,EDWARDS & OLIVER LIMITED,05170663,gb,https://opencorporates.com/companies/gb/05170663
Green Party,south-west,Andrew Edwards,ANDREW BOUCHER EDWARDS,director,CROMWELL REPRODUCTIONS LIMITED,00690434,gb,https://opencorporates.com/companies/gb/00690434
Green Party,south-west,Andrew Edwards,ANDREW BOUCHER EDWARDS,director,CROVIN LIMITED,01047953,gb,https://opencorporates.com/companies/gb/01047953
Green Party,south-west,Andrew Edwards,ANDREW BOUCHER EDWARDS,director,PLYMOUTH PROFESSIONAL OFFICES LIMITED,00618656,gb,https://opencorporates.com/companies/gb/00618656
Green Party,south-west,Andrew Edwards,ANDREW BOUCHER EDWARDS,director,WYNDEHAM PLYMOUTH LIMITED,00200363,gb,https://opencorporates.com/companies/gb/00200363
Green Party,south-west,Andrew Edwards,ANDREW BOUCHER EDWARDS,director,GORDANO HOLDINGS LIMITED,00743537,gb,https://opencorporates.com/companies/gb/00743537
Green Party,south-west,Andrew Edwards,ANDREW BRIAN EDWARDS,secretary,MOVEFOLLOW LIMITED,02645460,gb,https://opencorporates.com/companies/gb/02645460
Green Party,south-west,Andrew Edwards,ANDREW BRIAN EDWARDS,secretary,BEAR DESIGN LIMITED,04060423,gb,https://opencorporates.com/companies/gb/04060423
Green Party,south-west,Andrew Edwards,ANDREW BRIAN EDWARDS,director,MOVEFOLLOW LIMITED,02645460,gb,https://opencorporates.com/companies/gb/02645460
Green Party,south-west,Andrew Edwards,ANDREW BRIAN EDWARDS,director,BEAR DESIGN LIMITED,04060423,gb,https://opencorporates.com/companies/gb/04060423
Green Party,south-west,Andrew Edwards,ANDREW BRYAN EDWARDS,director,ARCHITECTURAL OAK BY DESIGN LIMITED,04073753,gb,https://opencorporates.com/companies/gb/04073753
Green Party,south-west,Andrew Edwards,ANDREW BRYAN EDWARDS,director,HAWTHORN SERVICES LIMITED,04753156,gb,https://opencorporates.com/companies/gb/04753156
Green Party,south-west,Andrew Edwards,ANDREW BRYAN EDWARDS,secretary,HAWTHORN SERVICES LIMITED,04753156,gb,https://opencorporates.com/companies/gb/04753156
Green Party,south-west,Andrew Edwards,ANDREW BRYAN EDWARDS,director,LOWES D.I.Y. CENTRE LIMITED,02173078,gb,https://opencorporates.com/companies/gb/02173078
Green Party,south-west,Andrew Edwards,ANDREW BURREN EDWARDS,director,ST JAMES SOFTWARE LTD,05694325,gb,https://opencorporates.com/companies/gb/05694325
Green Party,south-west,Andrew Edwards,ANDREW BURREN EDWARDS,director,DREWLEN PROPERTY SERVICES LTD,04391422,gb,https://opencorporates.com/companies/gb/04391422
Green Party,south-west,Andrew Edwards,ANDREW BURREN EDWARDS,secretary,ST JAMES SOFTWARE LTD,05694325,gb,https://opencorporates.com/companies/gb/05694325
Green Party,south-west,Andrew Edwards,ANDREW BURREN EDWARDS,director,MONECOR (LONDON) LIMITED,00851820,gb,https://opencorporates.com/companies/gb/00851820
Green Party,south-west,Andrew Edwards,ANDREW CARL EDWARDS,director,CAMBRIDGE CATERING EQUIPMENT HIRE LIMITED,04119638,gb,https://opencorporates.com/companies/gb/04119638
Green Party,south-west,Andrew Edwards,ANDREW CHARLES EDWARDS,director,MONMOUTH SECURITIES LTD.,03889212,gb,https://opencorporates.com/companies/gb/03889212
Green Party,south-west,Andrew Edwards,ANDREW CHARLES EDWARDS,director,HARRINGTON SECURITIES 2004 LIMITED,05135336,gb,https://opencorporates.com/companies/gb/05135336
Green Party,south-west,Andrew Edwards,ANDREW CHARLES EDWARDS,director,ACTIVE-NETWORKS.NET LIMITED,04042667,gb,https://opencorporates.com/companies/gb/04042667
Green Party,south-west,Andrew Edwards,ANDREW CHARLES EDWARDS,director,WOODWARD & CO.(FINSBURY)LIMITED,00247466,gb,https://opencorporates.com/companies/gb/00247466
Green Party,south-west,Mike Camp,MIKE CAMP,secretary,COVERZONES LIMITED,05912764,gb,https://opencorporates.com/companies/gb/05912764
Green Party,south-west,Helen Webster,ALEXANDRA HELEN WEBSTER,director,ANDMORE PLANNING LTD,08193096,gb,https://opencorporates.com/companies/gb/08193096
Green Party,south-west,Helen Webster,BARBARA HELEN WEBSTER,secretary,COPYACT LIMITED,01879604,gb,https://opencorporates.com/companies/gb/01879604
Green Party,south-west,Helen Webster,CAROL HELEN WEBSTER,secretary,GARY WEBSTER & ASSOCIATES LIMITED,06007601,gb,https://opencorporates.com/companies/gb/06007601
Green Party,south-west,Helen Webster,CATHERINE HELEN WEBSTER,director,PARKMETRO LIMITED,04359471,gb,https://opencorporates.com/companies/gb/04359471
Green Party,south-west,Helen Webster,CATHERINE HELEN WEBSTER,director,LDC (PROJECT 110) LIMITED,05083580,gb,https://opencorporates.com/companies/gb/05083580
Green Party,south-west,Helen Webster,CATHERINE HELEN WEBSTER,director,LDC (PROJECT 170) LIMITED,05140245,gb,https://opencorporates.com/companies/gb/05140245
Green Party,south-west,Helen Webster,CATHERINE HELEN WEBSTER,director,REDMARLEY C OF E PRIMARY ACADEMY,07705259,gb,https://opencorporates.com/companies/gb/07705259
Green Party,south-west,Helen Webster,CATHERINE HELEN WEBSTER,director,PROPERTYTOPIA LIMITED,08049265,gb,https://opencorporates.com/companies/gb/08049265
Green Party,south-west,Helen Webster,CATHERINE HELEN WEBSTER,director,SCARLETT RETAIL GROUP LIMITED,04611573,gb,https://opencorporates.com/companies/gb/04611573
Green Party,south-west,Helen Webster,CATHERINE HELEN WEBSTER,director,ELDON STREET (JEFFERSON) LIMITED,04818378,gb,https://opencorporates.com/companies/gb/04818378
Green Party,south-west,Helen Webster,CATHERINE HELEN WEBSTER,director,ALLDERS LIMITED,02338866,gb,https://opencorporates.com/companies/gb/02338866
Green Party,south-west,Helen Webster,CATHERINE HELEN WEBSTER,director,LDC (PROJECT 111) LIMITED,05791650,gb,https://opencorporates.com/companies/gb/05791650
Green Party,south-west,Helen Webster,CLARE HELEN WEBSTER,director,IMPRESSION11 LIMITED,07733050,gb,https://opencorporates.com/companies/gb/07733050
Green Party,south-west,Helen Webster,DONNA HELEN WEBSTER,secretary,TALIGENT LIMITED,07603644,gb,https://opencorporates.com/companies/gb/07603644
Green Party,south-west,Helen Webster,DONNA HELEN WEBSTER,secretary,KNIGHTSBRIDGE ENTERPRISES LIMITED,04042761,gb,https://opencorporates.com/companies/gb/04042761
Green Party,south-west,Helen Webster,DONNA HELEN WEBSTER,director,ANTOINETTE COURT MANAGEMENT COMPANY LIMITED,01785359,gb,https://opencorporates.com/companies/gb/01785359
Green Party,south-west,Helen Webster,EMILY HELEN WEBSTER,director,123 SOUTHGATE ROAD LIMITED,03139325,gb,https://opencorporates.com/companies/gb/03139325
Green Party,south-west,Helen Webster,HELEN AUDREY WEBSTER,secretary,JOHN WEBSTER CONSULTANCY LTD.,SC200772,gb,https://opencorporates.com/companies/gb/SC200772
Green Party,south-west,Helen Webster,HELEN CATRIONA WEBSTER,director,KINGSTON GRAMMAR SCHOOL,03883748,gb,https://opencorporates.com/companies/gb/03883748
Green Party,south-west,Helen Webster,HELEN CLAIRE WEBSTER,director,DANEBANK COMMUNITY PRE-SCHOOL LIMITED,07017633,gb,https://opencorporates.com/companies/gb/07017633
Green Party,south-west,Helen Webster,HELEN ELIZABETH WEBSTER,secretary,BUSINESS WEBSITE SERVICES LTD.,SC199959,gb,https://opencorporates.com/companies/gb/SC199959
Green Party,south-west,Helen Webster,HELEN ELIZABETH WEBSTER,director,BRAMBLER LIMITED,08430916,gb,https://opencorporates.com/companies/gb/08430916
Green Party,south-west,Helen Webster,HELEN ERNESTINE WEBSTER,secretary,LINKFAST UK LIMITED,04849754,gb,https://opencorporates.com/companies/gb/04849754
Green Party,south-west,Helen Webster,HELEN ERNESTINE WEBSTER,director,LINKFAST UK LIMITED,04849754,gb,https://opencorporates.com/companies/gb/04849754
Green Party,south-west,Helen Webster,HELEN FALCONER WEBSTER,director,STEVEN F WEBSTER LIMITED,SC188876,gb,https://opencorporates.com/companies/gb/SC188876
Green Party,south-west,Helen Webster,HELEN JOY WEBSTER,secretary,B & H J WEBSTER LIMITED,06758637,gb,https://opencorporates.com/companies/gb/06758637
Green Party,south-west,Helen Webster,HELEN JOY WEBSTER,director,B & H J WEBSTER LIMITED,06758637,gb,https://opencorporates.com/companies/gb/06758637
Green Party,south-west,Helen Webster,HELEN JUDITH WEBSTER,secretary,KARRIS NETWORKS LIMITED,05822929,gb,https://opencorporates.com/companies/gb/05822929
Green Party,south-west,Helen Webster,HELEN LOUISE WEBSTER,director,CHESTNUTHILL ESTATES LIMITED,01095803,gb,https://opencorporates.com/companies/gb/01095803
Green Party,south-west,Helen Webster,HELEN LOUISE WEBSTER,director,DARKLAWN LIMITED,02573122,gb,https://opencorporates.com/companies/gb/02573122
Green Party,south-west,David Smith, DAVID S SMITH PACKAGING LIMITED,director,THE INDUSTRY COUNCIL FOR RESEARCH ON PACKAGING AND THE ENVIRONMENT,02495927,gb,https://opencorporates.com/companies/gb/02495927
Green Party,south-west,David Smith, DAVID S SMITH PACKAGING LIMITED,director,THE INDUSTRY COUNCIL FOR RESEARCH ON PACKAGING AND THE ENVIRONMENT,02495927,gb,https://opencorporates.com/companies/gb/02495927
Green Party,south-west,David Smith, DAVID SHINGLETON-SMITH,secretary,BRIDGEGRADE ANALYSIS LIMITED,02375663,gb,https://opencorporates.com/companies/gb/02375663
Green Party,south-west,David Smith," DAVID SMITH,ST.IVES,LIMITED",llp designated member,GLULAM TIMBER ENGINEERING LLP,OC359573,gb,https://opencorporates.com/companies/gb/OC359573
Green Party,south-west,David Smith,AARON DAVID ROY SMITH,director,FCD LIMITED,03123906,gb,https://opencorporates.com/companies/gb/03123906
Green Party,south-west,David Smith,ADAM DAVID HAUXWELL SMITH,director,HSM INTERNATIONAL LIMITED,03345224,gb,https://opencorporates.com/companies/gb/03345224
Green Party,south-west,David Smith,ADAM DAVID HAUXWELL SMITH,director,HS & M LIMITED,02795881,gb,https://opencorporates.com/companies/gb/02795881
Green Party,south-west,David Smith,ADAM DAVID HAUXWELL SMITH,director,PALLADIUM CONSULTANTS LIMITED,03540715,gb,https://opencorporates.com/companies/gb/03540715
Green Party,south-west,David Smith,ADAM DAVID HAUXWELL SMITH,director,CANDIPEEL LIMITED,02778858,gb,https://opencorporates.com/companies/gb/02778858
Green Party,south-west,David Smith,ADAM DAVID HAUXWELL SMITH,secretary,HSM INTERNATIONAL LIMITED,03345224,gb,https://opencorporates.com/companies/gb/03345224
Green Party,south-west,David Smith,ADAM DAVID KEITH SMITH,director,BUDGET TELECOMS LIMITED,07057613,gb,https://opencorporates.com/companies/gb/07057613
Green Party,south-west,David Smith,ADAM DAVID KEITH SMITH,director,TEDDY AND SAUSAGE DEVELOPMENTS LTD,06460556,gb,https://opencorporates.com/companies/gb/06460556
Green Party,south-west,David Smith,ADAM DAVID KEITH SMITH,director,MYWEDDINGSNAPS.COM LTD,06821000,gb,https://opencorporates.com/companies/gb/06821000
Green Party,south-west,David Smith,ADAM DAVID KEITH SMITH,director,SHROPSHIRE RESTORATIONS LTD,08278164,gb,https://opencorporates.com/companies/gb/08278164
Green Party,south-west,David Smith,ADAM DAVID KEITH SMITH,llp designated member,FAREBROTHER SMITH LLP,OC352381,gb,https://opencorporates.com/companies/gb/OC352381
Green Party,south-west,David Smith,ADAM DAVID KEITH SMITH,director,ASK (GB) LIMITED,04391276,gb,https://opencorporates.com/companies/gb/04391276
Green Party,south-west,David Smith,ADAM DAVID KEITH SMITH,secretary,THE MEGAHAILER COMPANY LIMITED,05048996,gb,https://opencorporates.com/companies/gb/05048996
Green Party,south-west,David Smith,ADAM DAVID KEITH SMITH,director,THE MEGAHAILER COMPANY LIMITED,05048996,gb,https://opencorporates.com/companies/gb/05048996
Green Party,south-west,David Smith,ADAM DAVID KEITH SMITH,secretary,TEDDY AND SAUSAGE DEVELOPMENTS LTD,06460556,gb,https://opencorporates.com/companies/gb/06460556
Green Party,south-west,David Smith,ADAM DAVID MARTYN SMITH,secretary,DAVID MARTYN (CONTRACTORS) LIMITED,00762063,gb,https://opencorporates.com/companies/gb/00762063
Green Party,south-west,David Smith,ADAM DAVID MARTYN-SMITH,director,BAYVIEW ESTATES LIMITED,03031068,gb,https://opencorporates.com/companies/gb/03031068
Green Party,south-west,David Smith,ADAM DAVID MARTYN-SMITH,director,HALB NOMINEES LIMITED,01351999,gb,https://opencorporates.com/companies/gb/01351999
Green Party,south-west,David Smith,ADAM DAVID MARTYN-SMITH,director,HALCYON FINANCIAL SERVICES LIMITED,01980800,gb,https://opencorporates.com/companies/gb/01980800
Green Party,south-west,David Smith,ADAM DAVID SMITH,director,PHODEX LTD,05696142,gb,https://opencorporates.com/companies/gb/05696142
Green Party,south-west,David Smith,ADAM DAVID SMITH,director,AMICUS SPORTS LIMITED,05872554,gb,https://opencorporates.com/companies/gb/05872554
