Britain First,wales,Paul Anthony Golding,"","","","","",""
Britain First,wales,Anthony Clifford Golding,ANTHONY CLIFFORD GOLDING,secretary,A J TIPPERS LIMITED,05234043,gb,https://opencorporates.com/companies/gb/05234043
Britain First,wales,Anthony Clifford Golding,ANTHONY CLIFFORD GOLDING,director,A J TIPPERS LIMITED,05234043,gb,https://opencorporates.com/companies/gb/05234043
Britain First,wales,Christine Beryl Smith,CHRISTINE BERYL SMITH,secretary,QUADSTECH LIMITED,05425828,gb,https://opencorporates.com/companies/gb/05425828
Britain First,wales,Anne Marie Elstone,"","","","","",""
British National Party,wales,Mike Whitby,MIKE WHITBY,director,BIRMINGHAM ECONOMIC DEVELOPMENT PARTNERSHIP LIMITED,02811211,gb,https://opencorporates.com/companies/gb/02811211
British National Party,wales,Mike Whitby,MIKE WHITBY,director,PERFORMANCES BIRMINGHAM LIMITED,03169600,gb,https://opencorporates.com/companies/gb/03169600
British National Party,wales,Mike Whitby,MIKE WHITBY,director,THE NATIONAL EXHIBITION CENTRE (DEVELOPMENTS) PLC,03301940,gb,https://opencorporates.com/companies/gb/03301940
British National Party,wales,Laurence Reid,GEORGE LAURENCE REID,director,TRESIGIN SERVICES LIMITED,05087037,gb,https://opencorporates.com/companies/gb/05087037
British National Party,wales,Laurence Reid,GEORGE LAURENCE REID,director,TRESIGIN SERVICES LIMITED,05087037,gb,https://opencorporates.com/companies/gb/05087037
British National Party,wales,Laurence Reid,GEORGE LAURENCE REID,director,TRESIGIN SERVICES LIMITED,05087037,gb,https://opencorporates.com/companies/gb/05087037
British National Party,wales,Laurence Reid,GEORGE LAURENCE REID,director,TRESIGIN SERVICES LIMITED,05087037,gb,https://opencorporates.com/companies/gb/05087037
British National Party,wales,Laurence Reid,GEORGE LAURENCE REID,director,TRESIGIN SERVICES LIMITED,05087037,gb,https://opencorporates.com/companies/gb/05087037
British National Party,wales,Laurence Reid,LAURENCE EDWARD REID,director,"MILLENNIUM PHARMACEUTICALS, LTD.",04576265,gb,https://opencorporates.com/companies/gb/04576265
British National Party,wales,Laurence Reid,LAURENCE REID,director,REID ACOUSTIC DESIGNS LTD,07017737,gb,https://opencorporates.com/companies/gb/07017737
British National Party,wales,Laurence Reid,LAURENCE REID,director,LWR LIMITED,07102473,gb,https://opencorporates.com/companies/gb/07102473
British National Party,wales,Laurence Reid,LAURENCE REID,director,WALTERSON & REID BUILDING CONTRACTORS LIMITED,SC115069,gb,https://opencorporates.com/companies/gb/SC115069
British National Party,wales,Laurence Reid,LAURENCE REID,director,DUNCAN MACKINNON MUSIC AND ARTS TRUST LIMITED,SC412818,gb,https://opencorporates.com/companies/gb/SC412818
British National Party,wales,Laurence Reid,LAURENCE RICHARD ALEXANDER REID,director,DGAMOS LIMITED,SC197842,gb,https://opencorporates.com/companies/gb/SC197842
British National Party,wales,Laurence Reid,PETER LAURENCE BENEDICT REID,secretary,WHOLEBARN LIMITED,03259001,gb,https://opencorporates.com/companies/gb/03259001
British National Party,wales,Laurence Reid,PETER LAURENCE BENEDICT REID,secretary,F.D. MOTORCYCLES LIMITED,04521780,gb,https://opencorporates.com/companies/gb/04521780
British National Party,wales,Laurence Reid,STEVEN LAURENCE REID,director,S REID MEDICAL LTD,08166833,gb,https://opencorporates.com/companies/gb/08166833
British National Party,wales,Jean Griffin,BRIDGET JEAN GRIFFIN,secretary,D. HICKSON CONSULTANTS LIMITED,03220966,gb,https://opencorporates.com/companies/gb/03220966
British National Party,wales,Jean Griffin,BRIDGET JEAN GRIFFIN,director,GRYPHON BETHUNE SYSTEMS LIMITED,03310778,gb,https://opencorporates.com/companies/gb/03310778
British National Party,wales,Jean Griffin,CAROLE JEAN GRIFFIN,director,P GRIFFIN MARKETING LIMITED,07400472,gb,https://opencorporates.com/companies/gb/07400472
British National Party,wales,Jean Griffin,DEBRA JEAN GRIFFIN,director,REDFORD LOGISTICS & RECYCLING SERV'S LTD,08082155,gb,https://opencorporates.com/companies/gb/08082155
British National Party,wales,Jean Griffin,DEBRA JEAN GRIFFIN,director,REDFORD RECYCLING LIMITED,07522453,gb,https://opencorporates.com/companies/gb/07522453
British National Party,wales,Jean Griffin,FIONA JEAN GRIFFIN,director,MAYLORD SHOPPING CENTRE TENANTS ASSOCIATION LIMITED,02420128,gb,https://opencorporates.com/companies/gb/02420128
British National Party,wales,Jean Griffin,FRANCES JEAN GRIFFIN,director,WESTFIELD PARK MANAGEMENT COMPANY LIMITED,00795770,gb,https://opencorporates.com/companies/gb/00795770
British National Party,wales,Jean Griffin,JANET JEAN GRIFFIN,secretary,SENIOR WRIGHT HOLDINGS LIMITED,02451678,gb,https://opencorporates.com/companies/gb/02451678
British National Party,wales,Jean Griffin,JEAN BARBARA GRIFFIN,director,NORMAN GRIFFIN LIMITED,01437455,gb,https://opencorporates.com/companies/gb/01437455
British National Party,wales,Jean Griffin,JEAN BARBARA GRIFFIN,secretary,BATH & WEST CASH AND CARRY LIMITED,00986734,gb,https://opencorporates.com/companies/gb/00986734
British National Party,wales,Jean Griffin,JEAN BARBARA GRIFFIN,secretary,NORMAN GRIFFIN LIMITED,01437455,gb,https://opencorporates.com/companies/gb/01437455
British National Party,wales,Jean Griffin,JEAN GRIFFIN,secretary,B.G. PROFESSIONAL SERVICES LIMITED,03731345,gb,https://opencorporates.com/companies/gb/03731345
British National Party,wales,Jean Griffin,JEAN GRIFFIN,director,PRICE ATTACK LIMITED,03018837,gb,https://opencorporates.com/companies/gb/03018837
British National Party,wales,Jean Griffin,JEAN GRIFFIN,director,GRYPHON HOSPITALITY LIMITED,07234719,gb,https://opencorporates.com/companies/gb/07234719
British National Party,wales,Jean Griffin,JEAN GRIFFIN,director,VAPORTRONIC LTD,08064090,gb,https://opencorporates.com/companies/gb/08064090
British National Party,wales,Jean Griffin,JEAN GRIFFIN,secretary,PRICE ATTACK (FARNBOROUGH) LIMITED,04604890,gb,https://opencorporates.com/companies/gb/04604890
British National Party,wales,Jean Griffin,JEAN GRIFFIN,secretary,BRIAN GRIFFIN PLANNING & COUNTRYSIDE CONSULTANTS LIMITED,04991513,gb,https://opencorporates.com/companies/gb/04991513
British National Party,wales,Jean Griffin,JEAN GRIFFIN,director,BRIAN GRIFFIN PLANNING & COUNTRYSIDE CONSULTANTS LIMITED,04991513,gb,https://opencorporates.com/companies/gb/04991513
British National Party,wales,Jean Griffin,JEAN GRIFFIN,secretary,GRIFFIN GLASSHOUSES LIMITED,01786962,gb,https://opencorporates.com/companies/gb/01786962
British National Party,wales,Jean Griffin,JEAN GRIFFIN,director,GRIFFIN GLASSHOUSES LIMITED,01786962,gb,https://opencorporates.com/companies/gb/01786962
British National Party,wales,Jean Griffin,JEAN GRIFFIN,director,MARINERS WHARF MANAGEMENT COMPANY (NEWHAVEN) LIMITED,04620285,gb,https://opencorporates.com/companies/gb/04620285
British National Party,wales,Jean Griffin,JEAN GRIFFIN,secretary,MARINERS WHARF MANAGEMENT COMPANY (NEWHAVEN) LIMITED,04620285,gb,https://opencorporates.com/companies/gb/04620285
British National Party,wales,Jean Griffin,JEAN GRIFFIN,director,QUAY COURT (SHOREHAM) LIMITED,03101411,gb,https://opencorporates.com/companies/gb/03101411
British National Party,wales,Jean Griffin,JEAN GRIFFIN,secretary,RLG MOBILE BUILDINGS LIMITED,05812182,gb,https://opencorporates.com/companies/gb/05812182
British National Party,wales,Jean Griffin,JEAN GRIFFIN,secretary,CUMBRIA FASTENERS (MORECAMBE) LIMITED,01757432,gb,https://opencorporates.com/companies/gb/01757432
British National Party,wales,Jean Griffin,JEAN GRIFFIN,secretary,OFFICE & COMMERCIAL RELOCATION LIMITED,04281749,gb,https://opencorporates.com/companies/gb/04281749
British National Party,wales,Jean Griffin,JEAN GRIFFIN,director,OFFICE & COMMERCIAL RELOCATION LIMITED,04281749,gb,https://opencorporates.com/companies/gb/04281749
British National Party,wales,Jean Griffin,JEAN MARGUERITE GRIFFIN,director,RICHARDSON COURT (HOVE) RESIDENTS ASSOCIATION LIMITED,00714021,gb,https://opencorporates.com/companies/gb/00714021
British National Party,wales,Jean Griffin,JEAN MARGUERITE GRIFFIN,director,PEPPERS COURT LIMITED,01793378,gb,https://opencorporates.com/companies/gb/01793378
British National Party,wales,Jean Griffin,JEAN MATILDA GRIFFIN,secretary,A & S BOOKBINDING COMPANY LIMITED,00592735,gb,https://opencorporates.com/companies/gb/00592735
British National Party,wales,Gary Tumulty,"","","","","",""
Conservative Party,wales,Kay Swinburne,JACQUELINE KAY SWINBURNE,secretary,MEREWOOD LIMITED,05433831,gb,https://opencorporates.com/companies/gb/05433831
Conservative Party,wales,Kay Swinburne,JACQUELINE KAY SWINBURNE,secretary,DERIVATIVE DESIGN LIMITED,03562588,gb,https://opencorporates.com/companies/gb/03562588
Conservative Party,wales,Kay Swinburne,JACQUELINE KAY SWINBURNE,director,SWINBURNE INVESTMENT MANAGEMENT LIMITED,04050534,gb,https://opencorporates.com/companies/gb/04050534
Conservative Party,wales,Aled Wyn Davies,ALED WYN DAVIES,director,WDS ENVIRONMENTAL LIMITED,05311330,gb,https://opencorporates.com/companies/gb/05311330
Conservative Party,wales,Aled Wyn Davies,ALED WYN DAVIES,secretary,ATEBGLAS DAIONI CYFYNGEDIG,07492206,gb,https://opencorporates.com/companies/gb/07492206
Conservative Party,wales,Aled Wyn Davies,ALED WYN DAVIES,director,ATEBGLAS DAIONI CYFYNGEDIG,07492206,gb,https://opencorporates.com/companies/gb/07492206
Conservative Party,wales,Aled Wyn Davies,ALED WYN DAVIES,director,MENTER IAITH MALDWYN,04098241,gb,https://opencorporates.com/companies/gb/04098241
Conservative Party,wales,Aled Wyn Davies,ALED WYN DAVIES,director,CRAIDD CYF,06742824,gb,https://opencorporates.com/companies/gb/06742824
Conservative Party,wales,Aled Wyn Davies,ALED WYN DAVIES,director,WDS GREEN ENERGY LTD,07427355,gb,https://opencorporates.com/companies/gb/07427355
Conservative Party,wales,Aled Wyn Davies,ALED WYN DAVIES,director,ATEBGLAS CYFYNGEDIG,05092821,gb,https://opencorporates.com/companies/gb/05092821
Conservative Party,wales,Dan Boucher,"","","","","",""
Conservative Party,wales,Richard Howard Hopkin,RICHARD HOWARD HOPKIN,director,LONDON WELSH CENTRE LIMITED,00204686,gb,https://opencorporates.com/companies/gb/00204686
Conservative Party,wales,Richard Howard Hopkin,RICHARD HOWARD HOPKIN,director,THE HANDEL HOUSE TRUST LIMITED,02653428,gb,https://opencorporates.com/companies/gb/02653428
Conservative Party,wales,Richard Howard Hopkin,RICHARD HOWARD HOPKIN,director,BELISAMA INVESTMENTS B.V.,FC027228,gb,https://opencorporates.com/companies/gb/FC027228
Conservative Party,wales,Richard Howard Hopkin,RICHARD HOWARD HOPKIN,director,THE LONDON WELSH CENTRE TRUST,00774093,gb,https://opencorporates.com/companies/gb/00774093
Conservative Party,wales,Richard Howard Hopkin,RICHARD HOWARD HOPKIN,director,BRIGANTIA INVESTMENTS B.V.,FC027233,gb,https://opencorporates.com/companies/gb/FC027233
Conservative Party,wales,Richard Howard Hopkin,RICHARD HOWARD HOPKIN,director,LONDON HANDEL SOCIETY LIMITED,01193919,gb,https://opencorporates.com/companies/gb/01193919
Conservative Party,wales,Richard Howard Hopkin,RICHARD HOWARD HOPKIN,director,ZIGGURAT FREEHOLD LIMITED,05046932,gb,https://opencorporates.com/companies/gb/05046932
Green Party,wales,Pippa Bartolotti,PIPPA BARTOLOTTI,director,TOUCAN SYSTEMS LIMITED,02068869,gb,https://opencorporates.com/companies/gb/02068869
Green Party,wales,John Matthews,AARON JOHN MATTHEWS,director,KOUM NETWORK,07541056,gb,https://opencorporates.com/companies/gb/07541056
Green Party,wales,John Matthews,ADAM JOHN MATTHEWS,director,WESTON-SUPER-MARE EDUCATION TRUST,08658047,gb,https://opencorporates.com/companies/gb/08658047
Green Party,wales,John Matthews,ADRIAN JOHN MATTHEWS,director,MICROMEMORY LIMITED,03479366,gb,https://opencorporates.com/companies/gb/03479366
Green Party,wales,John Matthews,ADRIAN JOHN MATTHEWS,secretary,EXCEL LOCUMS LIMITED,03893644,gb,https://opencorporates.com/companies/gb/03893644
Green Party,wales,John Matthews,ADRIAN JOHN MATTHEWS,director,DREAM VENTURES LIMITED,04313160,gb,https://opencorporates.com/companies/gb/04313160
Green Party,wales,John Matthews,ADRIAN JOHN MATTHEWS,director,EXCEL LOCUMS LIMITED,03893644,gb,https://opencorporates.com/companies/gb/03893644
Green Party,wales,John Matthews,ADRIAN JOHN MATTHEWS,secretary,UNIVERSAL MEDICAL SERVICES LIMITED,03911444,gb,https://opencorporates.com/companies/gb/03911444
Green Party,wales,John Matthews,ADRIAN JOHN MATTHEWS,director,UNIVERSAL MEDICAL SERVICES LIMITED,03911444,gb,https://opencorporates.com/companies/gb/03911444
Green Party,wales,John Matthews,ADRIAN JOHN MATTHEWS,director,MICROMEMORY LIMITED,03479366,gb,https://opencorporates.com/companies/gb/03479366
Green Party,wales,John Matthews,ADRIAN JOHN MATTHEWS,secretary,THE INTERNATIONAL TIGER MOTH BENEVOLENT ASSOCIATION,04049209,gb,https://opencorporates.com/companies/gb/04049209
Green Party,wales,John Matthews,ADRIAN JOHN MATTHEWS,director,TOMORROW CONSULTANCY LIMITED,03613825,gb,https://opencorporates.com/companies/gb/03613825
Green Party,wales,John Matthews,ADRIAN JOHN MATTHEWS,secretary,DREAM VENTURES LIMITED,04313160,gb,https://opencorporates.com/companies/gb/04313160
Green Party,wales,John Matthews,ALAN BRIAN JOHN MATTHEWS,director,CERBERUS IT SOLUTIONS LIMITED,06674315,gb,https://opencorporates.com/companies/gb/06674315
Green Party,wales,John Matthews,ALAN JOHN MATTHEWS,secretary,2440840 LIMITED,02440840,gb,https://opencorporates.com/companies/gb/02440840
Green Party,wales,John Matthews,ALAN JOHN MATTHEWS,director,ARMFOODS LIMITED,00677803,gb,https://opencorporates.com/companies/gb/00677803
Green Party,wales,John Matthews,ALAN JOHN MATTHEWS,director,PRIMARY NEEDS LIMITED,05297513,gb,https://opencorporates.com/companies/gb/05297513
Green Party,wales,John Matthews,ALAN JOHN MATTHEWS,secretary,PRIMARY NEEDS LIMITED,05297513,gb,https://opencorporates.com/companies/gb/05297513
Green Party,wales,John Matthews,ALAN JOHN MATTHEWS,secretary,J A D SERVICES LIMITED,02672805,gb,https://opencorporates.com/companies/gb/02672805
Green Party,wales,John Matthews,ALAN JOHN MATTHEWS,director,J A D SERVICES LIMITED,02672805,gb,https://opencorporates.com/companies/gb/02672805
Green Party,wales,John Matthews,ALAN JOHN MATTHEWS,secretary,"CAPOCCI'S SNACK BARS,LIMITED",00488199,gb,https://opencorporates.com/companies/gb/00488199
Green Party,wales,John Matthews,ALAN JOHN MATTHEWS,director,"CAPOCCI'S SNACK BARS,LIMITED",00488199,gb,https://opencorporates.com/companies/gb/00488199
Green Party,wales,John Matthews,ALAN JOHN MATTHEWS,director,NEEDOAK LIMITED,01820602,gb,https://opencorporates.com/companies/gb/01820602
Green Party,wales,John Matthews,ALAN JOHN MATTHEWS,director,WCN HOLDINGS LIMITED,03670815,gb,https://opencorporates.com/companies/gb/03670815
Green Party,wales,John Matthews,ALAN JOHN MATTHEWS,secretary,ARMITAGE BROTHERS LIMITED,00051903,gb,https://opencorporates.com/companies/gb/00051903
Green Party,wales,John Matthews,ALAN JOHN MATTHEWS,secretary,GOOD BOY PET FOODS LIMITED,00678990,gb,https://opencorporates.com/companies/gb/00678990
Green Party,wales,John Matthews,ALAN JOHN MATTHEWS,director,ROOKSWOOD PRODUCTIONS LIMITED,03688112,gb,https://opencorporates.com/companies/gb/03688112
Green Party,wales,John Matthews,ALAN JOHN MATTHEWS,secretary,DRV INTEGRATION LIMITED,05583778,gb,https://opencorporates.com/companies/gb/05583778
Green Party,wales,John Matthews,ALAN JOHN MATTHEWS,director,DRV INTEGRATION LIMITED,05583778,gb,https://opencorporates.com/companies/gb/05583778
Green Party,wales,John Matthews,ALAN JOHN MATTHEWS,director,THE GRAIN HOUSE TRUST,04626536,gb,https://opencorporates.com/companies/gb/04626536
Green Party,wales,John Matthews,ALAN JOHN MATTHEWS,director,DRV SUPPORT LIMITED,05739486,gb,https://opencorporates.com/companies/gb/05739486
Green Party,wales,Chris Were,"","","","","",""
Green Party,wales,Rozz Cutler,"","","","","",""
Labour Party,wales,Derek Vaughan,AIDAN DEREK VAUGHAN,director,MPL WEALTH MANAGEMENT LIMITED,03079936,gb,https://opencorporates.com/companies/gb/03079936
Labour Party,wales,Derek Vaughan,AIDEN DEREK VAUGHAN,director,MPL WEALTH MANAGEMENT LIMITED,03079936,gb,https://opencorporates.com/companies/gb/03079936
Labour Party,wales,Derek Vaughan,ANDREW DEREK VAUGHAN,director,INTERNATIONAL BENEFITS HOLDINGS LIMITED,07430816,gb,https://opencorporates.com/companies/gb/07430816
Labour Party,wales,Derek Vaughan,ANDREW DEREK VAUGHAN,director,FONESTARZ MEDIA GROUP LIMITED,05613283,gb,https://opencorporates.com/companies/gb/05613283
Labour Party,wales,Derek Vaughan,ANDREW DEREK VAUGHAN,director,ROUGE 1 LIMITED,05611337,gb,https://opencorporates.com/companies/gb/05611337
Labour Party,wales,Derek Vaughan,ANDREW DEREK VAUGHAN,director,HAMSARD 3043 LIMITED,06028269,gb,https://opencorporates.com/companies/gb/06028269
Labour Party,wales,Derek Vaughan,ANDREW DEREK VAUGHAN,director,ENVIROS GROUP LIMITED,04217291,gb,https://opencorporates.com/companies/gb/04217291
Labour Party,wales,Derek Vaughan,ANDREW DEREK VAUGHAN,director,EXPERIAN INTEGRATED MARKETING LIMITED,03644914,gb,https://opencorporates.com/companies/gb/03644914
Labour Party,wales,Derek Vaughan,ANDREW DEREK VAUGHAN,director,CARE IN BATHING LTD,02426566,gb,https://opencorporates.com/companies/gb/02426566
Labour Party,wales,Derek Vaughan,ANDREW DEREK VAUGHAN,director,EXPERIAN INTEGRATED MARKETING HOLDINGS LIMITED,04842878,gb,https://opencorporates.com/companies/gb/04842878
Labour Party,wales,Derek Vaughan,ANDREW DEREK VAUGHAN,director,CAESAR TOPCO LIMITED,08319737,gb,https://opencorporates.com/companies/gb/08319737
Labour Party,wales,Derek Vaughan,ANDREW DEREK VAUGHAN,director,NEXUS VEHICLE HOLDINGS LIMITED,06461008,gb,https://opencorporates.com/companies/gb/06461008
Labour Party,wales,Derek Vaughan,ANDREW DEREK VAUGHAN,director,HWH PLUS LIMITED,04404058,gb,https://opencorporates.com/companies/gb/04404058
Labour Party,wales,Derek Vaughan,ANDREW DEREK VAUGHAN,director,CAESAR MIDCO LIMITED,08319789,gb,https://opencorporates.com/companies/gb/08319789
Labour Party,wales,Derek Vaughan,ANDREW DEREK VAUGHAN,director,CAESAR BIDCO LIMITED,08319877,gb,https://opencorporates.com/companies/gb/08319877
Labour Party,wales,Derek Vaughan,ASHLEY MICHAEL DEREK VAUGHAN RAKE,director,SPRINGFIELD POLO LIMITED,05471782,gb,https://opencorporates.com/companies/gb/05471782
Labour Party,wales,Derek Vaughan,DEREK ALBERT VAUGHAN,secretary,ALAN COLLINS (TYRE SERVICE) LIMITED,01286179,gb,https://opencorporates.com/companies/gb/01286179
Labour Party,wales,Derek Vaughan,DEREK ALBERT VAUGHAN,secretary,ALAN COLLINS MECHANICAL HANDLING LIMITED,03070215,gb,https://opencorporates.com/companies/gb/03070215
Labour Party,wales,Derek Vaughan,DEREK ALBERT VAUGHAN,director,LEEA GOLF LTD,06784117,gb,https://opencorporates.com/companies/gb/06784117
Labour Party,wales,Derek Vaughan,DEREK ALBERT VAUGHAN,director,ALAN COLLINS (TYRE SERVICE) LIMITED,01286179,gb,https://opencorporates.com/companies/gb/01286179
Labour Party,wales,Derek Vaughan,DEREK DUMONT VAUGHAN,director,INTERVAUGHAN LIMITED,01833949,gb,https://opencorporates.com/companies/gb/01833949
Labour Party,wales,Derek Vaughan,DEREK JOHN VAUGHAN,director,HEREFORD CATTLE SERVICES LIMITED,01597591,gb,https://opencorporates.com/companies/gb/01597591
Labour Party,wales,Derek Vaughan,DEREK NIGEL VAUGHAN,secretary,INSIGHT COMMUNICATIONS (SCOTLAND) LIMITED,SC226578,gb,https://opencorporates.com/companies/gb/SC226578
Labour Party,wales,Derek Vaughan,DEREK NIGEL VAUGHAN,director,AVA MARKETING LIMITED,04106114,gb,https://opencorporates.com/companies/gb/04106114
Labour Party,wales,Derek Vaughan,DEREK NIGEL VAUGHAN,director,PROPERTY CONSORTIUM INTERNATIONAL LTD,05110854,gb,https://opencorporates.com/companies/gb/05110854
Labour Party,wales,Derek Vaughan,DEREK NIGEL VAUGHAN,director,CONFEDERATION MARKETING (SERVICES) LIMITED,06291023,gb,https://opencorporates.com/companies/gb/06291023
Labour Party,wales,Derek Vaughan,DEREK NIGEL VAUGHAN,director,CHEQUE-IT LIMITED,04013066,gb,https://opencorporates.com/companies/gb/04013066
Labour Party,wales,Derek Vaughan,DEREK NIGEL VAUGHAN,director,EASY QUOTE (UK) LIMITED,03988842,gb,https://opencorporates.com/companies/gb/03988842
Labour Party,wales,Derek Vaughan,DEREK NIGEL VAUGHAN,director,ALLIED TRADES CONFEDERATION LIMITED,04022985,gb,https://opencorporates.com/companies/gb/04022985
Labour Party,wales,Derek Vaughan,DEREK NIGEL VAUGHAN,director,CONFEDERATION MARKETING LIMITED,04693629,gb,https://opencorporates.com/companies/gb/04693629
Labour Party,wales,Jayne Bryant,JAYNE BRYANT,director,BPN SMALL PROJECTS LIMITED,06417230,gb,https://opencorporates.com/companies/gb/06417230
Labour Party,wales,Jayne Bryant,JAYNE BRYANT,secretary,SMALL COMPANY REPORTING LIMITED,02683274,gb,https://opencorporates.com/companies/gb/02683274
Labour Party,wales,Jayne Bryant,JAYNE BRYANT,director,SMALL COMPANY REPORTING LIMITED,02683274,gb,https://opencorporates.com/companies/gb/02683274
Labour Party,wales,Jayne Bryant,JAYNE BRYANT,director,NEWPORT WOMENS AID LIMITED,02537132,gb,https://opencorporates.com/companies/gb/02537132
Labour Party,wales,Jayne Bryant,JAYNE ELIZABETH BRYANT,director,PENDARVES VILLA MANAGEMENT COMPANY LIMITED,06684244,gb,https://opencorporates.com/companies/gb/06684244
Labour Party,wales,Jayne Bryant,JAYNE KATHRYN BRYANT,director,HAIR DOO LTD,08176375,gb,https://opencorporates.com/companies/gb/08176375
Labour Party,wales,Jayne Bryant,LISA JAYNE BRYANT,director,JMB FOOD SERVICES LTD.,07151830,gb,https://opencorporates.com/companies/gb/07151830
Labour Party,wales,Jayne Bryant,MELANIE JAYNE BRYANT,director,DEVERDE LTD,08361107,gb,https://opencorporates.com/companies/gb/08361107
Labour Party,wales,Jayne Bryant,MELANIE JAYNE BRYANT,director,DE VERDE TECHNOLOGIES LIMITED,06724303,gb,https://opencorporates.com/companies/gb/06724303
Labour Party,wales,Jayne Bryant,MICHELLE JAYNE BRYANT,director,SONIC COMMUNICATIONS (INTERNATIONAL) LIMITED,01248257,gb,https://opencorporates.com/companies/gb/01248257
Labour Party,wales,Jayne Bryant,NICOLA JAYNE BRYANT,director,COLCHESTER SHOTOKAN KARATE CLUB LIMITED,04178887,gb,https://opencorporates.com/companies/gb/04178887
Labour Party,wales,Jayne Bryant,NICOLA JAYNE BRYANT,director,ISLINGTON LIGHTING (FINANCE) LIMITED,04635613,gb,https://opencorporates.com/companies/gb/04635613
Labour Party,wales,Jayne Bryant,NICOLA JAYNE BRYANT,director,CONNECT ROADS SUNDERLAND LIMITED,04693607,gb,https://opencorporates.com/companies/gb/04693607
Labour Party,wales,Jayne Bryant,NICOLA JAYNE BRYANT,secretary,LACEYS (PRINTERS) LIMITED,01820370,gb,https://opencorporates.com/companies/gb/01820370
Labour Party,wales,Jayne Bryant,NICOLA JAYNE BRYANT,director,CITY GREENWICH LEWISHAM RAIL LINK PLC,03169276,gb,https://opencorporates.com/companies/gb/03169276
Labour Party,wales,Jayne Bryant,NICOLA JAYNE BRYANT,director,CONNECT ROADS SUNDERLAND HOLDINGS LIMITED,04698779,gb,https://opencorporates.com/companies/gb/04698779
Labour Party,wales,Jayne Bryant,NICOLA JAYNE BRYANT,director,SUNDERLAND STREETLIGHTING LIMITED,04524734,gb,https://opencorporates.com/companies/gb/04524734
Labour Party,wales,Jayne Bryant,NICOLA JAYNE BRYANT,director,SEC HIGHWAY LIGHTING (NO.2) LIMITED,04635671,gb,https://opencorporates.com/companies/gb/04635671
Labour Party,wales,Jayne Bryant,NICOLA JAYNE BRYANT,secretary,AMBER AIRCRAFT SERVICES LIMITED,05533531,gb,https://opencorporates.com/companies/gb/05533531
Labour Party,wales,Jayne Bryant,NICOLA JAYNE BRYANT,secretary,MEDINA PRINTING COMPANY LIMITED,02719802,gb,https://opencorporates.com/companies/gb/02719802
Labour Party,wales,Jayne Bryant,NICOLA JAYNE BRYANT,secretary,FAIRHALL & BRYANT LIMITED,07730015,gb,https://opencorporates.com/companies/gb/07730015
Labour Party,wales,Jayne Bryant,NICOLA JAYNE BRYANT,director,ISLINGTON LIGHTING LIMITED,04635617,gb,https://opencorporates.com/companies/gb/04635617
Labour Party,wales,Jayne Bryant,NICOLA JAYNE BRYANT,director,POWER ASSET DEVELOPMENT COMPANY LIMITED,02340677,gb,https://opencorporates.com/companies/gb/02340677
Labour Party,wales,Jayne Bryant,SANDRA JAYNE BRYANT,secretary,PALMDOWN DEVELOPMENTS LIMITED,02163674,gb,https://opencorporates.com/companies/gb/02163674
Labour Party,wales,Jayne Bryant,SANDRA JAYNE BRYANT,director,PALMDOWN DEVELOPMENTS LIMITED,02163674,gb,https://opencorporates.com/companies/gb/02163674
Labour Party,wales,Alex Thomas,ALEX ALWIN THOMAS,director,DALIANS LIMITED,07706956,gb,https://opencorporates.com/companies/gb/07706956
Labour Party,wales,Alex Thomas,ALEX IVAN THOMAS,director,94 BRONDESBURY ROAD MANAGEMENT COMPANY LIMITED,07741252,gb,https://opencorporates.com/companies/gb/07741252
Labour Party,wales,Alex Thomas,ALEX JAMES THOMAS RICHARDS,director,SOCIALREL8 LTD,07851629,gb,https://opencorporates.com/companies/gb/07851629
Labour Party,wales,Alex Thomas,ALEX JOHN THOMAS,secretary,TURNSTONE PROPERTY MANAGEMENT LIMITED,00799602,gb,https://opencorporates.com/companies/gb/00799602
Labour Party,wales,Alex Thomas,ALEX LINSEY THOMAS,director,PSYCHE LIMITED,02844011,gb,https://opencorporates.com/companies/gb/02844011
Labour Party,wales,Alex Thomas,ALEX MARK THOMAS,director,ABBA NATION LIMITED,07073097,gb,https://opencorporates.com/companies/gb/07073097
Labour Party,wales,Alex Thomas,ALEX MARK THOMAS,secretary,J. A. LAMONT & CO. LIMITED,05183944,gb,https://opencorporates.com/companies/gb/05183944
Labour Party,wales,Alex Thomas,ALEX RICHARD THOMAS THORPE,secretary,MANGE2RODNEY LTD,04090567,gb,https://opencorporates.com/companies/gb/04090567
Labour Party,wales,Alex Thomas,ALEX RICHARD THOMAS THORPE,director,MANGE2RODNEY LTD,04090567,gb,https://opencorporates.com/companies/gb/04090567
Labour Party,wales,Alex Thomas,ALEX RICHARD THOMAS THORPE,director,SOUTH SQUARE LTD,04211821,gb,https://opencorporates.com/companies/gb/04211821
Labour Party,wales,Alex Thomas,ALEX RICHARD THOMAS THORPE,director,KURRAJONG SERVICE COMPANY LIMITED,00612625,gb,https://opencorporates.com/companies/gb/00612625
Labour Party,wales,Alex Thomas,ALEX ROGER THOMAS,director,THOMAS PLANT MANAGEMENT LIMITED,07863726,gb,https://opencorporates.com/companies/gb/07863726
Labour Party,wales,Alex Thomas,ALEX THOMAS,director,INDEPENDENT CELEBRITY LIAISON LIMITED,07568393,gb,https://opencorporates.com/companies/gb/07568393
Labour Party,wales,Alex Thomas,ALEX THOMAS,director,PEOPLE'S CAR (UK) LIMITED,04301401,gb,https://opencorporates.com/companies/gb/04301401
Labour Party,wales,Alex Thomas,ALEX THOMAS,director,UNION JACKS TRADITIONAL FISH & CHIPS LIMITED,05800980,gb,https://opencorporates.com/companies/gb/05800980
Labour Party,wales,Alex Thomas,ALEX THOMAS,director,POYNDERS COURT LIMITED,03840805,gb,https://opencorporates.com/companies/gb/03840805
Labour Party,wales,Alex Thomas,ALEX THOMAS,director,FAREAST ENTERPRISE (UK) LIMITED,08117663,gb,https://opencorporates.com/companies/gb/08117663
Labour Party,wales,Alex Thomas,ALEX THOMAS,director,A T PLUMBING LIMITED,08290790,gb,https://opencorporates.com/companies/gb/08290790
Labour Party,wales,Alex Thomas,ALEX THOMAS,director,THOMAS & JOSEPH LIMITED,08489895,gb,https://opencorporates.com/companies/gb/08489895
Labour Party,wales,Alex Thomas,ALEX THOMAS,secretary,PSYCHE LIMITED,02844011,gb,https://opencorporates.com/companies/gb/02844011
Labour Party,wales,Alex Thomas,ALEX THOMAS AHRENS,director,HANCOCKS CONFECTIONERY (UK) LIMITED,02400769,gb,https://opencorporates.com/companies/gb/02400769
Labour Party,wales,Alex Thomas,ALEX THOMAS BOND,director,BOND SOFTWARE SOLUTIONS LTD,06132734,gb,https://opencorporates.com/companies/gb/06132734
Labour Party,wales,Alex Thomas,ALEX THOMAS BORGES,director,11 ELMGROVE ROAD (REDLAND) MANAGEMENT COMPANY LIMITED,02292071,gb,https://opencorporates.com/companies/gb/02292071
Labour Party,wales,Alex Thomas,ALEX THOMAS BROWN,director,86 COTHAM BROW MANAGEMENT LIMITED,02191087,gb,https://opencorporates.com/companies/gb/02191087
Labour Party,wales,Alex Thomas,ALEX THOMAS COLEMAN,secretary,BC BIKES LIMITED,07095610,gb,https://opencorporates.com/companies/gb/07095610
Labour Party,wales,Alex Thomas,ALEX THOMAS COPPIN,director,A&M FOODS (LYMINGTON) LIMITED,04709555,gb,https://opencorporates.com/companies/gb/04709555
Labour Party,wales,Alex Thomas,ALEX THOMAS DAWBER,director,4BYSIX LTD,08050661,gb,https://opencorporates.com/companies/gb/08050661
Labour Party,wales,Alex Thomas,ALEX THOMAS DRUETT,director,36 EAT0N RISE MANAGEMENT C0MPANY LIMITED,01484028,gb,https://opencorporates.com/companies/gb/01484028
Labour Party,wales,Alex Thomas,ALEX THOMAS DUNCAN,director,MAGNUM SOFTWARE LTD,08378281,gb,https://opencorporates.com/companies/gb/08378281
Labour Party,wales,Alex Thomas,ALEX THOMAS DUNCAN,director,PHILAID LTD,08365064,gb,https://opencorporates.com/companies/gb/08365064
Labour Party,wales,Christina Elizabeth Rees,"","","","","",""
Liberal Democrats,wales,Alec Dauncey,ALEC DAUNCEY,director,PARTNERIAETH ECO DYFFRYN DYFI ECO VALLEY PARTNERSHIP,03825561,gb,https://opencorporates.com/companies/gb/03825561
Liberal Democrats,wales,Robert Speht,ROBERT SPEHT,director,WINDTECH CYMRU LIMITED,04435855,gb,https://opencorporates.com/companies/gb/04435855
Liberal Democrats,wales,Robert Speht,ROBERT SPEHT,director,BALANZ CO2 LIMITED,06077080,gb,https://opencorporates.com/companies/gb/06077080
Liberal Democrats,wales,Robert Speht,ROBERT SPEHT,secretary,SWANSEA BAY ENERGY PARTNERSHIP LIMITED,04814747,gb,https://opencorporates.com/companies/gb/04814747
Liberal Democrats,wales,Robert Speht,ROBERT SPEHT,director,FRESH APPROACH TO LIMITED,05903618,gb,https://opencorporates.com/companies/gb/05903618
Liberal Democrats,wales,Robert Speht,ROBERT SPEHT,secretary,MELYN GWYNT LIMITED,04832514,gb,https://opencorporates.com/companies/gb/04832514
Liberal Democrats,wales,Robert Speht,ROBERT SPEHT,director,SWANSEA & MUMBLES RAILWAY COMPANY LIMITED,07524554,gb,https://opencorporates.com/companies/gb/07524554
Liberal Democrats,wales,Robert Speht,ROBERT SPEHT,director,ENERGYTECH LIMITED,04061486,gb,https://opencorporates.com/companies/gb/04061486
Liberal Democrats,wales,Robert Speht,ROBERT SPEHT,director,SWANSEA BAY ENERGY PARTNERSHIP LIMITED,04814747,gb,https://opencorporates.com/companies/gb/04814747
Liberal Democrats,wales,Robert Speht,ROBERT SPEHT,secretary,OUTSMART WIND PROFESSIONALS LIMITED,08644410,gb,https://opencorporates.com/companies/gb/08644410
Liberal Democrats,wales,Robert Speht,ROBERT SPEHT,director,OUTSMART WIND PROFESSIONALS LIMITED,08644410,gb,https://opencorporates.com/companies/gb/08644410
Liberal Democrats,wales,Jackie Radford,JACKIE RADFORD,director,EP MARKETING LOGISTICS LIMITED,07329824,gb,https://opencorporates.com/companies/gb/07329824
Liberal Democrats,wales,Jackie Radford,JACKIE RADFORD,llp member,PROJECT NETWORK LLP,OC360533,gb,https://opencorporates.com/companies/gb/OC360533
Liberal Democrats,wales,Bruce Roberts,ADRIAN BRUCE ROBERTS,director,P3CO SOLUTIONS LIMITED,05427009,gb,https://opencorporates.com/companies/gb/05427009
Liberal Democrats,wales,Bruce Roberts,ALASDAIR FRANCIS BRUCE ROBERTS,director,MALLAIG & DISTRICT NEWSPAPER LIMITED,SC151775,gb,https://opencorporates.com/companies/gb/SC151775
Liberal Democrats,wales,Bruce Roberts,BRUCE ADRIAN ROBERTS,secretary,ROBERTS ASSOCIATES UK LIMITED,06576678,gb,https://opencorporates.com/companies/gb/06576678
Liberal Democrats,wales,Bruce Roberts,BRUCE ADRIAN ROBERTS,director,ROBERTS ASSOCIATES UK LIMITED,06576678,gb,https://opencorporates.com/companies/gb/06576678
Liberal Democrats,wales,Bruce Roberts,BRUCE DAVID ROBERTS,director,TAIL WHIP LTD,07721200,gb,https://opencorporates.com/companies/gb/07721200
Liberal Democrats,wales,Bruce Roberts,BRUCE DAVID ROBERTS,director,BRUCE ROBERTS ENTERPRISES LTD,07072977,gb,https://opencorporates.com/companies/gb/07072977
Liberal Democrats,wales,Bruce Roberts,BRUCE GEORGE ROBERTS,director,SECURB MARINE CONSULTANTS LIMITED,03318176,gb,https://opencorporates.com/companies/gb/03318176
Liberal Democrats,wales,Bruce Roberts,BRUCE GORDON ROBERTS,director,BRUCE G ROBERTS LIMITED,06741933,gb,https://opencorporates.com/companies/gb/06741933
Liberal Democrats,wales,Bruce Roberts,BRUCE JAMES ROBERTS,director,THE SAWARD ROBERTS STUDIO LIMITED,02769621,gb,https://opencorporates.com/companies/gb/02769621
Liberal Democrats,wales,Bruce Roberts,BRUCE JAMES ROBERTS,director,SAWARD ROBERTS LIMITED,05108999,gb,https://opencorporates.com/companies/gb/05108999
Liberal Democrats,wales,Bruce Roberts,BRUCE ROBERTS,director,KAKA RIDGES UK LIMITED,05104694,gb,https://opencorporates.com/companies/gb/05104694
Liberal Democrats,wales,Bruce Roberts,BRUCE ROBERTS,director,BRUCE ROBERTS CONSULTANT METALLURGIST LIMITED,04966609,gb,https://opencorporates.com/companies/gb/04966609
Liberal Democrats,wales,Bruce Roberts,BRUCE ROBERTS,director,WIDEORBIT INC.,FC026572,gb,https://opencorporates.com/companies/gb/FC026572
Liberal Democrats,wales,Bruce Roberts,BRUCE ROBERTS,secretary,CHACELEY GRANGE MANAGEMENT COMPANY LIMITED,05461042,gb,https://opencorporates.com/companies/gb/05461042
Liberal Democrats,wales,Bruce Roberts,BRUCE ROBERTS,director,CHACELEY GRANGE MANAGEMENT COMPANY LIMITED,05461042,gb,https://opencorporates.com/companies/gb/05461042
Liberal Democrats,wales,Bruce Roberts,BRUCE ROBERTS,director,KONICA MINOLTA BUSINESS SOLUTIONS (WALES) LIMITED,00964632,gb,https://opencorporates.com/companies/gb/00964632
Liberal Democrats,wales,Bruce Roberts,BRUCE ROBERTS,director,EVIE CONSULTING LIMITED,03804012,gb,https://opencorporates.com/companies/gb/03804012
Liberal Democrats,wales,Bruce Roberts,BRUCE SIMON SPEARING ROBERTS,director,BRUCE ROBERTS & CO LIMITED,04458413,gb,https://opencorporates.com/companies/gb/04458413
Liberal Democrats,wales,Bruce Roberts,BRUCE SIMON SPEARING ROBERTS,director,BRUCE ROBERTS (WREXHAM) LIMITED,04001129,gb,https://opencorporates.com/companies/gb/04001129
Liberal Democrats,wales,Bruce Roberts,BRUCE SIMON SPEARING ROBERTS,director,SWIMMING AGAINST THE TIDE LIMITED,08061549,gb,https://opencorporates.com/companies/gb/08061549
Liberal Democrats,wales,Bruce Roberts,BRUCE TREVOR ROBERTS,director,SEASERVERS LIMITED,00890342,gb,https://opencorporates.com/companies/gb/00890342
Liberal Democrats,wales,Bruce Roberts,BRUCE TREVOR ROBERTS,director,COOMBE HOUSE ESTATE RESIDENTS' ASSOCIATION LIMITED,00780383,gb,https://opencorporates.com/companies/gb/00780383
Liberal Democrats,wales,Bruce Roberts,BRYAN BRUCE ROBERTS,director,X 22 SOLUTIONS LIMITED,06871426,gb,https://opencorporates.com/companies/gb/06871426
Liberal Democrats,wales,Bruce Roberts,BRYAN BRUCE ROBERTS,director,WYEDEAN SCHOOL AND SIXTH FORM CENTRE,07735863,gb,https://opencorporates.com/companies/gb/07735863
Liberal Democrats,wales,Bruce Roberts,CHRISTOPHER BRUCE ROBERTS,director,INTEGRAL SYSTEMS EUROPE LIMITED,06816130,gb,https://opencorporates.com/companies/gb/06816130
Liberal Democrats,wales,Bruce Roberts,DAVID BRUCE ROBERTS,director,JODACOL CONSTRUCTION LIMITED,01490055,gb,https://opencorporates.com/companies/gb/01490055
Liberal Democrats,wales,Bruce Roberts,DAVID BRUCE ROBERTS,director,W-S CAFFRO VENTURES LIMITED,02952826,gb,https://opencorporates.com/companies/gb/02952826
Liberal Democrats,wales,Bruce Roberts,DAVID BRUCE ROBERTS,director,"CAFFRO CONSTRUCTION CO., LIMITED",01378345,gb,https://opencorporates.com/companies/gb/01378345
Liberal Democrats,wales,Bruce Roberts,DAVID BRUCE ROBERTS,secretary,B.O.C. KITCHENS LIMITED,02432223,gb,https://opencorporates.com/companies/gb/02432223
Liberal Democrats,wales,Bruce Roberts,DAVID BRUCE ROBERTS,director,METRAWEATHER (UK) LIMITED,04833498,gb,https://opencorporates.com/companies/gb/04833498
NO2EU,wales,Robert David Griffiths,DAVID ROBERT GRIFFITHS,director,ONLINE DYNAMICS LIMITED,04326863,gb,https://opencorporates.com/companies/gb/04326863
NO2EU,wales,Robert David Griffiths,DAVID ROBERT GRIFFITHS,secretary,ONLINE DYNAMICS LIMITED,04326863,gb,https://opencorporates.com/companies/gb/04326863
NO2EU,wales,Robert David Griffiths,DAVID ROBERT GRIFFITHS,director,ACCOUNTS PAYABLE NEWS LTD,06751637,gb,https://opencorporates.com/companies/gb/06751637
NO2EU,wales,Robert David Griffiths,DAVID ROBERT GRIFFITHS,director,FISCAL TECHNOLOGIES LTD.,04801836,gb,https://opencorporates.com/companies/gb/04801836
NO2EU,wales,Robert David Griffiths,DAVID ROBERT GRIFFITHS,secretary,TOP SASH RESTORATION LTD,06312214,gb,https://opencorporates.com/companies/gb/06312214
NO2EU,wales,Robert David Griffiths,DAVID ROBERT GRIFFITHS,director,INTERNATIONAL ACCOUNTS PAYABLE PROFESSIONALS,06911174,gb,https://opencorporates.com/companies/gb/06911174
NO2EU,wales,Robert David Griffiths,DAVID ROBERT GRIFFITHS,director,FISCALTEC GROUP LIMITED,04801615,gb,https://opencorporates.com/companies/gb/04801615
NO2EU,wales,Robert David Griffiths,DAVID ROBERT GRIFFITHS,director,AMICAL LTD,08737523,gb,https://opencorporates.com/companies/gb/08737523
NO2EU,wales,Robert David Griffiths,DAVID ROBERT LLOYD GRIFFITHS,secretary,EUROPEAN INTERNET LIMITED,03963096,gb,https://opencorporates.com/companies/gb/03963096
NO2EU,wales,Robert David Griffiths,DAVID ROBERT LLOYD GRIFFITHS,director,EUROPEAN INTERNET TECHNOLOGIES LIMITED,03462033,gb,https://opencorporates.com/companies/gb/03462033
NO2EU,wales,Robert David Griffiths,DAVID ROBERT LLOYD GRIFFITHS,secretary,MAGNEST LIMITED,02794612,gb,https://opencorporates.com/companies/gb/02794612
NO2EU,wales,Robert David Griffiths,DAVID ROBERT LLOYD GRIFFITHS,director,THE BUSINESS CAMPUS LIMITED,03729214,gb,https://opencorporates.com/companies/gb/03729214
NO2EU,wales,Robert David Griffiths,DAVID ROBERT LLOYD GRIFFITHS,secretary,EUROPEAN INTERNET TECHNOLOGIES LIMITED,03462033,gb,https://opencorporates.com/companies/gb/03462033
NO2EU,wales,Robert David Griffiths,DAVID ROBERT NEILL GRIFFITHS,director,OAKLEAF OF ENGLAND LIMITED,02686973,gb,https://opencorporates.com/companies/gb/02686973
NO2EU,wales,Robert David Griffiths,DAVID ROBERT NEILL GRIFFITHS,director,HAMPTON GARDENS MAINTENANCE LIMITED,00882906,gb,https://opencorporates.com/companies/gb/00882906
NO2EU,wales,Robert David Griffiths,ROBERT DAVID GRIFFITHS,director,DOROTHY GRIFFITHS FINE ART LIMITED,02484445,gb,https://opencorporates.com/companies/gb/02484445
NO2EU,wales,Robert David Griffiths,ROBERT DAVID GRIFFITHS,secretary,E.W. NEVILLE-GILBERT LIMITED,02671531,gb,https://opencorporates.com/companies/gb/02671531
NO2EU,wales,Robert David Griffiths,ROBERT DAVID GRIFFITHS,secretary,"AMI MIDDLE EAST SERVICES,LTD",FC013183,gb,https://opencorporates.com/companies/gb/FC013183
NO2EU,wales,Robert David Griffiths,ROBERT DAVID GRIFFITHS,secretary,IMPULSE TRADING LIMITED,04052966,gb,https://opencorporates.com/companies/gb/04052966
NO2EU,wales,Robert David Griffiths,ROBERT DAVID GRIFFITHS,director,RDG PUBLISHING & TELEMARKETING LTD,07826491,gb,https://opencorporates.com/companies/gb/07826491
NO2EU,wales,Robert David Griffiths,ROBERT DAVID GRIFFITHS,director,L.G. DEVELOPMENTS LIMITED,04914061,gb,https://opencorporates.com/companies/gb/04914061
NO2EU,wales,Robert David Griffiths,ROBERT DAVID GRIFFITHS,secretary,POLLYMILL LIMITED,03896919,gb,https://opencorporates.com/companies/gb/03896919
NO2EU,wales,Robert David Griffiths,ROBERT DAVID GRIFFITHS,director,POLLYMILL LIMITED,03896919,gb,https://opencorporates.com/companies/gb/03896919
NO2EU,wales,Robert David Griffiths,ROBERT DAVID GRIFFITHS,director,PIPELINE INTERNET LIMITED,03893674,gb,https://opencorporates.com/companies/gb/03893674
NO2EU,wales,Robert David Griffiths,ROBERT DAVID GRIFFITHS,director,COMMUNITY DEVELOPMENT CYMRU-DATBLYGU CYMUNEDOL CYMRU CYF,04914228,gb,https://opencorporates.com/companies/gb/04914228
NO2EU,wales,Robert David Griffiths,ROBERT DAVID GRIFFITHS,director,SOLU SOLUTIONS MANAGEMENT LTD,NI072728,gb,https://opencorporates.com/companies/gb/NI072728
NO2EU,wales,Robert David Griffiths,ROBERT DAVID GRIFFITHS,director,IMPULSE TRADING LIMITED,04052966,gb,https://opencorporates.com/companies/gb/04052966
NO2EU,wales,Robert David Griffiths,ROBERT DAVID GRIFFITHS,director,"AMI MIDDLE EAST SERVICES,LTD",FC013183,gb,https://opencorporates.com/companies/gb/FC013183
NO2EU,wales,Robert David Griffiths,ROBERT DAVID GRIFFITHS,director,KENWOOD ELECTRONICS UK LIMITED,01810214,gb,https://opencorporates.com/companies/gb/01810214
NO2EU,wales,Robert David Griffiths,ROBERT DAVID GRIFFITHS,director,PIONEER GB LIMITED,00512829,gb,https://opencorporates.com/companies/gb/00512829
NO2EU,wales,Claire Job,"","","","","",""
NO2EU,wales,Steven Skelly,STEVEN SKELLY,director,"THE NATIONAL UNION OF RAIL, MARITIME AND TRANSPORT WORKERS PENSION SCHEME TRUSTEE LIMITED",01008371,gb,https://opencorporates.com/companies/gb/01008371
NO2EU,wales,Laura Picand,"","","","","",""
Plaid Cymru - The Party of Wales,wales,Jill Evans,ANGELA JILL EVANS,director,SUNRYDERS,05133754,gb,https://opencorporates.com/companies/gb/05133754
Plaid Cymru - The Party of Wales,wales,Jill Evans,ANGELA JILL EVANS,director,ISLE OF WIGHT RAILWAY COMPANY LIMITED (THE),01068690,gb,https://opencorporates.com/companies/gb/01068690
Plaid Cymru - The Party of Wales,wales,Jill Evans,ANGELA JILL EVANS,director,IWR TRADING LIMITED,02769446,gb,https://opencorporates.com/companies/gb/02769446
Plaid Cymru - The Party of Wales,wales,Jill Evans,BEVERLEY JILL EVANS,director,THE SOLUTION STUDIOS LIMITED,01445442,gb,https://opencorporates.com/companies/gb/01445442
Plaid Cymru - The Party of Wales,wales,Jill Evans,BEVERLEY JILL EVANS,secretary,IAN EVANS ASSOCIATES LIMITED,03000055,gb,https://opencorporates.com/companies/gb/03000055
Plaid Cymru - The Party of Wales,wales,Jill Evans,BEVERLEY JILL EVANS,director,IAN EVANS ASSOCIATES LIMITED,03000055,gb,https://opencorporates.com/companies/gb/03000055
Plaid Cymru - The Party of Wales,wales,Jill Evans,CHRISTINE JILL EVANS,director,IBIS FLIGHT TEST LIMITED,04457898,gb,https://opencorporates.com/companies/gb/04457898
Plaid Cymru - The Party of Wales,wales,Jill Evans,DEBORAH JILL EVANS,secretary,DAVE EVANS RACING CLUB LIMITED,03614824,gb,https://opencorporates.com/companies/gb/03614824
Plaid Cymru - The Party of Wales,wales,Jill Evans,DEBORAH JILL EVANS,director,DAVE EVANS RACING CLUB LIMITED,03614824,gb,https://opencorporates.com/companies/gb/03614824
Plaid Cymru - The Party of Wales,wales,Jill Evans,JILL ALISON EVANS,secretary,DR. DAVID EVANS M.D. LTD.,04597458,gb,https://opencorporates.com/companies/gb/04597458
Plaid Cymru - The Party of Wales,wales,Jill Evans,JILL ALISON EVANS,director,NICHOLSONS HEALTH CARE LIMITED,02506674,gb,https://opencorporates.com/companies/gb/02506674
Plaid Cymru - The Party of Wales,wales,Jill Evans,JILL ALISON EVANS,director,FHC (HOLDINGS) LIMITED,00886829,gb,https://opencorporates.com/companies/gb/00886829
Plaid Cymru - The Party of Wales,wales,Jill Evans,JILL ALISON EVANS,director,FRESENIUS KABI LIMITED,02182135,gb,https://opencorporates.com/companies/gb/02182135
Plaid Cymru - The Party of Wales,wales,Jill Evans,JILL ALISON EVANS,director,CALEA UK LIMITED,02506615,gb,https://opencorporates.com/companies/gb/02506615
Plaid Cymru - The Party of Wales,wales,Jill Evans,JILL ALISON EVANS,director,O & E PROPERTIES LIMITED,08881064,gb,https://opencorporates.com/companies/gb/08881064
Plaid Cymru - The Party of Wales,wales,Jill Evans,JILL ANNE EVANS,secretary,LONSDALE LOCUMS LTD,05601638,gb,https://opencorporates.com/companies/gb/05601638
Plaid Cymru - The Party of Wales,wales,Jill Evans,JILL AUDREY EVANS,director,THE FLOORING CENTRE (2007) LIMITED,04678218,gb,https://opencorporates.com/companies/gb/04678218
Plaid Cymru - The Party of Wales,wales,Jill Evans,JILL CHRISTINE EVANS,director,JCE LIVERY LIMITED,06753405,gb,https://opencorporates.com/companies/gb/06753405
Plaid Cymru - The Party of Wales,wales,Jill Evans,JILL ELAINE EVANS,director,REXTON TRADING LTD,08742274,gb,https://opencorporates.com/companies/gb/08742274
Plaid Cymru - The Party of Wales,wales,Jill Evans,JILL EVANS,secretary,LEWIS EVANS ELECTRICAL SERVICES (CWMBRAN) LIMITED,02288894,gb,https://opencorporates.com/companies/gb/02288894
Plaid Cymru - The Party of Wales,wales,Jill Evans,JILL EVANS,secretary,EDWARD D. EVANS LIMITED,01111276,gb,https://opencorporates.com/companies/gb/01111276
Plaid Cymru - The Party of Wales,wales,Jill Evans,JILL EVANS,director,FRONT NINE GOLF LIMITED,04190509,gb,https://opencorporates.com/companies/gb/04190509
Plaid Cymru - The Party of Wales,wales,Jill Evans,JILL EVANS,director,HITABIT LTD,08391073,gb,https://opencorporates.com/companies/gb/08391073
Plaid Cymru - The Party of Wales,wales,Jill Evans,JILL EVANS,director,KEYS RESIDENTIAL LIMITED,01164224,gb,https://opencorporates.com/companies/gb/01164224
Plaid Cymru - The Party of Wales,wales,Jill Evans,JILL EVANS,secretary,HEALTHWORKS IN LONDON,04725138,gb,https://opencorporates.com/companies/gb/04725138
Plaid Cymru - The Party of Wales,wales,Jill Evans,JILL EVANS,secretary,KEYS RESIDENTIAL HOLDINGS LIMITED,04255799,gb,https://opencorporates.com/companies/gb/04255799
Plaid Cymru - The Party of Wales,wales,Jill Evans,JILL EVANS,director,KEYS RESIDENTIAL HOLDINGS LIMITED,04255799,gb,https://opencorporates.com/companies/gb/04255799
Plaid Cymru - The Party of Wales,wales,Jill Evans,JILL EVANS,director,NODDFA CHAPEL COMMUNITY PROJECT LIMITED,03674466,gb,https://opencorporates.com/companies/gb/03674466
Plaid Cymru - The Party of Wales,wales,Jill Evans,JILL EVANS,director,1ST CLASS TYRES & AUTOCARE LIMITED,05412364,gb,https://opencorporates.com/companies/gb/05412364
Plaid Cymru - The Party of Wales,wales,Jill Evans,JILL EVANS,secretary,1ST CLASS TYRES & AUTOCARE LIMITED,05412364,gb,https://opencorporates.com/companies/gb/05412364
Plaid Cymru - The Party of Wales,wales,Marc Jones,ANDREW MARC JONES,director,MEADOWHALL OASIS LIMITED,02499857,gb,https://opencorporates.com/companies/gb/02499857
Plaid Cymru - The Party of Wales,wales,Marc Jones,ANDREW MARC JONES,director,WATES CITY DEVELOPMENT MANAGEMENT LIMITED,02985007,gb,https://opencorporates.com/companies/gb/02985007
Plaid Cymru - The Party of Wales,wales,Marc Jones,ANDREW MARC JONES,director,PARINV (BILSTON) LIMITED,02783375,gb,https://opencorporates.com/companies/gb/02783375
Plaid Cymru - The Party of Wales,wales,Marc Jones,ANDREW MARC JONES,director,PILLAR LEISURE LIMITED,03503957,gb,https://opencorporates.com/companies/gb/03503957
Plaid Cymru - The Party of Wales,wales,Marc Jones,ANDREW MARC JONES,director,BVP INVESTMENTS LIMITED,03568136,gb,https://opencorporates.com/companies/gb/03568136
Plaid Cymru - The Party of Wales,wales,Marc Jones,ANDREW MARC JONES,director,BL WEST ( 1 FLEET PLACE) LIMITED,04007746,gb,https://opencorporates.com/companies/gb/04007746
Plaid Cymru - The Party of Wales,wales,Marc Jones,ANDREW MARC JONES,director,PILLAR NORTHERN LIMITED,03243311,gb,https://opencorporates.com/companies/gb/03243311
Plaid Cymru - The Party of Wales,wales,Marc Jones,ANDREW MARC JONES,director,PILLAR BRENT CROSS LIMITED,03088863,gb,https://opencorporates.com/companies/gb/03088863
Plaid Cymru - The Party of Wales,wales,Marc Jones,ANDREW MARC JONES,director,SAVEPOST LIMITED,05237356,gb,https://opencorporates.com/companies/gb/05237356
Plaid Cymru - The Party of Wales,wales,Marc Jones,ANDREW MARC JONES,director,BRITISH LAND SILVER MOON LIMITED,FC027571,gb,https://opencorporates.com/companies/gb/FC027571
Plaid Cymru - The Party of Wales,wales,Marc Jones,ANDREW MARC JONES,director,BRITISH LAND FIRMOUNT LIMITED,FC027574,gb,https://opencorporates.com/companies/gb/FC027574
Plaid Cymru - The Party of Wales,wales,Marc Jones,ANDREW MARC JONES,director,BRITISH LAND ARCH PROPERTIES LIMITED,FC027569,gb,https://opencorporates.com/companies/gb/FC027569
Plaid Cymru - The Party of Wales,wales,Marc Jones,ANDREW MARC JONES,director,CLIVARA LIMITED,05137615,gb,https://opencorporates.com/companies/gb/05137615
Plaid Cymru - The Party of Wales,wales,Marc Jones,ANDREW MARC JONES,director,BLSSP (PHC 31) LIMITED,04104075,gb,https://opencorporates.com/companies/gb/04104075
Plaid Cymru - The Party of Wales,wales,Marc Jones,ANDREW MARC JONES,director,BLSSP (PHC 15) LIMITED,04104134,gb,https://opencorporates.com/companies/gb/04104134
Plaid Cymru - The Party of Wales,wales,Marc Jones,ANDREW MARC JONES,director,MEADOWHALL NOMINEE 2 LIMITED,05987129,gb,https://opencorporates.com/companies/gb/05987129
Plaid Cymru - The Party of Wales,wales,Marc Jones,ANDREW MARC JONES,director,PILLAR DENTON LIMITED,02982293,gb,https://opencorporates.com/companies/gb/02982293
Plaid Cymru - The Party of Wales,wales,Marc Jones,ANDREW MARC JONES,director,BL OFFICE HOLDING COMPANY LIMITED,05995028,gb,https://opencorporates.com/companies/gb/05995028
Plaid Cymru - The Party of Wales,wales,Marc Jones,ANDREW MARC JONES,director,BF PROPCO (NO.22) LIMITED,05270305,gb,https://opencorporates.com/companies/gb/05270305
Plaid Cymru - The Party of Wales,wales,Marc Jones,ANDREW MARC JONES,director,BF PROPCO (NO.21) LIMITED,05270253,gb,https://opencorporates.com/companies/gb/05270253
Plaid Cymru - The Party of Wales,wales,Marc Jones,ANDREW MARC JONES,director,BF PROPCO (NO.16) LIMITED,05270086,gb,https://opencorporates.com/companies/gb/05270086
Plaid Cymru - The Party of Wales,wales,Marc Jones,ANDREW MARC JONES,director,MEADOWHALL FINANCE PLC,05987141,gb,https://opencorporates.com/companies/gb/05987141
Plaid Cymru - The Party of Wales,wales,Marc Jones,ANDREW MARC JONES,director,MEADOWBANK RETAIL PARK EDINBURGH LIMITED,05489809,gb,https://opencorporates.com/companies/gb/05489809
Plaid Cymru - The Party of Wales,wales,Marc Jones,ANDREW MARC JONES,director,B.L.HOLDINGS LIMITED,00000529,gb,https://opencorporates.com/companies/gb/00000529
Plaid Cymru - The Party of Wales,wales,Marc Jones,ANDREW MARC JONES,director,BRITISH LAND HERCULES NO.1 LIMITED,03527580,gb,https://opencorporates.com/companies/gb/03527580
Plaid Cymru - The Party of Wales,wales,Marc Jones,ANDREW MARC JONES,director,RIVERWAY ESTATES LIMITED,05506790,gb,https://opencorporates.com/companies/gb/05506790
Plaid Cymru - The Party of Wales,wales,Marc Jones,ANDREW MARC JONES,director,BL UNIVERSAL LIMITED,00324647,gb,https://opencorporates.com/companies/gb/00324647
Plaid Cymru - The Party of Wales,wales,Marc Jones,ANDREW MARC JONES,director,BRUNSWICK PARK LIMITED,01982351,gb,https://opencorporates.com/companies/gb/01982351
Plaid Cymru - The Party of Wales,wales,Marc Jones,ANDREW MARC JONES,director,GRANTCHESTER NOMINEES (TORBAY 2) LIMITED,04318248,gb,https://opencorporates.com/companies/gb/04318248
Plaid Cymru - The Party of Wales,wales,Marc Jones,ANDREW MARC JONES,director,PENCILSCREEN LIMITED,06532033,gb,https://opencorporates.com/companies/gb/06532033
Plaid Cymru - The Party of Wales,wales,Steven Cornelius,BARRIE STEVEN CORNELIUS,director,BCS (GB) LTD,05812466,gb,https://opencorporates.com/companies/gb/05812466
Plaid Cymru - The Party of Wales,wales,Steven Cornelius,STEVEN CORNELIUS,director,S.G.C. CONSULTING LIMITED,03507573,gb,https://opencorporates.com/companies/gb/03507573
Plaid Cymru - The Party of Wales,wales,Steven Cornelius,STEVEN CORNELIUS,director,FLOW FREE DRAINAGE LIMITED,05743886,gb,https://opencorporates.com/companies/gb/05743886
Plaid Cymru - The Party of Wales,wales,Steven Cornelius,STEVEN CORNELIUS KAPPEN,director,VILLAGE ROADSHOW INVESTMENTS UK LIMITED,03258743,gb,https://opencorporates.com/companies/gb/03258743
Plaid Cymru - The Party of Wales,wales,Steven Cornelius,STEVEN CORNELIUS KAPPEN,director,VILLAGE ROADSHOW LICENSING & FINANCE LIMITED,03132270,gb,https://opencorporates.com/companies/gb/03132270
Plaid Cymru - The Party of Wales,wales,Steven Cornelius,STEVEN CORNELIUS KAPPEN,director,VILLAGE THEATRES 3 LIMITED,03819921,gb,https://opencorporates.com/companies/gb/03819921
Plaid Cymru - The Party of Wales,wales,Ioan Bellin,IOAN RHYS BELLIN,director,HAXBY COURT (CARDIFF) MANAGEMENT COMPANY LIMITED,05632125,gb,https://opencorporates.com/companies/gb/05632125
Socialist Labour Party,wales,Andrew Jordan,ANDREW CHRISTOPHER JORDAN,director,STEWART-WARNER ELECTRONICS LIMITED,03733244,gb,https://opencorporates.com/companies/gb/03733244
Socialist Labour Party,wales,Andrew Jordan,ANDREW CHRISTOPHER JORDAN,director,CASTLEFIELD TRAINING LIMITED,02989624,gb,https://opencorporates.com/companies/gb/02989624
Socialist Labour Party,wales,Andrew Jordan,ANDREW CHRISTOPHER JORDAN,director,"7, ACOL ROAD LIMITED",01497555,gb,https://opencorporates.com/companies/gb/01497555
Socialist Labour Party,wales,Andrew Jordan,ANDREW CHRISTOPHER JORDAN,director,MAL TOOL & ENGINEERING LIMITED,01942627,gb,https://opencorporates.com/companies/gb/01942627
Socialist Labour Party,wales,Andrew Jordan,ANDREW CHRISTOPHER JORDAN,director,TFX GROUP LIMITED,02884361,gb,https://opencorporates.com/companies/gb/02884361
Socialist Labour Party,wales,Andrew Jordan,ANDREW CHRISTOPHER JORDAN,director,ENJOYUNI LIMITED,07039882,gb,https://opencorporates.com/companies/gb/07039882
Socialist Labour Party,wales,Andrew Jordan,ANDREW CHRISTOPHER JORDAN,director,DERWENT UPHOLSTERY LIMITED,01598567,gb,https://opencorporates.com/companies/gb/01598567
Socialist Labour Party,wales,Andrew Jordan,ANDREW DAVID JORDAN,director,ATAM (UK) LIMITED,03865372,gb,https://opencorporates.com/companies/gb/03865372
Socialist Labour Party,wales,Andrew Jordan,ANDREW DAVID JORDAN,director,FOOTLABS LIMITED,06670099,gb,https://opencorporates.com/companies/gb/06670099
Socialist Labour Party,wales,Andrew Jordan,ANDREW DAVID JORDAN,director,MLS INVESTMENTS (UK) LIMITED,02706295,gb,https://opencorporates.com/companies/gb/02706295
Socialist Labour Party,wales,Andrew Jordan,ANDREW DAVID JORDAN,llp designated member,LJB HEALTHCARE LLP,OC366250,gb,https://opencorporates.com/companies/gb/OC366250
Socialist Labour Party,wales,Andrew Jordan,ANDREW EDWARD JORDAN,director,AARDWOLF LIMITED,04956366,gb,https://opencorporates.com/companies/gb/04956366
Socialist Labour Party,wales,Andrew Jordan,ANDREW GRAHAM BAS JORDAN,director,AYUTTHAYA TRIPS AND TOURS LIMITED,08108851,gb,https://opencorporates.com/companies/gb/08108851
Socialist Labour Party,wales,Andrew Jordan,ANDREW HAMILTON-JORDAN,director,BUSINESS DECISION SUPPORT LIMITED,01897125,gb,https://opencorporates.com/companies/gb/01897125
Socialist Labour Party,wales,Andrew Jordan,ANDREW HAMILTON-JORDAN,director,ARLINGHAM CONSULTING GROUP LIMITED,02525528,gb,https://opencorporates.com/companies/gb/02525528
Socialist Labour Party,wales,Andrew Jordan,ANDREW HAMILTON-JORDAN,secretary,ARLINGHAM CONSULTING GROUP LIMITED,02525528,gb,https://opencorporates.com/companies/gb/02525528
Socialist Labour Party,wales,Andrew Jordan,ANDREW HAMILTON-JORDAN,secretary,CRESSWELL PROPERTY SURVEYS LIMITED,04073889,gb,https://opencorporates.com/companies/gb/04073889
Socialist Labour Party,wales,Andrew Jordan,ANDREW IAN JORDAN,director,JORDAN DRYLINING LIMITED,04252195,gb,https://opencorporates.com/companies/gb/04252195
Socialist Labour Party,wales,Andrew Jordan,ANDREW IAN JORDAN,director,TAPER LIMITED,05033504,gb,https://opencorporates.com/companies/gb/05033504
Socialist Labour Party,wales,Andrew Jordan,ANDREW JAMES JORDAN,director,BUSY FINGERS LIMITED,04185689,gb,https://opencorporates.com/companies/gb/04185689
Socialist Labour Party,wales,Andrew Jordan,ANDREW JAMES JORDAN,director,W V JORDAN & CO LIMITED,05598216,gb,https://opencorporates.com/companies/gb/05598216
Socialist Labour Party,wales,Andrew Jordan,ANDREW JOHN JORDAN,director,LEXICAT GROUP LIMITED,04489728,gb,https://opencorporates.com/companies/gb/04489728
Socialist Labour Party,wales,Andrew Jordan,ANDREW JOHN JORDAN,director,JORDAN IT SERVICES LIMITED,04426608,gb,https://opencorporates.com/companies/gb/04426608
Socialist Labour Party,wales,Andrew Jordan,ANDREW JOHN JORDAN,director,ADVANCING BUSINESS LIMITED,04428038,gb,https://opencorporates.com/companies/gb/04428038
Socialist Labour Party,wales,Andrew Jordan,ANDREW JOHN JORDAN,director,MARKETING TEAM RECRUITMENT LIMITED,07502218,gb,https://opencorporates.com/companies/gb/07502218
Socialist Labour Party,wales,Andrew Jordan,ANDREW JOHN JORDAN,director,MARKETING TEAM DIRECT LIMITED,04295148,gb,https://opencorporates.com/companies/gb/04295148
Socialist Labour Party,wales,Andrew Jordan,ANDREW JORDAN,director,BASEDIAL LIMITED,02227185,gb,https://opencorporates.com/companies/gb/02227185
Socialist Labour Party,wales,Andrew Jordan,ANDREW JORDAN,secretary,INFORMOTION LIMITED,03473498,gb,https://opencorporates.com/companies/gb/03473498
Socialist Labour Party,wales,Andrew Jordan,ANDREW JORDAN,director,DEXTRICK FINANCIAL CONSULTANTS LIMITED,06049960,gb,https://opencorporates.com/companies/gb/06049960
Socialist Labour Party,wales,Andrew Jordan,ANDREW JORDAN,director,QUICKNETS LIMITED,04852543,gb,https://opencorporates.com/companies/gb/04852543
Socialist Labour Party,wales,Kathrine Jones,KATHRINE JONES,director,STARMANS HALL CANOLFAN CANFOD,02741430,gb,https://opencorporates.com/companies/gb/02741430
Socialist Labour Party,wales,Kathrine Jones,KATHRINE LLOYD JONES,director,KLJ MANAGEMENT LIMITED,08442839,gb,https://opencorporates.com/companies/gb/08442839
Socialist Labour Party,wales,Kathrine Jones,KATHRINE LLOYD JONES,director,DTCC DERIVATIVES REPOSITORY LTD,07278142,gb,https://opencorporates.com/companies/gb/07278142
Socialist Labour Party,wales,Kathrine Jones,KATHRINE LLOYD JONES,director,THE FOOD CHAIN (UK) LIMITED,02580505,gb,https://opencorporates.com/companies/gb/02580505
Socialist Labour Party,wales,Kathrine Jones,KATHRINE MADELENE JONES,secretary,BROOK COURT DEVELOPMENT LIMITED,01035463,gb,https://opencorporates.com/companies/gb/01035463
Socialist Labour Party,wales,Kathrine Jones,KATHRINE MADELENE JONES,director,BROOK COURT DEVELOPMENT LIMITED,01035463,gb,https://opencorporates.com/companies/gb/01035463
Socialist Labour Party,wales,Kathrine Jones,KATHRINE MARGARET JONES,director,CLEMENTS HALL TRUST,04088514,gb,https://opencorporates.com/companies/gb/04088514
Socialist Labour Party,wales,Kathrine Jones,MARGARET KATHRINE JONES,director,EVERING ROAD FREEHOLD COMPANY LIMITED,02720506,gb,https://opencorporates.com/companies/gb/02720506
Socialist Labour Party,wales,David Lloyd Jones,ADAM DAVID LLOYD JONES,director,APPOINTMENTS-UK LIMITED,04715802,gb,https://opencorporates.com/companies/gb/04715802
Socialist Labour Party,wales,David Lloyd Jones,DAVID ALUN LLOYD JONES,director,STAR CORPORATE CONTRACTING LIMITED,02738224,gb,https://opencorporates.com/companies/gb/02738224
Socialist Labour Party,wales,David Lloyd Jones,DAVID ALUN LLOYD JONES,secretary,STAR CORPORATE CONTRACTING LIMITED,02738224,gb,https://opencorporates.com/companies/gb/02738224
Socialist Labour Party,wales,David Lloyd Jones,DAVID ALUN LLOYD JONES,director,YEWLANDS MANAGEMENT LIMITED,01939648,gb,https://opencorporates.com/companies/gb/01939648
Socialist Labour Party,wales,David Lloyd Jones,DAVID ALUN LLOYD JONES,director,FONTLEIGH DEVELOPMENTS LTD,02254981,gb,https://opencorporates.com/companies/gb/02254981
Socialist Labour Party,wales,David Lloyd Jones,DAVID ALWYN LLOYD JONES,director,ACORN FENCING LIMITED,03715654,gb,https://opencorporates.com/companies/gb/03715654
Socialist Labour Party,wales,David Lloyd Jones,DAVID ALWYN LLOYD JONES,secretary,ACORN FENCING LIMITED,03715654,gb,https://opencorporates.com/companies/gb/03715654
Socialist Labour Party,wales,David Lloyd Jones,DAVID ARTHUR LLOYD-JONES,director,SOCIETY OF MODEL AERONAUTICAL ENGINEERS LIMITED(THE),00457067,gb,https://opencorporates.com/companies/gb/00457067
Socialist Labour Party,wales,David Lloyd Jones,DAVID EDWARD LLOYD JONES,director,IMPALA RISK & SECURITY LIMITED,07317229,gb,https://opencorporates.com/companies/gb/07317229
Socialist Labour Party,wales,David Lloyd Jones,DAVID EDWARD LLOYD JONES,director,77 ERMINE STREET LIMITED,08745148,gb,https://opencorporates.com/companies/gb/08745148
Socialist Labour Party,wales,David Lloyd Jones,DAVID EVAN LLOYD JONES,director,CARRINGTOWN LIMITED,02092584,gb,https://opencorporates.com/companies/gb/02092584
Socialist Labour Party,wales,David Lloyd Jones,DAVID FRANCIS LLOYD-JONES,director,LAKEQUEST LIMITED,02919064,gb,https://opencorporates.com/companies/gb/02919064
Socialist Labour Party,wales,David Lloyd Jones,DAVID GARETH LLOYD JONES,director,STATUS PUBLICITY LIMITED,02059623,gb,https://opencorporates.com/companies/gb/02059623
Socialist Labour Party,wales,David Lloyd Jones,DAVID GARETH LLOYD JONES,director,FLCS INTERACTIVE LIMITED,03215577,gb,https://opencorporates.com/companies/gb/03215577
Socialist Labour Party,wales,David Lloyd Jones,DAVID GARETH LLOYD JONES,director,FARMERSWORLD.COM LIMITED,04027841,gb,https://opencorporates.com/companies/gb/04027841
Socialist Labour Party,wales,David Lloyd Jones,DAVID GARETH LLOYD JONES,director,WASTE MANAGEMENT SYSTEMS LIMITED,04418836,gb,https://opencorporates.com/companies/gb/04418836
Socialist Labour Party,wales,David Lloyd Jones,DAVID GARETH LLOYD JONES,director,DIABLO CREATIVE MARKETING LTD,03564626,gb,https://opencorporates.com/companies/gb/03564626
Socialist Labour Party,wales,David Lloyd Jones,DAVID GARETH LLOYD JONES,director,THE RED MONKEY MARKETING COMPANY LIMITED,07713832,gb,https://opencorporates.com/companies/gb/07713832
Socialist Labour Party,wales,David Lloyd Jones,DAVID GARETH LLOYD JONES,director,COLOURWORLD WINCHESTER LIMITED,03147250,gb,https://opencorporates.com/companies/gb/03147250
Socialist Labour Party,wales,David Lloyd Jones,DAVID GARETH LLOYD JONES,director,MINISTRY OF FISH MARKETING LIMITED,05349609,gb,https://opencorporates.com/companies/gb/05349609
Socialist Labour Party,wales,David Lloyd Jones,DAVID GORDON LLOYD JONES,director,CAMBRIAN AUTO SERVICES LIMITED,00635335,gb,https://opencorporates.com/companies/gb/00635335
Socialist Labour Party,wales,David Lloyd Jones,DAVID GWERYL LLOYD JONES ESQ,secretary,D.& D.LLOYD JONES SECURITIES LIMITED,00435452,gb,https://opencorporates.com/companies/gb/00435452
Socialist Labour Party,wales,David Lloyd Jones,DAVID GWERYL LLOYD JONES ESQ,director,D.& D.LLOYD JONES SECURITIES LIMITED,00435452,gb,https://opencorporates.com/companies/gb/00435452
Socialist Labour Party,wales,David Lloyd Jones,DAVID GWERYL LLOYD-JONES,director,HILLANDALE CARAVANS LIMITED,00568775,gb,https://opencorporates.com/companies/gb/00568775
Socialist Labour Party,wales,David Lloyd Jones,DAVID GWERYL LLOYD-JONES,director,RIBBESFORD FINANCE LIMITED,00934026,gb,https://opencorporates.com/companies/gb/00934026
Socialist Labour Party,wales,David Lloyd Jones,DAVID GWERYL LLOYD-JONES,director,LINCOMB LOCK LIMITED,00857732,gb,https://opencorporates.com/companies/gb/00857732
Socialist Labour Party,wales,David Lloyd Jones,DAVID GWERYL LLOYD-JONES,secretary,LINCOMB LOCK LIMITED,00857732,gb,https://opencorporates.com/companies/gb/00857732
Socialist Labour Party,wales,David Lloyd Jones,DAVID GWERYL LLOYD-JONES,secretary,HILLANDALE CARAVANS LIMITED,00568775,gb,https://opencorporates.com/companies/gb/00568775
Socialist Labour Party,wales,David Lloyd Jones,DAVID HEFIN LLOYD JONES,director,TYRNEST LTD,03930892,gb,https://opencorporates.com/companies/gb/03930892
Socialist Labour Party,wales,David Lloyd Jones,DAVID IVOR LLOYD JONES,llp designated member,ROBSON & MASON LLP,OC304878,gb,https://opencorporates.com/companies/gb/OC304878
Socialist Labour Party,wales,Liz Screen,"","","","","",""
The Socialist Party of Great Britain,wales,Brian Johnson,ADRIAN RICHARD BRIAN JOHNSON,director,ADRIAN JOHNSON STUDIO LTD,05191813,gb,https://opencorporates.com/companies/gb/05191813
The Socialist Party of Great Britain,wales,Brian Johnson,ALAN BRIAN JOHNSON,director,ESPANYOL ACCOUNTANCY LIMITED,05467000,gb,https://opencorporates.com/companies/gb/05467000
The Socialist Party of Great Britain,wales,Brian Johnson,ALAN BRIAN JOHNSON,director,FROGS HALL MANAGEMENT COMPANY LIMITED,05246751,gb,https://opencorporates.com/companies/gb/05246751
The Socialist Party of Great Britain,wales,Brian Johnson,ALAN BRIAN JOHNSON,director,FIGRE LIMITED,01218481,gb,https://opencorporates.com/companies/gb/01218481
The Socialist Party of Great Britain,wales,Brian Johnson,ALAN BRIAN JOHNSON,director,"JOHNSON, PUDDIFOOT & LAST LIMITED",01136647,gb,https://opencorporates.com/companies/gb/01136647
The Socialist Party of Great Britain,wales,Brian Johnson,ALASTAIR BRIAN JOHNSON,secretary,KEENFACTOR LTD,02970504,gb,https://opencorporates.com/companies/gb/02970504
The Socialist Party of Great Britain,wales,Brian Johnson,ALASTAIR BRIAN JOHNSON,director,KEENFACTOR LTD,02970504,gb,https://opencorporates.com/companies/gb/02970504
The Socialist Party of Great Britain,wales,Brian Johnson,ANDREW BRIAN JOHNSON,director,MIMICA LIMITED,04391266,gb,https://opencorporates.com/companies/gb/04391266
The Socialist Party of Great Britain,wales,Brian Johnson,ANDREW BRIAN JOHNSON,director,TRAILWORKS LIMITED,04814072,gb,https://opencorporates.com/companies/gb/04814072
The Socialist Party of Great Britain,wales,Brian Johnson,ANDREW BRIAN JOHNSON,director,LEWIS JOHNSON(BUILDERS)LIMITED,00880552,gb,https://opencorporates.com/companies/gb/00880552
The Socialist Party of Great Britain,wales,Brian Johnson,ANDREW BRIAN JOHNSON,secretary,LEWIS JOHNSON(BUILDERS)LIMITED,00880552,gb,https://opencorporates.com/companies/gb/00880552
The Socialist Party of Great Britain,wales,Brian Johnson,ANDREW BRIAN JOHNSON,director,ABJ PROPERTIES LIMITED,05462240,gb,https://opencorporates.com/companies/gb/05462240
The Socialist Party of Great Britain,wales,Brian Johnson,ANDREW BRIAN JOHNSON,director,INCLUSIONS TRAINING AND CONSULTANCY LTD,07516982,gb,https://opencorporates.com/companies/gb/07516982
The Socialist Party of Great Britain,wales,Brian Johnson,ANTHONY BRIAN JOHNSON,director,ZEPHYR-ONE LIMITED,02814379,gb,https://opencorporates.com/companies/gb/02814379
The Socialist Party of Great Britain,wales,Brian Johnson,ANTHONY BRIAN JOHNSON,secretary,IWMA MANAGEMENTS LIMITED,02426630,gb,https://opencorporates.com/companies/gb/02426630
The Socialist Party of Great Britain,wales,Brian Johnson,ANTHONY BRIAN JOHNSON,director,MITO CONSTRUCTION & ENGINEERING LIMITED,01234885,gb,https://opencorporates.com/companies/gb/01234885
The Socialist Party of Great Britain,wales,Brian Johnson,ANTHONY BRIAN JOHNSON,secretary,IWMA EDUCATIONAL TRUST,02168159,gb,https://opencorporates.com/companies/gb/02168159
The Socialist Party of Great Britain,wales,Brian Johnson,ANTHONY BRIAN JOHNSON,director,IWMA EDUCATIONAL TRUST,02168159,gb,https://opencorporates.com/companies/gb/02168159
The Socialist Party of Great Britain,wales,Brian Johnson,ANTHONY BRIAN JOHNSON,director,J.M.J. MAUS LIMITED,00479246,gb,https://opencorporates.com/companies/gb/00479246
The Socialist Party of Great Britain,wales,Brian Johnson,ANTHONY BRIAN JOHNSON,director,BRIDEWELL PARK (WORMLEY) MANAGEMENT COMPANY LIMITED,05612909,gb,https://opencorporates.com/companies/gb/05612909
The Socialist Party of Great Britain,wales,Brian Johnson,BRIAN ALAN JOHNSON,director,JOHNSON BIM LIMITED,08257905,gb,https://opencorporates.com/companies/gb/08257905
The Socialist Party of Great Britain,wales,Brian Johnson,BRIAN ALAN JOHNSON,director,JOHNSON RECRUITMENT LIMITED,06707953,gb,https://opencorporates.com/companies/gb/06707953
The Socialist Party of Great Britain,wales,Brian Johnson,BRIAN ALBERT JOHNSON,director,ZODIAC SECURITIES LIMITED,03131112,gb,https://opencorporates.com/companies/gb/03131112
The Socialist Party of Great Britain,wales,Brian Johnson,BRIAN ALBERT WILLIAM JOHNSON,director,WESTMENTS LIMITED,00459420,gb,https://opencorporates.com/companies/gb/00459420
The Socialist Party of Great Britain,wales,Brian Johnson,BRIAN ALBERT WILLIAM JOHNSON,secretary,FORTNUM & MASON (EXPORT) LIMITED,00860697,gb,https://opencorporates.com/companies/gb/00860697
The Socialist Party of Great Britain,wales,Brian Johnson,BRIAN ALBERT WILLIAM JOHNSON,secretary,FORTNUM AND MASON HOSPITALITY LIMITED,00883443,gb,https://opencorporates.com/companies/gb/00883443
The Socialist Party of Great Britain,wales,Brian Johnson,BRIAN ALBERT WILLIAM JOHNSON,secretary,FORTNUM AND MASON (LONDON) LIMITED,00914771,gb,https://opencorporates.com/companies/gb/00914771
The Socialist Party of Great Britain,wales,Brian Johnson,BRIAN ALBERT WILLIAM JOHNSON,director,RBS WATERHOUSE INVESTMENTS LIMITED,03086015,gb,https://opencorporates.com/companies/gb/03086015
The Socialist Party of Great Britain,wales,Brian Johnson,BRIAN ALBERT WILLIAM JOHNSON,secretary,SOUTH EAST AIRPORTS LIMITED,02107961,gb,https://opencorporates.com/companies/gb/02107961
The Socialist Party of Great Britain,wales,Brian Johnson,BRIAN ALBERT WILLIAM JOHNSON,director,ENTELLUS LIMITED,01611224,gb,https://opencorporates.com/companies/gb/01611224
The Socialist Party of Great Britain,wales,Richard Cheney,RICHARD ANDREW CHENEY,director,POINT3 SOFTWARE LIMITED,07240093,gb,https://opencorporates.com/companies/gb/07240093
The Socialist Party of Great Britain,wales,Edward Blewitt,EDWARD BLEWITT,director,EDWARDES LIMITED,02147292,gb,https://opencorporates.com/companies/gb/02147292
The Socialist Party of Great Britain,wales,Edward Blewitt,EDWARD BLEWITT,director,LEARNING DISABILITY WALES - ANABLEDD DYSGU CYMRU,02326324,gb,https://opencorporates.com/companies/gb/02326324
The Socialist Party of Great Britain,wales,Edward Blewitt,JASON EDWARD BLEWITT,director,PLUMJASE LTD,06788701,gb,https://opencorporates.com/companies/gb/06788701
The Socialist Party of Great Britain,wales,Edward Blewitt,JASON EDWARD BLEWITT,director,JCP BUILDING SERVICES LIMITED,07880551,gb,https://opencorporates.com/companies/gb/07880551
The Socialist Party of Great Britain,wales,Edward Blewitt,RICHARD EDWARD BLEWITT JENKINS,director,COPPICE GATE (MANAGEMENT) LIMITED,02662854,gb,https://opencorporates.com/companies/gb/02662854
The Socialist Party of Great Britain,wales,Howard Moss,ANDREW HOWARD MOSS,director,WORLDPRO LIMITED,02956319,gb,https://opencorporates.com/companies/gb/02956319
The Socialist Party of Great Britain,wales,Howard Moss,DAVID HOWARD MOSS,director,ADM PLUMBING AND ELECTRICAL SERVICES LIMITED,08112377,gb,https://opencorporates.com/companies/gb/08112377
The Socialist Party of Great Britain,wales,Howard Moss,GRAHAM HOWARD MOSS,director,E & B GARAGES (NEWRY) LIMITED,02024527,gb,https://opencorporates.com/companies/gb/02024527
The Socialist Party of Great Britain,wales,Howard Moss,GRAHAM HOWARD MOSS,secretary,NISSAN DATSUN LEASING LIMITED,01202753,gb,https://opencorporates.com/companies/gb/01202753
The Socialist Party of Great Britain,wales,Howard Moss,GRAHAM HOWARD MOSS,director,COLIN JOHNSON MOTORS LIMITED,01932841,gb,https://opencorporates.com/companies/gb/01932841
The Socialist Party of Great Britain,wales,Howard Moss,GRAHAM HOWARD MOSS,director,WHITE AUTO CONTRACTS LIMITED,02064159,gb,https://opencorporates.com/companies/gb/02064159
The Socialist Party of Great Britain,wales,Howard Moss,GRAHAM HOWARD MOSS,director,THE GENUINE ALTERNATIVE LIMITED,02151180,gb,https://opencorporates.com/companies/gb/02151180
The Socialist Party of Great Britain,wales,Howard Moss,GRAHAM HOWARD MOSS,director,HEART OF ENGLAND MOTOR COMPANY (1988) LIMITED,02153250,gb,https://opencorporates.com/companies/gb/02153250
The Socialist Party of Great Britain,wales,Howard Moss,GRAHAM HOWARD MOSS,director,AIR AMBULANCE FOUNDATION,03751373,gb,https://opencorporates.com/companies/gb/03751373
The Socialist Party of Great Britain,wales,Howard Moss,GRAHAM HOWARD MOSS,director,"BAULARD & FOSTERS,LIMITED",00358847,gb,https://opencorporates.com/companies/gb/00358847
The Socialist Party of Great Britain,wales,Howard Moss,GRAHAM HOWARD MOSS,director,CRAIGAVON AUTO CENTRE LIMITED,01982169,gb,https://opencorporates.com/companies/gb/01982169
The Socialist Party of Great Britain,wales,Howard Moss,GRAHAM HOWARD MOSS,director,DATEXPORT LIMITED,01370126,gb,https://opencorporates.com/companies/gb/01370126
The Socialist Party of Great Britain,wales,Howard Moss,GRAHAM HOWARD MOSS,director,STYLE MOTOR COMPANY (STOCKPORT) LIMITED,01985219,gb,https://opencorporates.com/companies/gb/01985219
The Socialist Party of Great Britain,wales,Howard Moss,GRAHAM HOWARD MOSS,director,NISSAN INSURANCE SERVICES LIMITED,01260593,gb,https://opencorporates.com/companies/gb/01260593
The Socialist Party of Great Britain,wales,Howard Moss,GRAHAM HOWARD MOSS,director,BOB RAE LIMITED,SC044924,gb,https://opencorporates.com/companies/gb/SC044924
The Socialist Party of Great Britain,wales,Howard Moss,GRAHAM HOWARD MOSS,director,NISSAN DRIVE LIMITED,01754390,gb,https://opencorporates.com/companies/gb/01754390
The Socialist Party of Great Britain,wales,Howard Moss,GRAHAM HOWARD MOSS,director,HERALD OF WREXHAM LIMITED,01723270,gb,https://opencorporates.com/companies/gb/01723270
The Socialist Party of Great Britain,wales,Howard Moss,GRAHAM HOWARD MOSS,secretary,DATEXPORT LIMITED,01370126,gb,https://opencorporates.com/companies/gb/01370126
The Socialist Party of Great Britain,wales,Howard Moss,GRAHAM HOWARD MOSS,director,GRAHAM PARKER MOTORS LIMITED,01933566,gb,https://opencorporates.com/companies/gb/01933566
The Socialist Party of Great Britain,wales,Howard Moss,GRAHAM HOWARD MOSS,director,WATSON MOTOR COMPANY LIMITED,01930634,gb,https://opencorporates.com/companies/gb/01930634
The Socialist Party of Great Britain,wales,Howard Moss,GRAHAM HOWARD MOSS,director,D & T MOTORS LIMITED,01946889,gb,https://opencorporates.com/companies/gb/01946889
The Socialist Party of Great Britain,wales,Howard Moss,GRAHAM HOWARD MOSS,secretary,NISSAN EBRO U.K. LIMITED,01403822,gb,https://opencorporates.com/companies/gb/01403822
The Socialist Party of Great Britain,wales,Howard Moss,GRAHAM HOWARD MOSS,director,NISSAN EBRO U.K. LIMITED,01403822,gb,https://opencorporates.com/companies/gb/01403822
The Socialist Party of Great Britain,wales,Howard Moss,GRAHAM HOWARD MOSS,director,HEART OF ENGLAND MOTOR COMPANY (STRATFORD) LIMITED,01902518,gb,https://opencorporates.com/companies/gb/01902518
The Socialist Party of Great Britain,wales,Howard Moss,GRAHAM HOWARD MOSS,secretary,AIR AMBULANCE FOUNDATION,03751373,gb,https://opencorporates.com/companies/gb/03751373
The Socialist Party of Great Britain,wales,Howard Moss,GRAHAM HOWARD MOSS,director,TRIANGLE MOTORS (NOTTINGHAM) LIMITED,02313088,gb,https://opencorporates.com/companies/gb/02313088
The Socialist Party of Great Britain,wales,Howard Moss,GRAHAM HOWARD MOSS,director,SWAN MOTORS (BIRKENHEAD) LIMITED,02129771,gb,https://opencorporates.com/companies/gb/02129771
The Socialist Party of Great Britain,wales,Howard Moss,GRAHAM HOWARD MOSS,director,TONEWAY MOTORS LIMITED,02264226,gb,https://opencorporates.com/companies/gb/02264226
The Socialist Party of Great Britain,wales,Howard Moss,GRAHAM HOWARD MOSS,director,T.A. GARAGES LIMITED,02263262,gb,https://opencorporates.com/companies/gb/02263262
The Socialist Party of Great Britain,wales,Howard Moss,GRAHAM HOWARD MOSS,secretary,NISSAN UK GROUP LIMITED,02264778,gb,https://opencorporates.com/companies/gb/02264778
UK Independence Party (UKIP),wales,Nathan Lee Gill,"","","","","",""
UK Independence Party (UKIP),wales,James Cole,ADAM JAMES COLE,director,A COLE CONSULTING LIMITED,07457151,gb,https://opencorporates.com/companies/gb/07457151
UK Independence Party (UKIP),wales,James Cole,ADAM JAMES COLE,director,KENEXA LEADERSHIP LIMITED,03166580,gb,https://opencorporates.com/companies/gb/03166580
UK Independence Party (UKIP),wales,James Cole,ADAM JAMES COLE,director,LADYCROSS MEWS RESIDENTS ASSOCIATION LIMITED,01750765,gb,https://opencorporates.com/companies/gb/01750765
UK Independence Party (UKIP),wales,James Cole,ADAM JAMES COLE,director,THE CHAISE LONGUE COMPANY LIMITED,06699492,gb,https://opencorporates.com/companies/gb/06699492
UK Independence Party (UKIP),wales,James Cole,ADRIAN JAMES COLE,director,LILE INVESTMENTS LIMITED,00680716,gb,https://opencorporates.com/companies/gb/00680716
UK Independence Party (UKIP),wales,James Cole,ADRIAN JAMES COLE,director,"HUDSON, COLE & SHARP LIMITED",07368893,gb,https://opencorporates.com/companies/gb/07368893
UK Independence Party (UKIP),wales,James Cole,ADRIAN JAMES COLE,director,COLE & SHARP SALES LIMITED,02788737,gb,https://opencorporates.com/companies/gb/02788737
UK Independence Party (UKIP),wales,James Cole,ALAN JAMES COLE-HAMILTON,director,C.S. DEVELOPMENTS (PAISLEY) LIMITED,SC128424,gb,https://opencorporates.com/companies/gb/SC128424
UK Independence Party (UKIP),wales,James Cole,ALAN JAMES COLE-HAMILTON,director,HAMILTON (PAISLEY) LIMITED,SC104961,gb,https://opencorporates.com/companies/gb/SC104961
UK Independence Party (UKIP),wales,James Cole,ALEXANDER JAMES COLE,director,CHAPEL BAR LIMITED,06708031,gb,https://opencorporates.com/companies/gb/06708031
UK Independence Party (UKIP),wales,James Cole,ALEXANDER JAMES COLE,director,A J COLE LIMITED,06297369,gb,https://opencorporates.com/companies/gb/06297369
UK Independence Party (UKIP),wales,James Cole,ALEXANDER JAMES COLE,director,RUMOURS TUNBRIDGE WELLS LIMITED,07586611,gb,https://opencorporates.com/companies/gb/07586611
UK Independence Party (UKIP),wales,James Cole,ALISDAIR JAMES STANLEY COLE,llp designated member,COLE CARTER LLP,OC379587,gb,https://opencorporates.com/companies/gb/OC379587
UK Independence Party (UKIP),wales,James Cole,ALISTAIR JAMES ANTONY COLE,director,ALIQUIS INTERNATIONAL LIMITED,05170362,gb,https://opencorporates.com/companies/gb/05170362
UK Independence Party (UKIP),wales,James Cole,ALISTAIR JAMES ANTONY COLE,director,O.C(CLIFTON COLLEGE)NOMINEES LIMITED,00370713,gb,https://opencorporates.com/companies/gb/00370713
UK Independence Party (UKIP),wales,James Cole,ALISTAIR JAMES ANTONY COLE,director,SERIOUS KNOWLEDGE LIMITED,05893144,gb,https://opencorporates.com/companies/gb/05893144
UK Independence Party (UKIP),wales,James Cole,ALISTAIR JAMES DANNY COLE,director,RE.INVIGOR LIMITED,07353699,gb,https://opencorporates.com/companies/gb/07353699
UK Independence Party (UKIP),wales,James Cole,ALISTAIR JAMES DANNY COLE,director,LGBT NETWORK STAFFORDSHIRE LIMITED,07164582,gb,https://opencorporates.com/companies/gb/07164582
UK Independence Party (UKIP),wales,James Cole,ALISTAIR JAMES FERGUSON COLE,director,NIRVANA CONSULTANCY LIMITED,07624248,gb,https://opencorporates.com/companies/gb/07624248
UK Independence Party (UKIP),wales,James Cole,ALISTAIR JAMES FERGUSON COLE,director,FRYE CONSULTANCY SOLUTIONS LIMITED,08246361,gb,https://opencorporates.com/companies/gb/08246361
UK Independence Party (UKIP),wales,James Cole,ALISTER JAMES COLE,director,COLE TELECOMMUNICATIONS LIMITED,04136815,gb,https://opencorporates.com/companies/gb/04136815
UK Independence Party (UKIP),wales,James Cole,ALLAN JAMES COLE,director,COLE CONTINUITY LIMITED,06061558,gb,https://opencorporates.com/companies/gb/06061558
UK Independence Party (UKIP),wales,James Cole,ANDREW JAMES COLE,secretary,THE TRAVELERS REST BEER GARDEN LTD,06462013,gb,https://opencorporates.com/companies/gb/06462013
UK Independence Party (UKIP),wales,James Cole,ANDREW JAMES COLE,director,COSMO PROJECT SERVICES LIMITED,07737911,gb,https://opencorporates.com/companies/gb/07737911
UK Independence Party (UKIP),wales,James Cole,ANDREW JAMES COLE,secretary,DATA SAFE (UK) LTD,03134122,gb,https://opencorporates.com/companies/gb/03134122
UK Independence Party (UKIP),wales,James Cole,ANDREW JAMES COLE,director,CARN SOLUTIONS LIMITED,04184938,gb,https://opencorporates.com/companies/gb/04184938
UK Independence Party (UKIP),wales,James Cole,ANDREW JAMES COLE,director,ANSFORD ACADEMY TRUST,07657806,gb,https://opencorporates.com/companies/gb/07657806
UK Independence Party (UKIP),wales,James Cole,ANDREW JAMES COLE,director,DATA SAFE (UK) LTD,03134122,gb,https://opencorporates.com/companies/gb/03134122
UK Independence Party (UKIP),wales,James Cole,ANDREW JAMES COLE,secretary,CARN SOLUTIONS LIMITED,04184938,gb,https://opencorporates.com/companies/gb/04184938
UK Independence Party (UKIP),wales,James Cole,ANDREW JAMES COLE,director,ASURION EUROPE LIMITED,06568029,gb,https://opencorporates.com/companies/gb/06568029
UK Independence Party (UKIP),wales,Caroline Yvonne Jones,"","","","","",""
UK Independence Party (UKIP),wales,David John Rowlands,DAVID JOHN ROWLANDS,director,DRH (WOLVERHAMPTON) LTD,07141902,gb,https://opencorporates.com/companies/gb/07141902
UK Independence Party (UKIP),wales,David John Rowlands,DAVID JOHN ROWLANDS,director,DRAGON PUBLIC RELATIONS LIMITED,07021702,gb,https://opencorporates.com/companies/gb/07021702
UK Independence Party (UKIP),wales,David John Rowlands,DAVID JOHN ROWLANDS,secretary,EBW(1) LIMITED,04245780,gb,https://opencorporates.com/companies/gb/04245780
UK Independence Party (UKIP),wales,David John Rowlands,DAVID JOHN ROWLANDS,secretary,ALICE SPRINGS GOLF & LEISURE CLUB LIMITED,05221463,gb,https://opencorporates.com/companies/gb/05221463
UK Independence Party (UKIP),wales,David John Rowlands,DAVID JOHN ROWLANDS,director,SLEEPBOX HOTELS LIMITED,08051743,gb,https://opencorporates.com/companies/gb/08051743
UK Independence Party (UKIP),wales,David John Rowlands,DAVID JOHN ROWLANDS,secretary,SLEEPBOX LTD,07869888,gb,https://opencorporates.com/companies/gb/07869888
UK Independence Party (UKIP),wales,David John Rowlands,DAVID JOHN ROWLANDS,director,SLEEPBOX LTD,07869888,gb,https://opencorporates.com/companies/gb/07869888
UK Independence Party (UKIP),wales,David John Rowlands,DAVID JOHN ROWLANDS,director,RED LODGE MILLENNIUM CENTRE LIMITED,03493389,gb,https://opencorporates.com/companies/gb/03493389
UK Independence Party (UKIP),wales,David John Rowlands,DAVID JOHN ROWLANDS,director,HOUR SPACE LIMITED,08996950,gb,https://opencorporates.com/companies/gb/08996950
UK Independence Party (UKIP),wales,David John Rowlands,DAVID JOHN ROWLANDS,director,PRESSURE CHEM (MIDLANDS) LIMITED,02607157,gb,https://opencorporates.com/companies/gb/02607157
UK Independence Party (UKIP),wales,David John Rowlands,DAVID JOHN ROWLANDS,secretary,EASYAMOUNT LIMITED,02740059,gb,https://opencorporates.com/companies/gb/02740059
UK Independence Party (UKIP),wales,David John Rowlands,DAVID JOHN ROWLANDS,director,ALICE SPRINGS GOLF & LEISURE CLUB LIMITED,05221463,gb,https://opencorporates.com/companies/gb/05221463
UK Independence Party (UKIP),wales,David John Rowlands,DAVID JOHN ROWLANDS,director,ICONIS LEARNING & DEVELOPMENT LIMITED,07479372,gb,https://opencorporates.com/companies/gb/07479372
UK Independence Party (UKIP),wales,David John Rowlands,DAVID JOHN ROWLANDS,director,DJR TRAINING LTD,08116936,gb,https://opencorporates.com/companies/gb/08116936
UK Independence Party (UKIP),wales,David John Rowlands,DAVID JOHN ROWLANDS,director,THE PIRBRIGHT INSTITUTE,00559784,gb,https://opencorporates.com/companies/gb/00559784
UK Independence Party (UKIP),wales,David John Rowlands,DAVID JOHN ROWLANDS,director,9 MILES ROAD MANAGEMENT LIMITED,03290374,gb,https://opencorporates.com/companies/gb/03290374
UK Independence Party (UKIP),wales,David John Rowlands,DAVID JOHN ROWLANDS,director,XAC PARTNERSHIP LTD,07468843,gb,https://opencorporates.com/companies/gb/07468843
UK Independence Party (UKIP),wales,David John Rowlands,DAVID JOHN ROWLANDS,director,INSPIRED TECHNICAL SOLUTIONS LIMITED,04896637,gb,https://opencorporates.com/companies/gb/04896637
UK Independence Party (UKIP),wales,David John Rowlands,DAVID JOHN ROWLANDS,director,D J ROWLANDS LIMITED,06350204,gb,https://opencorporates.com/companies/gb/06350204
UK Independence Party (UKIP),wales,David John Rowlands,DAVID JOHN ROWLANDS,secretary,6 SAVILLE PLACE CLIFTON (MANAGEMENT) LIMITED,01532917,gb,https://opencorporates.com/companies/gb/01532917
UK Independence Party (UKIP),wales,David John Rowlands,DAVID JOHN ROWLANDS,director,6 SAVILLE PLACE CLIFTON (MANAGEMENT) LIMITED,01532917,gb,https://opencorporates.com/companies/gb/01532917
UK Independence Party (UKIP),wales,David John Rowlands,DAVID JOHN ROWLANDS,secretary,ALICE SPRINGS GOLF CLUB LIMITED,06704477,gb,https://opencorporates.com/companies/gb/06704477
UK Independence Party (UKIP),wales,David John Rowlands,DAVID JOHN ROWLANDS,director,ALICE SPRINGS GOLF CLUB LIMITED,06704477,gb,https://opencorporates.com/companies/gb/06704477
UK Independence Party (UKIP),wales,David John Rowlands,DAVID JOHN ROWLANDS,director,WINSLOW AND DISTRICT COMMUNITY BUS,03891123,gb,https://opencorporates.com/companies/gb/03891123
UK Independence Party (UKIP),wales,David John Rowlands,DAVID JOHN ROWLANDS,director,BUCKINGHAM BOROUGH DEVELOPMENT COMPANY LIMITED,01006126,gb,https://opencorporates.com/companies/gb/01006126
UK Independence Party (UKIP),wales,David John Rowlands,DAVID JOHN ROWLANDS,director,BASINGSTOKE DIAL-A-RIDE,02472904,gb,https://opencorporates.com/companies/gb/02472904
UK Independence Party (UKIP),wales,David John Rowlands,DAVID JOHN ROWLANDS,director,ANTENNA AUDIO LIMITED,02789136,gb,https://opencorporates.com/companies/gb/02789136
UK Independence Party (UKIP),wales,David John Rowlands,JOHN DAVID ROWLANDS,secretary,STYLE STUDIO LIMITED,03500473,gb,https://opencorporates.com/companies/gb/03500473
UK Independence Party (UKIP),wales,David John Rowlands,JOHN DAVID ROWLANDS,director,TAX TALKING LIMITED,03462485,gb,https://opencorporates.com/companies/gb/03462485
UK Independence Party (UKIP),wales,David John Rowlands,JOHN DAVID ROWLANDS,director,ACOUSTIC FESTIVALS LIMITED,07048736,gb,https://opencorporates.com/companies/gb/07048736
