An Independence from Europe,west-midlands,Mike Nattrass,"","","","","",""
An Independence from Europe,west-midlands,Mark Nattrass,MARK ANDREW NATTRASS,director,BULKLIFT EUROPE LIMITED,04256111,gb,https://opencorporates.com/companies/gb/04256111
An Independence from Europe,west-midlands,Mark Nattrass,MARK ANDREW NATTRASS,director,REFLEX POLYMERS LIMITED,05106938,gb,https://opencorporates.com/companies/gb/05106938
An Independence from Europe,west-midlands,Mark Nattrass,MARK ANDREW NATTRASS,secretary,POLYMIRA LIMITED,07974923,gb,https://opencorporates.com/companies/gb/07974923
An Independence from Europe,west-midlands,Mark Nattrass,MARK ANDREW NATTRASS,director,STORSACK UK LIMITED,00450530,gb,https://opencorporates.com/companies/gb/00450530
An Independence from Europe,west-midlands,Mark Nattrass,MARK EDWARD NATTRASS,director,NEW JOHN LIMITED,02111113,gb,https://opencorporates.com/companies/gb/02111113
An Independence from Europe,west-midlands,Mark Nattrass,MARK EDWARD NATTRASS,director,FIRE ART LIMITED,03897097,gb,https://opencorporates.com/companies/gb/03897097
An Independence from Europe,west-midlands,Mark Nattrass,MARK EDWARD NATTRASS,director,FIRE ART LIMITED,03897097,gb,https://opencorporates.com/companies/gb/03897097
An Independence from Europe,west-midlands,Mark Nattrass,MARK NATTRASS,secretary,INSTANT BARRAGE COMPANY LTD,07239202,gb,https://opencorporates.com/companies/gb/07239202
An Independence from Europe,west-midlands,Mark Nattrass,MARK NATTRASS,director,INSTANT BARRAGE COMPANY LTD,07239202,gb,https://opencorporates.com/companies/gb/07239202
An Independence from Europe,west-midlands,Mark Nattrass,MARK STEPHEN NATTRASS,secretary,JOHN HOWARD CONSTRUCTION LIMITED,03866824,gb,https://opencorporates.com/companies/gb/03866824
An Independence from Europe,west-midlands,Mark Nattrass,MARK STEPHEN NATTRASS,director,JOHN HOWARD CONSTRUCTION LIMITED,03866824,gb,https://opencorporates.com/companies/gb/03866824
An Independence from Europe,west-midlands,Mark Nattrass,MARK STEPHEN NATTRASS,secretary,LIZARD ALES LIMITED,04248031,gb,https://opencorporates.com/companies/gb/04248031
An Independence from Europe,west-midlands,Mark Nattrass,MARK STEPHEN NATTRASS,director,LIZARD ALES LIMITED,04248031,gb,https://opencorporates.com/companies/gb/04248031
An Independence from Europe,west-midlands,Joshna Pattni,"","","","","",""
An Independence from Europe,west-midlands,Henry Humphries Carl,CARL HENRY HUMPHRIES,secretary,THOMAS MCINTYRE LIMITED,04466529,gb,https://opencorporates.com/companies/gb/04466529
An Independence from Europe,west-midlands,Henry Humphries Carl,CARL HENRY HUMPHRIES,director,HUMPHRIES INVESTMENTS LIMITED,00712853,gb,https://opencorporates.com/companies/gb/00712853
An Independence from Europe,west-midlands,Henry Humphries Carl,CARL HENRY HUMPHRIES,secretary,SUNALPHA LIMITED,01722797,gb,https://opencorporates.com/companies/gb/01722797
An Independence from Europe,west-midlands,Henry Humphries Carl,CARL HENRY HUMPHRIES,secretary,W GARDNER & SON (EUROPE) LIMITED,03833688,gb,https://opencorporates.com/companies/gb/03833688
An Independence from Europe,west-midlands,Henry Humphries Carl,CARL HENRY HUMPHRIES,secretary,HORIZON ATLANTIC LIMITED,03364648,gb,https://opencorporates.com/companies/gb/03364648
An Independence from Europe,west-midlands,Henry Humphries Carl,CARL HENRY HUMPHRIES,secretary,LIBRA PROFESSIONAL BROADCAST LIMITED,03961176,gb,https://opencorporates.com/companies/gb/03961176
An Independence from Europe,west-midlands,Henry Humphries Carl,CARL HENRY HUMPHRIES,secretary,MAWLEY OAK GARAGES LIMITED,00670435,gb,https://opencorporates.com/companies/gb/00670435
An Independence from Europe,west-midlands,Viner Forrest George,GEORGE VINER FORREST,director,BLACKHEATH CUISINE LIMITED,02715558,gb,https://opencorporates.com/companies/gb/02715558
An Independence from Europe,west-midlands,Viner Forrest George,GEORGE VINER FORREST,secretary,ANDROMEDA MANAGEMENT LIMITED,04262308,gb,https://opencorporates.com/companies/gb/04262308
An Independence from Europe,west-midlands,Viner Forrest George,GEORGE VINER FORREST,secretary,THE OAK AT ECCLES LTD,08937033,gb,https://opencorporates.com/companies/gb/08937033
An Independence from Europe,west-midlands,Viner Forrest George,GEORGE VINER FORREST,secretary,BLACKHEATH CUISINE LIMITED,02715558,gb,https://opencorporates.com/companies/gb/02715558
An Independence from Europe,west-midlands,Viner Forrest George,GEORGE VINER FORREST,director,THE OAK AT ECCLES LTD,08937033,gb,https://opencorporates.com/companies/gb/08937033
An Independence from Europe,west-midlands,Viner Forrest George,GEORGE VINER FORREST,director,MYNET CONSULTING LIMITED,03074044,gb,https://opencorporates.com/companies/gb/03074044
An Independence from Europe,west-midlands,Viner Forrest George,GEORGE VINER FORREST,secretary,MYNET CONSULTING LIMITED,03074044,gb,https://opencorporates.com/companies/gb/03074044
An Independence from Europe,west-midlands,Stephen Ingram Douglas,DOUGLAS STEPHEN INGRAM,director,ABC COURIERS LIMITED,03303731,gb,https://opencorporates.com/companies/gb/03303731
An Independence from Europe,west-midlands,Paul Alders,JULIAN PAUL ALDERS,director,NEWTYME CONCEPTS LIMITED,03698014,gb,https://opencorporates.com/companies/gb/03698014
An Independence from Europe,west-midlands,Paul Alders,RODRICK PAUL ALDERS,director,RPA CONSTRUCTION LIMITED,07235205,gb,https://opencorporates.com/companies/gb/07235205
British National Party,west-midlands,Michael Coleman,ADRIAN MICHAEL COLEMAN,director,TRINITY PHOENIX LIMITED,03796858,gb,https://opencorporates.com/companies/gb/03796858
British National Party,west-midlands,Michael Coleman,ADRIAN MICHAEL COLEMAN,director,V C C P LIMITED,04354397,gb,https://opencorporates.com/companies/gb/04354397
British National Party,west-midlands,Michael Coleman,ADRIAN MICHAEL COLEMAN,nominated director,DE GREY'S LIMITED,03538988,gb,https://opencorporates.com/companies/gb/03538988
British National Party,west-midlands,Michael Coleman,ADRIAN MICHAEL COLEMAN,director,ICC (TWO) LIMITED,03316166,gb,https://opencorporates.com/companies/gb/03316166
British National Party,west-midlands,Michael Coleman,ADRIAN MICHAEL COLEMAN,nominated director,SAMSON VENTURES LIMITED,03387874,gb,https://opencorporates.com/companies/gb/03387874
British National Party,west-midlands,Michael Coleman,ADRIAN MICHAEL COLEMAN,secretary,AIRSTAR (UK) LIMITED,02688475,gb,https://opencorporates.com/companies/gb/02688475
British National Party,west-midlands,Michael Coleman,ADRIAN MICHAEL COLEMAN,director,AIRSTAR (UK) LIMITED,02688475,gb,https://opencorporates.com/companies/gb/02688475
British National Party,west-midlands,Michael Coleman,ADRIAN MICHAEL COLEMAN,director,EX NIHILO LIMITED,08900735,gb,https://opencorporates.com/companies/gb/08900735
British National Party,west-midlands,Michael Coleman,ADRIAN MICHAEL COLEMAN,director,BEECHES FOUR LIMITED,03316153,gb,https://opencorporates.com/companies/gb/03316153
British National Party,west-midlands,Michael Coleman,ADRIAN MICHAEL COLEMAN,nominated director,DELESTE LIMITED,03507453,gb,https://opencorporates.com/companies/gb/03507453
British National Party,west-midlands,Michael Coleman,ADRIAN MICHAEL COLEMAN,director,ICC (ONE) LIMITED,03284115,gb,https://opencorporates.com/companies/gb/03284115
British National Party,west-midlands,Michael Coleman,ADRIAN MICHAEL COLEMAN,director,LANDOWNER HOMES ONE LIMITED,03332648,gb,https://opencorporates.com/companies/gb/03332648
British National Party,west-midlands,Michael Coleman,ADRIAN MICHAEL COLEMAN,director,VCCP PLUS LIMITED,04476131,gb,https://opencorporates.com/companies/gb/04476131
British National Party,west-midlands,Michael Coleman,ADRIAN MICHAEL COLEMAN,director,WALTON HOUSE GARDEN (TEWKESBURY) MANAGEMENT COMPANY LIMITED,03137653,gb,https://opencorporates.com/companies/gb/03137653
British National Party,west-midlands,Michael Coleman,ADRIAN MICHAEL COLEMAN,llp designated member,VCCP GROUP LLP,OC370529,gb,https://opencorporates.com/companies/gb/OC370529
British National Party,west-midlands,Michael Coleman,ADRIAN MICHAEL COLEMAN,director,WESTMOOR HOMES LIMITED,03507371,gb,https://opencorporates.com/companies/gb/03507371
British National Party,west-midlands,Michael Coleman,ADRIAN MICHAEL COLEMAN,nominated director,PEMBERSTONE DEVELOPMENTS (MANCHESTER) LIMITED,03538999,gb,https://opencorporates.com/companies/gb/03538999
British National Party,west-midlands,Michael Coleman,ADRIAN MICHAEL COLEMAN,director,BIG EYES COMMUNICATIONS LIMITED,08696178,gb,https://opencorporates.com/companies/gb/08696178
British National Party,west-midlands,Michael Coleman,ADRIAN MICHAEL COLEMAN,director,VCCP SHARE LIMITED,07846364,gb,https://opencorporates.com/companies/gb/07846364
British National Party,west-midlands,Michael Coleman,ADRIAN MICHAEL COLEMAN,director,MARCHFIELD ESTATES (NORTH) LIMITED,03332593,gb,https://opencorporates.com/companies/gb/03332593
British National Party,west-midlands,Michael Coleman,ADRIAN MICHAEL COLEMAN,director,VCCP LIVE LIMITED,07931335,gb,https://opencorporates.com/companies/gb/07931335
British National Party,west-midlands,Michael Coleman,ADRIAN MICHAEL COLEMAN,director,VCCP DIGITAL LIMITED,03982851,gb,https://opencorporates.com/companies/gb/03982851
British National Party,west-midlands,Michael Coleman,ADRIAN MICHAEL COLEMAN,director,VCCP OVERSEAS LIMITED,08268313,gb,https://opencorporates.com/companies/gb/08268313
British National Party,west-midlands,Michael Coleman,ADRIAN MICHAEL COLEMAN,nominated director,CITY PROPERTY SOLUTIONS LIMITED,03539001,gb,https://opencorporates.com/companies/gb/03539001
British National Party,west-midlands,Michael Coleman,ADRIAN MICHAEL COLEMAN,director,VCCP ME LIMITED,05428098,gb,https://opencorporates.com/companies/gb/05428098
British National Party,west-midlands,Michael Coleman,ADRIAN MICHAEL COLEMAN,director,ICC (EIGHT) LIMITED,03332649,gb,https://opencorporates.com/companies/gb/03332649
British National Party,west-midlands,Michael Coleman,ADRIAN MICHAEL COLEMAN,nominated director,KERBEROS MANAGEMENT LIMITED,03539005,gb,https://opencorporates.com/companies/gb/03539005
British National Party,west-midlands,Michael Coleman,ADRIAN MICHAEL COLEMAN,director,ICC (SIX) LIMITED,03332645,gb,https://opencorporates.com/companies/gb/03332645
British National Party,west-midlands,Michael Coleman,ADRIAN MICHAEL COLEMAN,director,ICC (TEN) LIMITED,03332596,gb,https://opencorporates.com/companies/gb/03332596
British National Party,west-midlands,Michael Coleman,ADRIAN MICHAEL COLEMAN,director,HOMETEC ESTATES LIMITED,03350266,gb,https://opencorporates.com/companies/gb/03350266
British National Party,west-midlands,Alice Matthys Jennifer,JENNIFER ALICE MATTHYS,director,HERITAGE PROTECTION CONCERNS LTD,SC385415,gb,https://opencorporates.com/companies/gb/SC385415
British National Party,west-midlands,Alice Matthys Jennifer,JENNIFER ALICE MATTHYS,secretary,HERITAGE PROTECTION CONCERNS LTD,SC385415,gb,https://opencorporates.com/companies/gb/SC385415
British National Party,west-midlands,John Griffiths Kenneth,JOHN KENNETH CRAVEN-GRIFFITHS,director,TAYLOR CURNOW LIMITED,02990847,gb,https://opencorporates.com/companies/gb/02990847
British National Party,west-midlands,John Griffiths Kenneth,JOHN KENNETH CRAVEN-GRIFFITHS,director,TYRES 4 RECYCLING (SCOTLAND) LIMITED,SC342877,gb,https://opencorporates.com/companies/gb/SC342877
British National Party,west-midlands,John Griffiths Kenneth,JOHN KENNETH GRIFFITHS,secretary,PARRY CORPORATION LIMITED,01963238,gb,https://opencorporates.com/companies/gb/01963238
British National Party,west-midlands,John Griffiths Kenneth,KENNETH JOHN GRIFFITHS,director,EXPOSE INTERNATIONAL OVERSEAS CORPORATION LIMITED,03919789,gb,https://opencorporates.com/companies/gb/03919789
British National Party,west-midlands,John Griffiths Kenneth,KENNETH JOHN GRIFFITHS,director,SELECT ASSOCIATES (INVESTIGATORS) BAILIFFS AND DEBT RECOVERY LIMITED,04020338,gb,https://opencorporates.com/companies/gb/04020338
British National Party,west-midlands,John Griffiths Kenneth,KENNETH JOHN GRIFFITHS,secretary,PIGEON PUBLICATIONS LIMITED,03655156,gb,https://opencorporates.com/companies/gb/03655156
British National Party,west-midlands,John Griffiths Kenneth,KENNETH JOHN GRIFFITHS,director,NETSAFE DETECTION TECHNOLOGIES LIMITED,04940540,gb,https://opencorporates.com/companies/gb/04940540
British National Party,west-midlands,John Griffiths Kenneth,KENNETH JOHN GRIFFITHS,director,SELECT ASSOCIATES (INVESTIGATORS) SECURITY PRODUCTS LIMITED,04020226,gb,https://opencorporates.com/companies/gb/04020226
British National Party,west-midlands,John Griffiths Kenneth,KENNETH JOHN GRIFFITHS,director,PIGEON PUBLICATIONS LIMITED,03655156,gb,https://opencorporates.com/companies/gb/03655156
British National Party,west-midlands,John Griffiths Kenneth,KENNETH JOHN GRIFFITHS,secretary,ANDREWS ESTATE AGENTS (MIDLANDS) LIMITED,05752747,gb,https://opencorporates.com/companies/gb/05752747
British National Party,west-midlands,John Griffiths Kenneth,KENNETH JOHN GRIFFITHS,director,HANNINGFIELD SECURITY SERVICES LIMITED,02941839,gb,https://opencorporates.com/companies/gb/02941839
British National Party,west-midlands,John Griffiths Kenneth,KENNETH JOHN GRIFFITHS,director,SPRING GARDEN CONSULTANCY LTD,04848546,gb,https://opencorporates.com/companies/gb/04848546
British National Party,west-midlands,John Griffiths Kenneth,KENNETH JOHN GRIFFITHS,director,SPRING GARDEN VENTURES LIMITED,07284246,gb,https://opencorporates.com/companies/gb/07284246
British National Party,west-midlands,John Griffiths Kenneth,KENNETH JOHN GRIFFITHS,secretary,SPRING GARDEN VENTURES LIMITED,07284246,gb,https://opencorporates.com/companies/gb/07284246
British National Party,west-midlands,Geoffrey Patten Simon,"","","","","",""
British National Party,west-midlands,David Bradnock,DAVID BRADNOCK,director,BIRDBOF PROPERTIES LIMITED,02381264,gb,https://opencorporates.com/companies/gb/02381264
British National Party,west-midlands,Mark Badrick,"","","","","",""
British National Party,west-midlands,Barry Kimberley Phillip,"","","","","",""
Conservative Party,west-midlands,Philip Bradbourn,"","","","","",""
Conservative Party,west-midlands,Anthea McIntyre,ANTHEA ELIZABETH JOY MCINTYRE,director,M C P SYSTEMS CONSULTANTS LTD,07212262,gb,https://opencorporates.com/companies/gb/07212262
Conservative Party,west-midlands,Dan Dalton,DAN DALTON-SCOTT,director,2D STUDIOS (UK) LTD,08203692,gb,https://opencorporates.com/companies/gb/08203692
Conservative Party,west-midlands,Michael Burnett,ALAN MICHAEL BURNETT,secretary,EUROPEAN LABOUR MANAGEMENT ASSOCIATES LTD.,02692490,gb,https://opencorporates.com/companies/gb/02692490
Conservative Party,west-midlands,Michael Burnett,ALAN MICHAEL BURNETT,director,FERCO SPORTS SEATING LTD,05584577,gb,https://opencorporates.com/companies/gb/05584577
Conservative Party,west-midlands,Michael Burnett,ALAN MICHAEL BURNETT,director,FERCO SEATING SYSTEMS LTD,03640854,gb,https://opencorporates.com/companies/gb/03640854
Conservative Party,west-midlands,Michael Burnett,ALAN MICHAEL BURNETT,director,EUROPEAN LABOUR MANAGEMENT ASSOCIATES LTD.,02692490,gb,https://opencorporates.com/companies/gb/02692490
Conservative Party,west-midlands,Michael Burnett,ALAN MICHAEL BURNETT,secretary,FERCO SPORTS SEATING LTD,05584577,gb,https://opencorporates.com/companies/gb/05584577
Conservative Party,west-midlands,Michael Burnett,ALAN MICHAEL BURNETT,secretary,M.B.O. EDUCATION & TRAINING LIMITED,01794694,gb,https://opencorporates.com/companies/gb/01794694
Conservative Party,west-midlands,Michael Burnett,ALAN MICHAEL BURNETT,director,M.B.O. EDUCATION & TRAINING LIMITED,01794694,gb,https://opencorporates.com/companies/gb/01794694
Conservative Party,west-midlands,Michael Burnett,ANDREW MICHAEL BURNETT,secretary,INNOVENTION PRODUCTS LIMITED,01318405,gb,https://opencorporates.com/companies/gb/01318405
Conservative Party,west-midlands,Michael Burnett,ANDREW MICHAEL BURNETT,director,THE BRITISH MUSEUM COMPANY LIMITED,01079888,gb,https://opencorporates.com/companies/gb/01079888
Conservative Party,west-midlands,Michael Burnett,ANDREW MICHAEL BURNETT,director,GRESHAM COLLEGE,02953431,gb,https://opencorporates.com/companies/gb/02953431
Conservative Party,west-midlands,Michael Burnett,ANDREW MICHAEL BURNETT,director,INNOVENTION PRODUCTS LIMITED,01318405,gb,https://opencorporates.com/companies/gb/01318405
Conservative Party,west-midlands,Michael Burnett,ANDREW MICHAEL BURNETT,director,SOCIETY FOR THE PROMOTION OF ROMAN STUDIES(THE),00114442,gb,https://opencorporates.com/companies/gb/00114442
Conservative Party,west-midlands,Michael Burnett,ANTHONY MICHAEL BURNETT,director,WILTON CASTLE (WILTON) MANAGEMENT COMPANY LIMITED,04493685,gb,https://opencorporates.com/companies/gb/04493685
Conservative Party,west-midlands,Michael Burnett,ARTHUR FREDERICK MICHAEL BURNETT,director,MICHAEL BURNETT LIMITED,01015735,gb,https://opencorporates.com/companies/gb/01015735
Conservative Party,west-midlands,Michael Burnett,ARTHUR FREDERICK MICHAEL BURNETT,director,WHITBURN BUILDERS LIMITED,01941322,gb,https://opencorporates.com/companies/gb/01941322
Conservative Party,west-midlands,Michael Burnett,CHARLES MICHAEL BURNETT,director,KINGDOM FM RADIO LTD.,SC168819,gb,https://opencorporates.com/companies/gb/SC168819
Conservative Party,west-midlands,Michael Burnett,CHARLES MICHAEL BURNETT,director,LIVINGSTON YOUTH FOUNDATION LIMITED,SC410745,gb,https://opencorporates.com/companies/gb/SC410745
Conservative Party,west-midlands,Michael Burnett,CHARLES MICHAEL BURNETT,director,HEART OF MIDLOTHIAN FOOTBALL CLUB LIMITED,SC123225,gb,https://opencorporates.com/companies/gb/SC123225
Conservative Party,west-midlands,Michael Burnett,CHRISTOPHER MICHAEL BURNETT,director,COBRAND LIMITED,02143525,gb,https://opencorporates.com/companies/gb/02143525
Conservative Party,west-midlands,Michael Burnett,CHRISTOPHER MICHAEL BURNETT,director,HOCKMERE LIMITED,02463572,gb,https://opencorporates.com/companies/gb/02463572
Conservative Party,west-midlands,Michael Burnett,CHRISTOPHER MICHAEL BURNETT,director,BASICGATE LIMITED,02728408,gb,https://opencorporates.com/companies/gb/02728408
Conservative Party,west-midlands,Michael Burnett,CHRISTOPHER MICHAEL BURNETT,director,RED DEVIL STORAGE (AYLESBURY WEST) LIMITED,05119193,gb,https://opencorporates.com/companies/gb/05119193
Conservative Party,west-midlands,Michael Burnett,CHRISTOPHER MICHAEL BURNETT,director,DEM 3 LIMITED,06388014,gb,https://opencorporates.com/companies/gb/06388014
Conservative Party,west-midlands,Michael Burnett,CHRISTOPHER MICHAEL BURNETT,director,RED DEVIL STORAGE GROUP LIMITED,06388062,gb,https://opencorporates.com/companies/gb/06388062
Conservative Party,west-midlands,Michael Burnett,CHRISTOPHER MICHAEL BURNETT,director,PURE PETROL GROUP LIMITED,06388064,gb,https://opencorporates.com/companies/gb/06388064
Conservative Party,west-midlands,Michael Burnett,CHRISTOPHER MICHAEL BURNETT,director,PURE PARKING GROUP LIMITED,06388066,gb,https://opencorporates.com/companies/gb/06388066
Conservative Party,west-midlands,Michael Burnett,CHRISTOPHER MICHAEL BURNETT,director,RED DEVIL STORAGE (FOLKESTONE) LIMITED,05430154,gb,https://opencorporates.com/companies/gb/05430154
Conservative Party,west-midlands,Michael Burnett,CHRISTOPHER MICHAEL BURNETT,director,WHITELANDS HOUSE GARAGE LIMITED,02773295,gb,https://opencorporates.com/companies/gb/02773295
Conservative Party,west-midlands,Michael Burnett,CHRISTOPHER MICHAEL BURNETT,director,CADOGAN & SLOANE SECURITIES LIMITED,01236750,gb,https://opencorporates.com/companies/gb/01236750
Conservative Party,west-midlands,Michael Burnett,CHRISTOPHER MICHAEL BURNETT,director,PARK EATON LIMITED,05003607,gb,https://opencorporates.com/companies/gb/05003607
Conservative Party,west-midlands,Sibby Buckle,"","","","","",""
Conservative Party,west-midlands,Dan Sames,"","","","","",""
Conservative Party,west-midlands,Alex Avern,"","","","","",""
English Democrats,west-midlands,Derek Hilling,DEREK JOHN HILLING,director,CONFEDERATION OF ENGLISH BUSINESS LIMITED,05970073,gb,https://opencorporates.com/companies/gb/05970073
English Democrats,west-midlands,Derek Hilling,DEREK JOHN HILLING,director,DECISION SOFTWARE LIMITED,03076693,gb,https://opencorporates.com/companies/gb/03076693
English Democrats,west-midlands,Christopher Newey,CHRISTOPHER BRIAN NEWEY,director,LIZARD LOUNGE STUDIO LIMITED,08261097,gb,https://opencorporates.com/companies/gb/08261097
English Democrats,west-midlands,Christopher Newey,CHRISTOPHER DENIS NEWEY,secretary,STEPPING STONE SERVICES LIMITED,02817871,gb,https://opencorporates.com/companies/gb/02817871
English Democrats,west-midlands,Christopher Newey,CHRISTOPHER DENIS NEWEY,director,STEPPING STONE SERVICES LIMITED,02817871,gb,https://opencorporates.com/companies/gb/02817871
English Democrats,west-midlands,Christopher Newey,CHRISTOPHER JOHN NEWEY,director,PONTOON LIMITED,04652986,gb,https://opencorporates.com/companies/gb/04652986
English Democrats,west-midlands,Christopher Newey,CHRISTOPHER NEWEY,director,FULL FAT AUDIO LIMITED,05321717,gb,https://opencorporates.com/companies/gb/05321717
English Democrats,west-midlands,Christopher Newey,CHRISTOPHER SIMON NEWEY,director,GLEAMCO LIMITED,03020173,gb,https://opencorporates.com/companies/gb/03020173
English Democrats,west-midlands,Christopher Newey,CHRISTOPHER TONY CHARLES NEWEY,director,HANTHILL ENGINEERING LIMITED,03384453,gb,https://opencorporates.com/companies/gb/03384453
English Democrats,west-midlands,Christopher Newey,CHRISTOPHER TONY CHARLES NEWEY,director,CNO LIMITED,03736106,gb,https://opencorporates.com/companies/gb/03736106
English Democrats,west-midlands,Christopher Newey,CHRISTOPHER TONY CHARLES NEWEY,secretary,KIRSTALL TRAINING LIMITED,04969498,gb,https://opencorporates.com/companies/gb/04969498
English Democrats,west-midlands,Christopher Newey,CHRISTOPHER TONY CHARLES NEWEY,director,KIRSTALL LIMITED,04869974,gb,https://opencorporates.com/companies/gb/04869974
English Democrats,west-midlands,Christopher Newey,CHRISTOPHER TONY CHARLES NEWEY,director,NETWORK RECRUITMENT GROUP LTD,03985998,gb,https://opencorporates.com/companies/gb/03985998
English Democrats,west-midlands,Christopher Newey,CHRISTOPHER TONY CHARLES NEWEY,director,KIRSTALL TRAINING LIMITED,04969498,gb,https://opencorporates.com/companies/gb/04969498
English Democrats,west-midlands,Christopher Newey,CHRISTOPHER TONY CHARLES NEWEY,secretary,BUYORDER LIMITED,02964075,gb,https://opencorporates.com/companies/gb/02964075
English Democrats,west-midlands,Christopher Newey,CHRISTOPHER TONY CHARLES NEWEY,director,ANGLO INTERNATIONAL RECRUITMENT LIMITED,04292102,gb,https://opencorporates.com/companies/gb/04292102
English Democrats,west-midlands,Christopher Newey,CHRISTOPHER TONY CHARLES NEWEY,director,M-INT MODUS LIMITED,04038352,gb,https://opencorporates.com/companies/gb/04038352
English Democrats,west-midlands,Christopher Newey,CHRISTOPHER TONY CHARLES NEWEY,director,SURETRACK RAIL SERVICES LIMITED,04240849,gb,https://opencorporates.com/companies/gb/04240849
English Democrats,west-midlands,Christopher Newey,CHRISTOPHER TONY CHARLES NEWEY,director,ANGLO EUROPEAN WORKFORCE LIMITED,02924774,gb,https://opencorporates.com/companies/gb/02924774
English Democrats,west-midlands,Christopher Newey,CHRISTOPHER TONY CHARLES NEWEY,director,AEW PROJECT SERVICES LIMITED,06015922,gb,https://opencorporates.com/companies/gb/06015922
English Democrats,west-midlands,Christopher Newey,CHRISTOPHER TONY CHARLES NEWEY,director,MODUS STRATEGIC SYSTEMS LIMITED,04038714,gb,https://opencorporates.com/companies/gb/04038714
English Democrats,west-midlands,Christopher Newey,CHRISTOPHER TONY CHARLES NEWEY,director,1ST PLACE I.T. LIMITED,04054520,gb,https://opencorporates.com/companies/gb/04054520
English Democrats,west-midlands,Christopher Newey,CHRISTOPHER TONY CHARLES NEWEY,director,1ST PLACE CONTRACT SERVICES LIMITED,05168810,gb,https://opencorporates.com/companies/gb/05168810
English Democrats,west-midlands,Stephen Paxton,STEPHEN EDWARD PAXTON,director,PDSI LTD,05772238,gb,https://opencorporates.com/companies/gb/05772238
English Democrats,west-midlands,Stephen Paxton,STEPHEN EDWARD PAXTON,director,COMPLETE CONSTRUCTION MANAGEMENT LIMITED,04656390,gb,https://opencorporates.com/companies/gb/04656390
English Democrats,west-midlands,Stephen Paxton,STEPHEN EDWARD PAXTON,director,NURDEN PAXTON TILLEY LIMITED,02644878,gb,https://opencorporates.com/companies/gb/02644878
English Democrats,west-midlands,Stephen Paxton,STEPHEN EDWARD PAXTON,director,J. S. PROJECTS LIMITED,03154735,gb,https://opencorporates.com/companies/gb/03154735
English Democrats,west-midlands,Stephen Paxton,STEPHEN EDWARD PAXTON,director,CCM-GULF LIMITED,02678989,gb,https://opencorporates.com/companies/gb/02678989
English Democrats,west-midlands,Stephen Paxton,STEPHEN EDWARD PAXTON,director,CCM GLOBAL LTD,06897442,gb,https://opencorporates.com/companies/gb/06897442
English Democrats,west-midlands,Stephen Paxton,STEPHEN EDWARD PAXTON,director,COMPLETE CONSTRUCTION MANAGEMENT LIMITED,04656390,gb,https://opencorporates.com/companies/gb/04656390
English Democrats,west-midlands,Stephen Paxton,STEPHEN EDWARD PAXTON,director,PIONEER (EUROPE) INVESTMENTS LIMITED,05906568,gb,https://opencorporates.com/companies/gb/05906568
English Democrats,west-midlands,Stephen Paxton,STEPHEN EDWARD PAXTON,llp designated member,THE SCHOOLS PLANNING AND DEVELOPMENT PARTNERSHIP LLP,OC345157,gb,https://opencorporates.com/companies/gb/OC345157
English Democrats,west-midlands,Stephen Paxton,STEPHEN EDWARD PAXTON,director,CCM PROJECT SERVICES LIMITED,03940076,gb,https://opencorporates.com/companies/gb/03940076
English Democrats,west-midlands,Stephen Paxton,STEPHEN JOHN PAXTON,director,SOUTHWOOD FINANCE LIMITED,04300493,gb,https://opencorporates.com/companies/gb/04300493
English Democrats,west-midlands,Stephen Paxton,STEPHEN JOHN PAXTON,director,RURAL FINANCE LIMITED,05207393,gb,https://opencorporates.com/companies/gb/05207393
English Democrats,west-midlands,Stephen Paxton,STEPHEN JOHN PAXTON,director,RURAL ASSOCIATES LIMITED,06613810,gb,https://opencorporates.com/companies/gb/06613810
English Democrats,west-midlands,Stephen Paxton,STEPHEN MARK PAXTON,director,S D R PROJECTS LIMITED,05617695,gb,https://opencorporates.com/companies/gb/05617695
English Democrats,west-midlands,Stephen Paxton,STEPHEN MARK PAXTON,director,FRULLET LTD,06297879,gb,https://opencorporates.com/companies/gb/06297879
English Democrats,west-midlands,Stephen Paxton,STEPHEN MARK PAXTON,director,PAXTEN LTD,08099339,gb,https://opencorporates.com/companies/gb/08099339
English Democrats,west-midlands,Stephen Paxton,STEPHEN PAUL PAXTON,secretary,AHM MEDIA LTD,05221523,gb,https://opencorporates.com/companies/gb/05221523
English Democrats,west-midlands,Stephen Paxton,STEPHEN PAUL PAXTON,director,AHM MEDIA LTD,05221523,gb,https://opencorporates.com/companies/gb/05221523
English Democrats,west-midlands,Stephen Paxton,STEPHEN PAUL PAXTON,director,ICE 9 DIGITAL LTD,08086302,gb,https://opencorporates.com/companies/gb/08086302
English Democrats,west-midlands,Stephen Paxton,STEPHEN PAUL PAXTON,director,ICE 9 MEDIA LIMITED,05719091,gb,https://opencorporates.com/companies/gb/05719091
English Democrats,west-midlands,Stephen Paxton,STEPHEN PAXTON,secretary,ICE 9 DIGITAL LTD,08086302,gb,https://opencorporates.com/companies/gb/08086302
English Democrats,west-midlands,Charles Haywood,ALISTAIR THOMAS CHARLES HAYWOOD,director,ULTING HALL MANAGEMENT LIMITED,01442766,gb,https://opencorporates.com/companies/gb/01442766
English Democrats,west-midlands,Charles Haywood,ALISTAIR THOMAS CHARLES HAYWOOD,secretary,GLENBY'S T.L. LIMITED,02453025,gb,https://opencorporates.com/companies/gb/02453025
English Democrats,west-midlands,Charles Haywood,ALISTAIR THOMAS CHARLES HAYWOOD,director,OAKHAM SCHOOL SHOPS LIMITED,01717014,gb,https://opencorporates.com/companies/gb/01717014
English Democrats,west-midlands,Charles Haywood,CHARLES ALEXANDER HAYWOOD,secretary,ABSOLUTE MEDIA SOLUTIONS (LONDON) LIMITED,04037244,gb,https://opencorporates.com/companies/gb/04037244
English Democrats,west-midlands,Charles Haywood,CHARLES ALEXANDER HAYWOOD,director,ZEN5 LIMITED,08621995,gb,https://opencorporates.com/companies/gb/08621995
English Democrats,west-midlands,Charles Haywood,CHARLES ALEXANDER HAYWOOD,director,ABSOLUTE MEDIA SOLUTIONS LIMITED,03853396,gb,https://opencorporates.com/companies/gb/03853396
English Democrats,west-midlands,Charles Haywood,CHARLES ALEXANDER HAYWOOD,director,HOTFOOT DESIGN LIMITED,04482024,gb,https://opencorporates.com/companies/gb/04482024
English Democrats,west-midlands,Charles Haywood,CHARLES ARTHUR HAYWOOD,director,MACCONVILLES LIMITED,03620834,gb,https://opencorporates.com/companies/gb/03620834
English Democrats,west-midlands,Charles Haywood,CHARLES ARTHUR HAYWOOD,director,TRINITAS DEVELOPMENTS CIC,08246331,gb,https://opencorporates.com/companies/gb/08246331
English Democrats,west-midlands,Charles Haywood,CHARLES ARTHUR HAYWOOD,director,CARE FARM TRUST,07004817,gb,https://opencorporates.com/companies/gb/07004817
English Democrats,west-midlands,Charles Haywood,CHARLES ARTHUR HAYWOOD,director,UKBS PLC,05117003,gb,https://opencorporates.com/companies/gb/05117003
English Democrats,west-midlands,Charles Haywood,CHARLES ARTHUR HAYWOOD,director,LORICA TRUST LIMITED,03462477,gb,https://opencorporates.com/companies/gb/03462477
English Democrats,west-midlands,Charles Haywood,CHRISTOPHER CHARLES HAYWOOD,director,THE PARK COMMUNITY CO-OPERATIVE LEARNING TRUST,08160073,gb,https://opencorporates.com/companies/gb/08160073
English Democrats,west-midlands,Charles Haywood,DAIMON CHARLES HAYWOOD,director,APOTHEK MEDIA LIMITED,03647103,gb,https://opencorporates.com/companies/gb/03647103
English Democrats,west-midlands,Charles Haywood,DAVID CHARLES HAYWOOD,director,FRENSHAM HEIGHTS EDUCATIONAL TRUST LIMITED,00207173,gb,https://opencorporates.com/companies/gb/00207173
English Democrats,west-midlands,Charles Haywood,DAVID CHARLES HAYWOOD,director,COTTLES PARK SCHOOL LIMITED,00484472,gb,https://opencorporates.com/companies/gb/00484472
English Democrats,west-midlands,Charles Haywood,DAVID CHARLES HAYWOOD,director,CLAYESMORE SCHOOL,00359779,gb,https://opencorporates.com/companies/gb/00359779
English Democrats,west-midlands,Charles Haywood,GORDON CHARLES HAYWOOD,secretary,HARTS LANE (BLOCK A) MANAGEMENT CO. LIMITED,01878257,gb,https://opencorporates.com/companies/gb/01878257
English Democrats,west-midlands,Charles Haywood,GORDON CHARLES HAYWOOD,director,HARTS LANE (BLOCK A) MANAGEMENT CO. LIMITED,01878257,gb,https://opencorporates.com/companies/gb/01878257
English Democrats,west-midlands,Charles Haywood,GORDON CHARLES HAYWOOD,secretary,HARTS LANE (BLOCK A) MANAGEMENT CO. LIMITED,01878257,gb,https://opencorporates.com/companies/gb/01878257
English Democrats,west-midlands,Charles Haywood,GORDON CHARLES HAYWOOD,director,HARTS LANE (BLOCK A) MANAGEMENT CO. LIMITED,01878257,gb,https://opencorporates.com/companies/gb/01878257
English Democrats,west-midlands,Charles Haywood,GORDON CHARLES HAYWOOD,director,HARTS LANE (BLOCK A) MANAGEMENT CO. LIMITED,01878257,gb,https://opencorporates.com/companies/gb/01878257
English Democrats,west-midlands,Charles Haywood,IAN CHARLES HAYWOOD,director,I. C. H. ELECTRICAL LIMITED,04884256,gb,https://opencorporates.com/companies/gb/04884256
English Democrats,west-midlands,Charles Haywood,JACK CHARLES HAYWOOD,secretary,DISGUIZE LIMITED,07648954,gb,https://opencorporates.com/companies/gb/07648954
English Democrats,west-midlands,Charles Haywood,JACK CHARLES HAYWOOD,director,DISGUIZE LIMITED,07648954,gb,https://opencorporates.com/companies/gb/07648954
English Democrats,west-midlands,Charles Haywood,JOHN CHARLES HAYWOOD,director,JPM NOMINEES LIMITED,01996073,gb,https://opencorporates.com/companies/gb/01996073
English Democrats,west-midlands,Charles Haywood,KEVEN CHARLES HAYWOOD,director,THE SHIP INN (Y LLONG) LIMITED,04718241,gb,https://opencorporates.com/companies/gb/04718241
English Democrats,west-midlands,Charles Haywood,KEVEN CHARLES HAYWOOD,director,HAYWOOD ACCOUNTANTS LIMITED,01712703,gb,https://opencorporates.com/companies/gb/01712703
English Democrats,west-midlands,Charles Haywood,LEIGHTON CHARLES HAYWOOD,director,NEMESYS COMMUNICATIONS LIMITED,03812945,gb,https://opencorporates.com/companies/gb/03812945
English Democrats,west-midlands,Charles Haywood,PETER CHARLES HAYWOOD,secretary,ARTHUR R.DAVIS(HOLDINGS)LIMITED,00127828,gb,https://opencorporates.com/companies/gb/00127828
English Democrats,west-midlands,Margaret Stoll,"","","","","",""
English Democrats,west-midlands,David Lane,AARON DAVID MARK LANE,director,LODGEMORE LIMITED,01104961,gb,https://opencorporates.com/companies/gb/01104961
English Democrats,west-midlands,David Lane,ADAM DAVID LANE,director,MATIPO INVESTMENTS LIMITED,04114038,gb,https://opencorporates.com/companies/gb/04114038
English Democrats,west-midlands,David Lane,ADAM DAVID LANE,director,LANE CONSULTANCY LTD,07807673,gb,https://opencorporates.com/companies/gb/07807673
English Democrats,west-midlands,David Lane,ADRIAN DAVID LANE,director,LLOYDS BANK TRUST COMPANY (INTERNATIONAL) LIMITED,00753201,gb,https://opencorporates.com/companies/gb/00753201
English Democrats,west-midlands,David Lane,ADRIAN DAVID LANE,director,LLOYDS BANK STOCKBROKERS (NOMINEES) LIMITED,01080819,gb,https://opencorporates.com/companies/gb/01080819
English Democrats,west-midlands,David Lane,ADRIAN DAVID LANE,director,LLOYDS BANK STOCKBROKERS CLIENT NOMINEES LIMITED,02521272,gb,https://opencorporates.com/companies/gb/02521272
English Democrats,west-midlands,David Lane,ADRIAN DAVID LANE,secretary,MANOR FARM FLITTON MANAGEMENT LIMITED,04583494,gb,https://opencorporates.com/companies/gb/04583494
English Democrats,west-midlands,David Lane,ADRIAN DAVID LANE,director,CHISWELL STOCKBROKERS LIMITED,02029332,gb,https://opencorporates.com/companies/gb/02029332
English Democrats,west-midlands,David Lane,ADRIAN DAVID LANE,director,LLOYDS BANK NOMINEES LIMITED,00981600,gb,https://opencorporates.com/companies/gb/00981600
English Democrats,west-midlands,David Lane,ALBERT DAVID LANE,secretary,THE LEA (HILLINGDON) MANAGEMENT COMPANY LIMITED,02713818,gb,https://opencorporates.com/companies/gb/02713818
English Democrats,west-midlands,David Lane,ALEC DAVID LANE,director,LANE WATMOUGH LTD.,08866157,gb,https://opencorporates.com/companies/gb/08866157
English Democrats,west-midlands,David Lane,ALEC DAVID LANE,director,STEREOTYPICAL LTD,08931911,gb,https://opencorporates.com/companies/gb/08931911
English Democrats,west-midlands,David Lane,ANDREW DAVID LANE,director,LINEBRAY MANAGEMENT LIMITED,02513847,gb,https://opencorporates.com/companies/gb/02513847
English Democrats,west-midlands,David Lane,ANDREW DAVID LANE,secretary,TRESOR (UK) LIMITED,02779590,gb,https://opencorporates.com/companies/gb/02779590
English Democrats,west-midlands,David Lane,ANDREW DAVID LANE,secretary,CLAPHAM COMMON WESTSIDE LIMITED,02719266,gb,https://opencorporates.com/companies/gb/02719266
English Democrats,west-midlands,David Lane,ANDREW DAVID LANE,secretary,C C WESTSIDE LIMITED,03182534,gb,https://opencorporates.com/companies/gb/03182534
English Democrats,west-midlands,David Lane,ANDREW DAVID LANE,director,FUTURE PERFECT FESTIVALS LTD,06190755,gb,https://opencorporates.com/companies/gb/06190755
English Democrats,west-midlands,David Lane,ANDREW DAVID LANE,secretary,LINEBRAY MANAGEMENT LIMITED,02513847,gb,https://opencorporates.com/companies/gb/02513847
English Democrats,west-midlands,David Lane,ANDREW DAVID LANE,director,H ROLD LIMITED,02946729,gb,https://opencorporates.com/companies/gb/02946729
English Democrats,west-midlands,David Lane,ANDREW DAVID LANE,secretary,7 TREPORT STREET PROPERTY MANAGEMENT LIMITED,02319505,gb,https://opencorporates.com/companies/gb/02319505
English Democrats,west-midlands,David Lane,ANDREW DAVID LANE,director,DERBY PHOENIX MOTOR CYCLE CLUB LIMITED,02550996,gb,https://opencorporates.com/companies/gb/02550996
English Democrats,west-midlands,David Lane,ANTHONY DAVID LANE,director,PIPEVIEW LIMITED,03083508,gb,https://opencorporates.com/companies/gb/03083508
English Democrats,west-midlands,David Lane,ANTHONY DAVID LANE,director,DRIVER SHIELD LIMITED,02425528,gb,https://opencorporates.com/companies/gb/02425528
English Democrats,west-midlands,David Lane,ANTHONY DAVID LANE,director,CLAIMTEC LIMITED,02423633,gb,https://opencorporates.com/companies/gb/02423633
English Democrats,west-midlands,David Lane,ANTHONY DAVID LANE,director,ULR SERVICES LTD,03661162,gb,https://opencorporates.com/companies/gb/03661162
English Democrats,west-midlands,David Lane,ANTHONY DAVID LANE,director,LANE RENOVATIONS (SOUTH EAST) LIMITED,02461277,gb,https://opencorporates.com/companies/gb/02461277
English Democrats,west-midlands,David Lane,ANTHONY DAVID LANE,director,COMPANYSHIELD LIMITED,03039452,gb,https://opencorporates.com/companies/gb/03039452
English Democrats,west-midlands,David Lane,ANTHONY DAVID LANE,director,FAMILYSHIELD LIMITED,03039134,gb,https://opencorporates.com/companies/gb/03039134
English Democrats,west-midlands,David Lane,ANTHONY DAVID LANE,director,CLAIMTEC SERVICES LIMITED,03661164,gb,https://opencorporates.com/companies/gb/03661164
English Democrats,west-midlands,David Lane,ANTHONY DAVID LANE,director,REVIEW PROPERTIES LIMITED,02181804,gb,https://opencorporates.com/companies/gb/02181804
English Democrats,west-midlands,Fred Bishop,"","","","","",""
Green Party,west-midlands,Will Duckworth,WILL JOHN DUCKWORTH,director,WEST MIDS GREEN PRINT LTD.,07834380,gb,https://opencorporates.com/companies/gb/07834380
Green Party,west-midlands,Aldo Mussi,"","","","","",""
Green Party,west-midlands,Vicky Duckworth,"","","","","",""
Green Party,west-midlands,Tom Harris,RICHARD FRANK TOM HARRIS,director,EXTERNAL STEAM LTD,07863081,gb,https://opencorporates.com/companies/gb/07863081
Green Party,west-midlands,Tom Harris,TOM HARRIS,director,UNITED KINGDOM ASSOCIATION,07500119,gb,https://opencorporates.com/companies/gb/07500119
Green Party,west-midlands,Tom Harris,TOM HARRIS,director,FALCONER TRAVEL LIMITED,03574437,gb,https://opencorporates.com/companies/gb/03574437
Green Party,west-midlands,Tom Harris,TOM HARRIS,secretary,HB DIGITAL LIMITED,06721344,gb,https://opencorporates.com/companies/gb/06721344
Green Party,west-midlands,Tom Harris,TOM HARRIS,director,UNITED KINGDOM ASSOCIATION,07500119,gb,https://opencorporates.com/companies/gb/07500119
Green Party,west-midlands,Tom Harris,TOM HARRIS,director,VOXBYTE UK LTD,08138536,gb,https://opencorporates.com/companies/gb/08138536
Green Party,west-midlands,Tom Harris,TOM HARRIS,director,FAWLTYBASIL HOUSING SOLUTIONS LIMITED,08214767,gb,https://opencorporates.com/companies/gb/08214767
Green Party,west-midlands,Tom Harris,TOM HARRIS,secretary,HOME CLEAN TEAM LIMITED,05759560,gb,https://opencorporates.com/companies/gb/05759560
Green Party,west-midlands,Tom Harris,TOM HARRIS,secretary,HB DIGITAL LIMITED,08267743,gb,https://opencorporates.com/companies/gb/08267743
Green Party,west-midlands,Tom Harris,TOM HARRIS,director,CETI COMMUNICATIONS LIMITED,07914328,gb,https://opencorporates.com/companies/gb/07914328
Green Party,west-midlands,Tom Harris,TOM HARRIS,director,THE BRITISH VOICE ASSOCIATION,03873285,gb,https://opencorporates.com/companies/gb/03873285
Green Party,west-midlands,Tom Harris,TOM HARRIS,director,FX TRAINING LIMITED,02707478,gb,https://opencorporates.com/companies/gb/02707478
Green Party,west-midlands,Tom Harris,TOM HARRIS,director,WILTSHIRE LAW CENTRE,01796532,gb,https://opencorporates.com/companies/gb/01796532
Green Party,west-midlands,Tom Harris,TOM HARRIS BARNEVELD,secretary,BRUNSWICK (BUXTON 1930) LIMITED(THE),00250235,gb,https://opencorporates.com/companies/gb/00250235
Green Party,west-midlands,Tom Harris,TOM HARRIS BARNEVELD,director,BRUNSWICK (BUXTON 1930) LIMITED(THE),00250235,gb,https://opencorporates.com/companies/gb/00250235
Green Party,west-midlands,Tom Harris,TOM HARRIS NILSEN,director,X IT NORWAY LTD,07044871,gb,https://opencorporates.com/companies/gb/07044871
Green Party,west-midlands,Tom Harris,TOM PETER HARRIS,secretary,CLOUDY PIXEL LIMITED,08819006,gb,https://opencorporates.com/companies/gb/08819006
Green Party,west-midlands,Tom Harris,TOM PETER HARRIS,director,TENECA LIMITED,04406789,gb,https://opencorporates.com/companies/gb/04406789
Green Party,west-midlands,Tom Harris,TOM PETER HARRIS,secretary,TAME PIXEL LIMITED,08307671,gb,https://opencorporates.com/companies/gb/08307671
Green Party,west-midlands,Tom Harris,TOM PETER HARRIS,director,TAME PIXEL LIMITED,08307671,gb,https://opencorporates.com/companies/gb/08307671
Green Party,west-midlands,Tom Harris,TOM PETER HARRIS,director,CLOUDY PIXEL LIMITED,08819006,gb,https://opencorporates.com/companies/gb/08819006
Green Party,west-midlands,Raymond Macnaughton Karl,KARL RAYMOND MACNAUGHTON,director,SOLIHULL COMMUNITY HOUSING LIMITED,04462630,gb,https://opencorporates.com/companies/gb/04462630
Green Party,west-midlands,Alistair Kerr Duncan,ALISTAIR DUNCAN KERR,director,ADK ENERGY LIMITED,05729088,gb,https://opencorporates.com/companies/gb/05729088
Green Party,west-midlands,Alistair Kerr Duncan,ALISTAIR DUNCAN KERR,director,ARCHWAY FUNDRAISING SOLUTIONS LIMITED,08134089,gb,https://opencorporates.com/companies/gb/08134089
Green Party,west-midlands,Katherine Vesty Laura,LAURA KATHERINE VESTY,director,ZERO WASTE ENGLAND LTD,08886230,gb,https://opencorporates.com/companies/gb/08886230
Harmony Party,west-midlands,Reg Mahrra,"","","","","",""
Labour Party,west-midlands,Neena Gill,"","","","","",""
Labour Party,west-midlands,Llewelyn Simon Si√¥n,"","","","","",""
Labour Party,west-midlands,Ellen Waltho Lynda,LYNDA ELLEN WALTHO,director,CLEARVU MARKETING LIMITED,07402487,gb,https://opencorporates.com/companies/gb/07402487
Labour Party,west-midlands,Ali Khan Ansar,ANSAR ALI-KHAN,director,786FAITH LTD,04689540,gb,https://opencorporates.com/companies/gb/04689540
Labour Party,west-midlands,May Hamer Olwen,"","","","","",""
Labour Party,west-midlands,Tony Ethapemi,"","","","","",""
Labour Party,west-midlands,Louise Roberts Philippa,PHILIPPA LOUISE ROBERTS,director,BODYTREE UK LIMITED,05863754,gb,https://opencorporates.com/companies/gb/05863754
Labour Party,west-midlands,Louise Roberts Philippa,PHILIPPA LOUISE ROBERTS,director,LOW & BEHOLD LIMITED,05890540,gb,https://opencorporates.com/companies/gb/05890540
Labour Party,west-midlands,Louise Roberts Philippa,PHILIPPA LOUISE ROBERTS,director,BPR GROUP EUROPE LTD.,03961507,gb,https://opencorporates.com/companies/gb/03961507
Labour Party,west-midlands,Louise Roberts Philippa,PHILIPPA LOUISE ROBERTS,secretary,LOW & BEHOLD LIMITED,05890540,gb,https://opencorporates.com/companies/gb/05890540
Labour Party,west-midlands,Louise Roberts Philippa,PHILIPPA LOUISE ROBERTS,director,THREE BAWDALE MANAGEMENT LIMITED,06500054,gb,https://opencorporates.com/companies/gb/06500054
Liberal Democrats,west-midlands,Phil Bennion,"","","","","",""
Liberal Democrats,west-midlands,Jonathan Webber,DAVID JONATHAN WEBBER,director,F WEBBER & SONS LIMITED,07179985,gb,https://opencorporates.com/companies/gb/07179985
Liberal Democrats,west-midlands,Jonathan Webber,DAVID JONATHAN WEBBER,director,F WEBBER & SONS (RETAIL) LIMITED,07169201,gb,https://opencorporates.com/companies/gb/07169201
Liberal Democrats,west-midlands,Jonathan Webber,DAVID JONATHAN WEBBER,director,WEBBERBUS LIMITED,05130334,gb,https://opencorporates.com/companies/gb/05130334
Liberal Democrats,west-midlands,Jonathan Webber,JONATHAN CARL WEBBER,director,WL BUILDERS LIMITED,06556894,gb,https://opencorporates.com/companies/gb/06556894
Liberal Democrats,west-midlands,Jonathan Webber,JONATHAN CHARLES WEBBER,director,C H S W PROMOTIONS LIMITED,02645823,gb,https://opencorporates.com/companies/gb/02645823
Liberal Democrats,west-midlands,Jonathan Webber,JONATHAN CHARLES WEBBER,director,PEDIGREE BOOKS LIMITED,02685389,gb,https://opencorporates.com/companies/gb/02685389
Liberal Democrats,west-midlands,Jonathan Webber,JONATHAN CHARLES WEBBER,director,CHSW BUILD LIMITED,05425819,gb,https://opencorporates.com/companies/gb/05425819
Liberal Democrats,west-midlands,Jonathan Webber,JONATHAN EDWARD WEBBER,director,DART MACHINERY GROUP LIMITED,03239073,gb,https://opencorporates.com/companies/gb/03239073
Liberal Democrats,west-midlands,Jonathan Webber,JONATHAN EDWARD WEBBER,director,WEBLEY (INTERNATIONAL) LIMITED,06199467,gb,https://opencorporates.com/companies/gb/06199467
Liberal Democrats,west-midlands,Jonathan Webber,JONATHAN EDWARD WEBBER,secretary,DART MACHINERY GROUP LIMITED,03239073,gb,https://opencorporates.com/companies/gb/03239073
Liberal Democrats,west-midlands,Jonathan Webber,JONATHAN EDWARD WEBBER,director,CLEARBALLOT LIMITED,02128703,gb,https://opencorporates.com/companies/gb/02128703
Liberal Democrats,west-midlands,Jonathan Webber,JONATHAN EDWARD WEBBER,director,RISING LIMITED,02657640,gb,https://opencorporates.com/companies/gb/02657640
Liberal Democrats,west-midlands,Jonathan Webber,JONATHAN EDWARD WEBBER,director,ORFORD TRUSTEES LIMITED,05195629,gb,https://opencorporates.com/companies/gb/05195629
Liberal Democrats,west-midlands,Jonathan Webber,JONATHAN EDWARD WEBBER,director,ORIENT TATTOO LIMITED,05710314,gb,https://opencorporates.com/companies/gb/05710314
Liberal Democrats,west-midlands,Jonathan Webber,JONATHAN EDWARD WEBBER,director,DART VACUUM LIMITED,04385257,gb,https://opencorporates.com/companies/gb/04385257
Liberal Democrats,west-midlands,Jonathan Webber,JONATHAN EDWARD WEBBER,secretary,DART VACUUM LIMITED,04385257,gb,https://opencorporates.com/companies/gb/04385257
Liberal Democrats,west-midlands,Jonathan Webber,JONATHAN FRANCIS WEBBER,director,J & L WEBBER ENGINEERING LIMITED,06822674,gb,https://opencorporates.com/companies/gb/06822674
Liberal Democrats,west-midlands,Jonathan Webber,JONATHAN FRANCIS WEBBER,director,L W J ENGINEERING LTD,06824116,gb,https://opencorporates.com/companies/gb/06824116
Liberal Democrats,west-midlands,Jonathan Webber,JONATHAN KEITH WEBBER,director,CINTRE COMMUNITY LIMITED,01495257,gb,https://opencorporates.com/companies/gb/01495257
Liberal Democrats,west-midlands,Jonathan Webber,JONATHAN MEIR WEBBER,director,INSTITUTE FOR POLISH-JEWISH STUDIES(THE),01977852,gb,https://opencorporates.com/companies/gb/01977852
Liberal Democrats,west-midlands,Jonathan Webber,JONATHAN MEIR WEBBER,director,GALICIA JEWISH HERITAGE FOUNDATION,05026135,gb,https://opencorporates.com/companies/gb/05026135
Liberal Democrats,west-midlands,Jonathan Webber,JONATHAN MEIR WEBBER,director,MUSEUM OF WORLD RELIGIONS (UK),06992744,gb,https://opencorporates.com/companies/gb/06992744
Liberal Democrats,west-midlands,Jonathan Webber,JONATHAN MEIR WEBBER,director,RUSSELL HOBBS HOLDINGS LIMITED,00114036,gb,https://opencorporates.com/companies/gb/00114036
Liberal Democrats,west-midlands,Jonathan Webber,JONATHAN PAUL WEBBER,director,ABOVE BAR CHURCH,06959469,gb,https://opencorporates.com/companies/gb/06959469
Liberal Democrats,west-midlands,Jonathan Webber,JONATHAN PHILIP MILLWARD WEBBER,director,WEBBER NANDRA PROJECT SOLUTIONS LIMITED,08575024,gb,https://opencorporates.com/companies/gb/08575024
Liberal Democrats,west-midlands,Jonathan Webber,JONATHAN PHILIP WEBBER,director,BAXTER PHILIPS LIMITED,02564298,gb,https://opencorporates.com/companies/gb/02564298
Liberal Democrats,west-midlands,Jonathan Webber,JONATHAN PHILIP WEBBER,secretary,BAXTER PHILIPS LIMITED,02564298,gb,https://opencorporates.com/companies/gb/02564298
Liberal Democrats,west-midlands,Jonathan Webber,JONATHAN RICHARD WEBBER,director,COLLECT AND CONNECT LIMITED,02140381,gb,https://opencorporates.com/companies/gb/02140381
Liberal Democrats,west-midlands,Jonathan Webber,JONATHAN RICHARD WEBBER,secretary,TTI ELECTRICAL LIMITED,02873244,gb,https://opencorporates.com/companies/gb/02873244
Liberal Democrats,west-midlands,Jonathan Webber,JONATHAN RICHARD WEBBER,director,ELECTRICAL EXPORT & MANAGEMENT SERVICES LIMITED,01951074,gb,https://opencorporates.com/companies/gb/01951074
Liberal Democrats,west-midlands,Christine Tinker,CHRISTINE ANNE TINKER,secretary,INTEGRAL GEOTECHNIQUE LIMITED,01751434,gb,https://opencorporates.com/companies/gb/01751434
Liberal Democrats,west-midlands,Christine Tinker,CHRISTINE MARIE TINKER,director,CHRISTINE TINKER LIMITED,08129831,gb,https://opencorporates.com/companies/gb/08129831
Liberal Democrats,west-midlands,Christine Tinker,CHRISTINE MARIE TINKER,director,17 SCOTSDALE CLOSE LIMITED,06613538,gb,https://opencorporates.com/companies/gb/06613538
Liberal Democrats,west-midlands,Christine Tinker,CHRISTINE TINKER,secretary,BRITISH TENNIS COACHES ASSOCIATION LIMITED,04261792,gb,https://opencorporates.com/companies/gb/04261792
Liberal Democrats,west-midlands,Christine Tinker,CHRISTINE TINKER,director,BRITISH TENNIS COACHES ASSOCIATION LIMITED,04261792,gb,https://opencorporates.com/companies/gb/04261792
Liberal Democrats,west-midlands,Ayoub Khan,AMRAN AYOUB KHAN,director,THE FOREST CITY ELECTRIC COMPANY LIMITED,04197273,gb,https://opencorporates.com/companies/gb/04197273
Liberal Democrats,west-midlands,Ayoub Khan,AMRAN AYOUB KHAN,director,THE FOREST CITY SIGNS LIMITED,04197267,gb,https://opencorporates.com/companies/gb/04197267
Liberal Democrats,west-midlands,Ayoub Khan,AMRAN AYOUB KHAN,director,FOREST CITY (PLANT HIRE) LIMITED,04197304,gb,https://opencorporates.com/companies/gb/04197304
Liberal Democrats,west-midlands,Ayoub Khan,AYOUB KHAN,secretary,CLAREHAVEN INTERNATIONAL LIMITED,04943187,gb,https://opencorporates.com/companies/gb/04943187
Liberal Democrats,west-midlands,Ayoub Khan,AYOUB KHAN,director,CLAREHAVEN INTERNATIONAL LIMITED,04943187,gb,https://opencorporates.com/companies/gb/04943187
Liberal Democrats,west-midlands,Ayoub Khan,AYOUB KHAN,director,AYOUB KHAN & COMPANY LAW FIRM LTD,08263329,gb,https://opencorporates.com/companies/gb/08263329
Liberal Democrats,west-midlands,Ayoub Khan,AYOUB KHAN,director,EARTHMILL LIMITED,02722321,gb,https://opencorporates.com/companies/gb/02722321
Liberal Democrats,west-midlands,Ayoub Khan,AYOUB KHAN,director,MASTERCO LIMITED,05142227,gb,https://opencorporates.com/companies/gb/05142227
Liberal Democrats,west-midlands,Ayoub Khan,AYOUB KHAN MOHAMMED,director,MA PASSION CONSULTANCY LIMITED,06906937,gb,https://opencorporates.com/companies/gb/06906937
Liberal Democrats,west-midlands,Ayoub Khan,AYOUB KHAN MOHAMMED,director,MA PASSION CONSULTANCY LIMITED,06906937,gb,https://opencorporates.com/companies/gb/06906937
Liberal Democrats,west-midlands,Ayoub Khan,CHRISTINE ROSEMARY AYOUB-KHAN,secretary,BARN ENTERPRISES LIMITED,02376158,gb,https://opencorporates.com/companies/gb/02376158
Liberal Democrats,west-midlands,Ayoub Khan,CHRISTINE ROSEMARY AYOUB-KHAN,director,BARN ENTERPRISES LIMITED,02376158,gb,https://opencorporates.com/companies/gb/02376158
Liberal Democrats,west-midlands,Ayoub Khan,EDMOND MALKAM AYOUB-KHAN,director,DENESIDE DEVELOPMENTS LIMITED,02615298,gb,https://opencorporates.com/companies/gb/02615298
Liberal Democrats,west-midlands,Ayoub Khan,EDMOND MALKAM AYOUB-KHAN,director,BARN ENTERPRISES LIMITED,02376158,gb,https://opencorporates.com/companies/gb/02376158
Liberal Democrats,west-midlands,Ayoub Khan,KAMRAN AYOUB KHAN,director,GLOBAL TECHNOLOGIES (UK) LIMITED,02985564,gb,https://opencorporates.com/companies/gb/02985564
Liberal Democrats,west-midlands,Ayoub Khan,KAMRAN AYOUB KHAN,director,MILQUIP LIMITED,03720293,gb,https://opencorporates.com/companies/gb/03720293
Liberal Democrats,west-midlands,Ayoub Khan,KAMRAN AYOUB KHAN,director,GLOBAL TECHNOLOGIES (UK) LIMITED,05721433,gb,https://opencorporates.com/companies/gb/05721433
Liberal Democrats,west-midlands,Ayoub Khan,KAMRAN AYOUB KHAN,director,SURENAMES INTERNET SOLUTIONS LIMITED,04099403,gb,https://opencorporates.com/companies/gb/04099403
Liberal Democrats,west-midlands,Ayoub Khan,MOHAMMED AYOUB KHAN,director,ASTON KNIGHT SOLICITORS LIMITED,07836491,gb,https://opencorporates.com/companies/gb/07836491
Liberal Democrats,west-midlands,Ayoub Khan,MOHAMMED AYOUB KHAN,secretary,BLAKEWATER SOLICITORS LTD,05930912,gb,https://opencorporates.com/companies/gb/05930912
Liberal Democrats,west-midlands,Ayoub Khan,MOHAMMED AYOUB KHAN,director,BLAKEWATER SOLICITORS LTD,05930912,gb,https://opencorporates.com/companies/gb/05930912
Liberal Democrats,west-midlands,Ayoub Khan,MOHAMMED AYOUB KHAN,director,ASTON KNIGHT SOLICITORS LIMITED,07836491,gb,https://opencorporates.com/companies/gb/07836491
Liberal Democrats,west-midlands,Ayoub Khan,MUHAMMAD AYOUB KHAN,director,MR.MOVER(UK) LTD,07515357,gb,https://opencorporates.com/companies/gb/07515357
Liberal Democrats,west-midlands,Ayoub Khan,NAVEED AYOUB KHAN,director,RAY TELECOMS LTD,07369448,gb,https://opencorporates.com/companies/gb/07369448
Liberal Democrats,west-midlands,Tim Bearder,"","","","","",""
Liberal Democrats,west-midlands,Neville Farmer,NEVILLE MACKENZIE FARMER,secretary,RADIO ABBEY ROAD LIMITED,03926887,gb,https://opencorporates.com/companies/gb/03926887
Liberal Democrats,west-midlands,Neville Farmer,NEVILLE MACKENZIE FARMER,secretary,DIGITAL VERSATILE CODE SYSTEMS LIMITED,04069946,gb,https://opencorporates.com/companies/gb/04069946
Liberal Democrats,west-midlands,Neville Farmer,NEVILLE MACKENZIE FARMER,director,DIGITAL VERSATILE CODE SYSTEMS LIMITED,04069946,gb,https://opencorporates.com/companies/gb/04069946
Liberal Democrats,west-midlands,Neville Farmer,NEVILLE MACKENZIE FARMER,director,TECH-TECT LIMITED,06692124,gb,https://opencorporates.com/companies/gb/06692124
Liberal Democrats,west-midlands,Neville Farmer,NEVILLE MACKENZIE FARMER,director,VINCI MEDIA LIMITED,05411515,gb,https://opencorporates.com/companies/gb/05411515
Liberal Democrats,west-midlands,John Redfern,ALAN JOHN REDFERN,director,BRACKLA COMMUNITY DEVELOPMENT LTD,07543876,gb,https://opencorporates.com/companies/gb/07543876
Liberal Democrats,west-midlands,John Redfern,ALAN JOHN REDFERN,secretary,BRACKLA COMMUNITY DEVELOPMENT LTD,07543876,gb,https://opencorporates.com/companies/gb/07543876
Liberal Democrats,west-midlands,John Redfern,ALASTAIR LLEWELLYN JOHN REDFERN,director,CHRISTIAN AID,05171525,gb,https://opencorporates.com/companies/gb/05171525
Liberal Democrats,west-midlands,John Redfern,ALASTAIR LLEWELLYN JOHN REDFERN,director,DERBY DIOCESAN BOARD OF EDUCATION,00463908,gb,https://opencorporates.com/companies/gb/00463908
Liberal Democrats,west-midlands,John Redfern,ALASTAIR LLEWELLYN JOHN REDFERN,director,BRISTOL CATHEDRAL ENTERPRISES LIMITED,02579801,gb,https://opencorporates.com/companies/gb/02579801
Liberal Democrats,west-midlands,John Redfern,ALASTAIR LLEWELLYN JOHN REDFERN,director,DERBY DIOCESAN BOARD OF FINANCE LIMITED(THE),00229700,gb,https://opencorporates.com/companies/gb/00229700
Liberal Democrats,west-midlands,John Redfern,ALASTAIR LLEWELLYN JOHN REDFERN,director,THE MULTI-FAITH CENTRE AT THE UNIVERSITY OF DERBY,03952377,gb,https://opencorporates.com/companies/gb/03952377
Liberal Democrats,west-midlands,John Redfern,ANDREW JOHN REDFERN,director,NOTTINGHAM HELP THE HOMELESS ASSOCIATION LIMITED,00996476,gb,https://opencorporates.com/companies/gb/00996476
Liberal Democrats,west-midlands,John Redfern,ANDREW JOHN REDFERN,director,STREET DRINKING NETWORK,03169828,gb,https://opencorporates.com/companies/gb/03169828
Liberal Democrats,west-midlands,John Redfern,ANTHONY JOHN REDFERN,director,HANDS MEDWAY VOLUNTEER BUREAU,04474905,gb,https://opencorporates.com/companies/gb/04474905
Liberal Democrats,west-midlands,John Redfern,ANTHONY JOHN REDFERN,director,REDFERN SOLUTIONS LIMITED,07158873,gb,https://opencorporates.com/companies/gb/07158873
Liberal Democrats,west-midlands,John Redfern,ANTHONY JOHN VERNON REDFERN,secretary,HOLME VALLEY SPORTS LIMITED,05745889,gb,https://opencorporates.com/companies/gb/05745889
Liberal Democrats,west-midlands,John Redfern,ANTHONY JOHN VERNON REDFERN,secretary,HOLME VALLEY SPORTS LIMITED,05745889,gb,https://opencorporates.com/companies/gb/05745889
Liberal Democrats,west-midlands,John Redfern,ANTHONY JOHN VERNON REDFERN,director,HOLME VALLEY SPORTS LIMITED,05745889,gb,https://opencorporates.com/companies/gb/05745889
Liberal Democrats,west-midlands,John Redfern,ANTHONY JOHN VERNON REDFERN,director,HOLME VALLEY SPORTS LIMITED,05745889,gb,https://opencorporates.com/companies/gb/05745889
Liberal Democrats,west-midlands,John Redfern,ARTHUR JOHN REDFERN,secretary,RAINSFORD ROAD MANAGEMENT COMPANY LIMITED,02311521,gb,https://opencorporates.com/companies/gb/02311521
Liberal Democrats,west-midlands,John Redfern,ARTHUR JOHN REDFERN,director,RAINSFORD ROAD MANAGEMENT COMPANY LIMITED,02311521,gb,https://opencorporates.com/companies/gb/02311521
Liberal Democrats,west-midlands,John Redfern,CHARLES JOHN PHILIPPE REDFERN,director,GREEN ASSET MANAGEMENT LIMITED,07619142,gb,https://opencorporates.com/companies/gb/07619142
Liberal Democrats,west-midlands,John Redfern,CHARLES JOHN PHILIPPE REDFERN,secretary,PATHFAR LIMITED,01829858,gb,https://opencorporates.com/companies/gb/01829858
Liberal Democrats,west-midlands,John Redfern,CHARLES JOHN PHILIPPE REDFERN,secretary,PATHFAR LIMITED,01829858,gb,https://opencorporates.com/companies/gb/01829858
Liberal Democrats,west-midlands,John Redfern,CHARLES JOHN PHILIPPE REDFERN,secretary,SDF DISTRIBUTION LIMITED,02896447,gb,https://opencorporates.com/companies/gb/02896447
Liberal Democrats,west-midlands,John Redfern,CHARLES JOHN PHILIPPE REDFERN,director,PATHFAR LIMITED,01829858,gb,https://opencorporates.com/companies/gb/01829858
Liberal Democrats,west-midlands,John Redfern,CHARLES JOHN PHILIPPE REDFERN,director,ORGANICO REALFOODS LIMITED,02610753,gb,https://opencorporates.com/companies/gb/02610753
Liberal Democrats,west-midlands,John Redfern,CHARLES JOHN PHILIPPE REDFERN,secretary,ORGANICO REALFOODS LIMITED,02610753,gb,https://opencorporates.com/companies/gb/02610753
Liberal Democrats,west-midlands,John Redfern,CHARLES JOHN PHILIPPE REDFERN,director,ORGANICO (UK) LIMITED,03634982,gb,https://opencorporates.com/companies/gb/03634982
Liberal Democrats,west-midlands,John Redfern,CHRISTOPHER HARRY JOHN REDFERN,director,REDREEF LIMITED,01688128,gb,https://opencorporates.com/companies/gb/01688128
Liberal Democrats,west-midlands,John Redfern,CHRISTOPHER JOHN REDFERN,director,CROSSCO (310) LIMITED,03475520,gb,https://opencorporates.com/companies/gb/03475520
Liberal Democrats,west-midlands,John Redfern,CHRISTOPHER JOHN REDFERN,director,CROSSCO (310) LIMITED,03475520,gb,https://opencorporates.com/companies/gb/03475520
Liberal Democrats,west-midlands,John Redfern,CHRISTOPHER JOHN REDFERN,director,SUNSHINE REALISATIONS LIMITED,03367115,gb,https://opencorporates.com/companies/gb/03367115
Liberal Democrats,west-midlands,John Redfern,CHRISTOPHER JOHN REDFERN,director,CROSSCO (519) LIMITED,04109930,gb,https://opencorporates.com/companies/gb/04109930
NO2EU,west-midlands,Dave Nellist,"","","","","",""
NO2EU,west-midlands,Pat Collins,PAT COLLINS,secretary,CATALYST-PARTNERSHIP LTD,04188772,gb,https://opencorporates.com/companies/gb/04188772
NO2EU,west-midlands,Pat Collins,PAT COLLINS,secretary,COMBE RISE MANAGEMENT COMPANY LIMITED,01525007,gb,https://opencorporates.com/companies/gb/01525007
NO2EU,west-midlands,Pat Collins,PAT COLLINS,secretary,YELLO ARCH ELEVEN LIMITED,04578445,gb,https://opencorporates.com/companies/gb/04578445
NO2EU,west-midlands,Pat Collins,PAT COLLINS,secretary,YELLO BAR LIMITED,04276643,gb,https://opencorporates.com/companies/gb/04276643
NO2EU,west-midlands,Pat Collins,PAT COLLINS,director,FIREBIRD PRODUCTS LTD.,FC021828,gb,https://opencorporates.com/companies/gb/FC021828
NO2EU,west-midlands,Pat Collins,PAT COLLINS,director,CUMAR BAILE MHIC IRE TEORANTA,FC023037,gb,https://opencorporates.com/companies/gb/FC023037
NO2EU,west-midlands,Joanne Stevenson,CLARA JOANNE STEVENSON,director,SMITH TOLLGATE LIMITED,03258490,gb,https://opencorporates.com/companies/gb/03258490
NO2EU,west-midlands,Joanne Stevenson,JOANNE CLAIRE STEVENSON,director,ISLAND WATER SERVICES (CS) LIMITED,07157123,gb,https://opencorporates.com/companies/gb/07157123
NO2EU,west-midlands,Joanne Stevenson,JOANNE ELIZABETH STEVENSON,director,FLINTSTREAM RESIDENTS ASSOCIATION LIMITED,01748932,gb,https://opencorporates.com/companies/gb/01748932
NO2EU,west-midlands,Joanne Stevenson,JOANNE KATE STEVENSON,director,FLYING SPARKS ELECTRICAL CONRACTORS LIMITED,07465309,gb,https://opencorporates.com/companies/gb/07465309
NO2EU,west-midlands,Joanne Stevenson,JOANNE LOUISE STEVENSON,secretary,JWS PROMOTIONS & SERVICES LIMITED,04553949,gb,https://opencorporates.com/companies/gb/04553949
NO2EU,west-midlands,Joanne Stevenson,JOANNE STEVENSON,secretary,TANTARA SERVICES LIMITED,03477374,gb,https://opencorporates.com/companies/gb/03477374
NO2EU,west-midlands,Joanne Stevenson,JOANNE STEVENSON,secretary,MACSUBCO SEVENTY FOUR LIMITED,SC225955,gb,https://opencorporates.com/companies/gb/SC225955
NO2EU,west-midlands,Joanne Stevenson,JOANNE STEVENSON,secretary,JJC DEVELOPMENTS LTD,05192960,gb,https://opencorporates.com/companies/gb/05192960
NO2EU,west-midlands,Joanne Stevenson,JOANNE STEVENSON,secretary,ALL-STAR CAFE LIMITED,NI038107,gb,https://opencorporates.com/companies/gb/NI038107
NO2EU,west-midlands,Joanne Stevenson,JOANNE STEVENSON,secretary,SPORTING REVOLUTION LIMITED,05696214,gb,https://opencorporates.com/companies/gb/05696214
NO2EU,west-midlands,Joanne Stevenson,JOANNE STEVENSON,secretary,FOREST OAK LTD,NI064929,gb,https://opencorporates.com/companies/gb/NI064929
NO2EU,west-midlands,Joanne Stevenson,JOANNE STEVENSON,llp designated member,GWM SERVICES LLP,NC000087,gb,https://opencorporates.com/companies/gb/NC000087
NO2EU,west-midlands,Joanne Stevenson,JOANNE STEVENSON,secretary,LOTHIAN SHELF (297) LIMITED,SC286871,gb,https://opencorporates.com/companies/gb/SC286871
NO2EU,west-midlands,Joanne Stevenson,JOANNE STEVENSON,llp designated member,EDEN SANDWICH BAR LLP,OC315933,gb,https://opencorporates.com/companies/gb/OC315933
NO2EU,west-midlands,Joanne Stevenson,JOANNE STEVENSON,secretary,SC200961 LIMITED,SC200961,gb,https://opencorporates.com/companies/gb/SC200961
NO2EU,west-midlands,Joanne Stevenson,JOANNE STEVENSON,director,IJS PARTNERS LTD,08000634,gb,https://opencorporates.com/companies/gb/08000634
NO2EU,west-midlands,Joanne Stevenson,JOANNE STEVENSON,director,QFIVE4 LIMITED,07700420,gb,https://opencorporates.com/companies/gb/07700420
NO2EU,west-midlands,Joanne Stevenson,JOANNE STEVENSON,director,LIFE BUSINESS LIMITED,05011799,gb,https://opencorporates.com/companies/gb/05011799
NO2EU,west-midlands,Joanne Stevenson,JOANNE STEVENSON,director,LIFE BUSINESS LIMITED,05011799,gb,https://opencorporates.com/companies/gb/05011799
NO2EU,west-midlands,Joanne Stevenson,JOANNE STEVENSON,director,LEFTSPACE LTD,06617088,gb,https://opencorporates.com/companies/gb/06617088
NO2EU,west-midlands,Joanne Stevenson,JOANNE STEVENSON,secretary,JOHN WALSH CONSULTANCY LIMITED,NI025048,gb,https://opencorporates.com/companies/gb/NI025048
NO2EU,west-midlands,Joanne Stevenson,JOANNE STEVENSON,director,ALL-STAR CAFE LIMITED,NI038107,gb,https://opencorporates.com/companies/gb/NI038107
NO2EU,west-midlands,Joanne Stevenson,JOANNE STEVENSON,secretary,VALUEMETAL LIMITED,03471902,gb,https://opencorporates.com/companies/gb/03471902
NO2EU,west-midlands,Joanne Stevenson,JOANNE STEVENSON,secretary,THRONE HOME ENTERTAINMENT LTD,NI042181,gb,https://opencorporates.com/companies/gb/NI042181
NO2EU,west-midlands,Joanne Stevenson,JOANNE STEVENSON,secretary,WINDRIDGE LIMITED,NI045953,gb,https://opencorporates.com/companies/gb/NI045953
NO2EU,west-midlands,Joanne Stevenson,JOANNE STEVENSON,director,WINDRIDGE LIMITED,NI045953,gb,https://opencorporates.com/companies/gb/NI045953
NO2EU,west-midlands,Joanne Stevenson,JOANNE STEVENSON,secretary,MEADOWVALE INVESTMENTS LIMITED,NI061931,gb,https://opencorporates.com/companies/gb/NI061931
NO2EU,west-midlands,Joanne Stevenson,JOANNE STEVENSON,director,JJC DEVELOPMENTS LTD,05192960,gb,https://opencorporates.com/companies/gb/05192960
NO2EU,west-midlands,Joanne Stevenson,JOANNE STEVENSON,secretary,MACNEWCO SEVENTY FOUR LIMITED,SC225709,gb,https://opencorporates.com/companies/gb/SC225709
NO2EU,west-midlands,Joanne Stevenson,JOANNE STEVENSON,secretary,GWM JOHNSTONE LIMITED,SC285398,gb,https://opencorporates.com/companies/gb/SC285398
NO2EU,west-midlands,Sophia Hussain,SOPHIA AMBREEN HUSSAIN,director,SLIM FIT COMMUNITY INTEREST COMPANY,06800525,gb,https://opencorporates.com/companies/gb/06800525
NO2EU,west-midlands,Sophia Hussain,SOPHIA BANO HUSSAIN,secretary,TOTAL TRADERS UK LIMITED,05275758,gb,https://opencorporates.com/companies/gb/05275758
NO2EU,west-midlands,Sophia Hussain,SOPHIA BANO HUSSAIN,secretary,ROCKSOLID UK LIMITED,05933819,gb,https://opencorporates.com/companies/gb/05933819
NO2EU,west-midlands,Sophia Hussain,SOPHIA HUSSAIN,secretary,JALON LIMITED,02620882,gb,https://opencorporates.com/companies/gb/02620882
NO2EU,west-midlands,Sophia Hussain,SOPHIA HUSSAIN,director,FAISAL TRUST LTD,05627493,gb,https://opencorporates.com/companies/gb/05627493
NO2EU,west-midlands,Sophia Hussain,SOPHIA HUSSAIN,director,POWERACE SYSTEMS LIMITED,06285952,gb,https://opencorporates.com/companies/gb/06285952
NO2EU,west-midlands,Sophia Hussain,SOPHIA HUSSAIN,director,CXC SOCIAL 3 LTD,05901939,gb,https://opencorporates.com/companies/gb/05901939
NO2EU,west-midlands,Sophia Hussain,SOPHIA TANG HUSSAIN,llp designated member,CHOI'S RESTAURANT LLP,OC307599,gb,https://opencorporates.com/companies/gb/OC307599
NO2EU,west-midlands,Sophia Hussain,SOPHIA ZARA HUSSAIN,director,DINE & DELIVERY LTD,06910124,gb,https://opencorporates.com/companies/gb/06910124
NO2EU,west-midlands,Edward Reilly Paul,PAUL EDWARD REILLY,secretary,PRS COURIER WORLDWIDE LTD,02337462,gb,https://opencorporates.com/companies/gb/02337462
NO2EU,west-midlands,Edward Reilly Paul,PAUL EDWARD REILLY,director,PRS COURIER WORLDWIDE LTD,02337462,gb,https://opencorporates.com/companies/gb/02337462
NO2EU,west-midlands,Mark Chaffer Andrew,ANDREW MARK CHAFFER,director,POLLYMILL LIMITED,03896919,gb,https://opencorporates.com/companies/gb/03896919
NO2EU,west-midlands,Jane Marfleet Amanda,"","","","","",""
UK Independence Party (UKIP),west-midlands,Jill Seymour,"","","","","",""
UK Independence Party (UKIP),west-midlands,Jim Carver,"","","","","",""
UK Independence Party (UKIP),west-midlands,Bill Etheridge,"","","","","",""
UK Independence Party (UKIP),west-midlands,Phil Henrick,"","","","","",""
UK Independence Party (UKIP),west-midlands,William Wrench Michael James,"","","","","",""
UK Independence Party (UKIP),west-midlands,Gary Green Michael,GARY MICHAEL GREEN,director,EAST OF ENGLAND REGIONAL CONTROL CENTRE LIMITED,06556946,gb,https://opencorporates.com/companies/gb/06556946
UK Independence Party (UKIP),west-midlands,Gary Green Michael,GARY MICHAEL GREEN,director,CHURCH'S BLINDS LIMITED,05067158,gb,https://opencorporates.com/companies/gb/05067158
UK Independence Party (UKIP),west-midlands,Gary Green Michael,GARY MICHAEL GREEN,director,BRIDGEWATER MANUFACTURING LIMITED,06559724,gb,https://opencorporates.com/companies/gb/06559724
UK Independence Party (UKIP),west-midlands,Gary Green Michael,GARY MICHAEL GREEN,director,BRIDGEWATER BLINDS LIMITED,05026184,gb,https://opencorporates.com/companies/gb/05026184
UK Independence Party (UKIP),west-midlands,Gary Green Michael,MICHAEL GARY GREEN,director,SECTOR SCHEME SERVICES LIMITED,07130736,gb,https://opencorporates.com/companies/gb/07130736
UK Independence Party (UKIP),west-midlands,Gary Green Michael,MICHAEL GARY GREEN,secretary,MARKSMAN CORPORATE SERVICES LIMITED,05669846,gb,https://opencorporates.com/companies/gb/05669846
UK Independence Party (UKIP),west-midlands,Gary Green Michael,MICHAEL GARY GREEN,director,MARKSMAN CORPORATE SERVICES LIMITED,05669846,gb,https://opencorporates.com/companies/gb/05669846
UK Independence Party (UKIP),west-midlands,Gary Green Michael,MICHAEL GARY GREEN,director,BOAST PLUMBING SUPPLIES LIMITED,01252537,gb,https://opencorporates.com/companies/gb/01252537
UK Independence Party (UKIP),west-midlands,Lyndon Jones,ANTHONY LYNDON JONES,secretary,EQUINE DENTAL SUPPLIES LIMITED,04967707,gb,https://opencorporates.com/companies/gb/04967707
UK Independence Party (UKIP),west-midlands,Lyndon Jones,ANTHONY LYNDON JONES,director,LEGGARD LIMITED,03002787,gb,https://opencorporates.com/companies/gb/03002787
UK Independence Party (UKIP),west-midlands,Lyndon Jones,ANTHONY LYNDON JONES,director,POPLARS BARN WOODFLAKES LIMITED,03679402,gb,https://opencorporates.com/companies/gb/03679402
UK Independence Party (UKIP),west-midlands,Lyndon Jones,BARRY LYNDON JONES,director,AMERICAN THEME EVENTS LIMITED,03022423,gb,https://opencorporates.com/companies/gb/03022423
UK Independence Party (UKIP),west-midlands,Lyndon Jones,BARRY LYNDON JONES,director,PARTY PACKAGES LIMITED,04296046,gb,https://opencorporates.com/companies/gb/04296046
UK Independence Party (UKIP),west-midlands,Lyndon Jones,BARRY LYNDON JONES,director,BARN DANCE WEDDINGS LIMITED,02764095,gb,https://opencorporates.com/companies/gb/02764095
UK Independence Party (UKIP),west-midlands,Lyndon Jones,BARRY LYNDON JONES,secretary,FOLK ENTERTAINMENTS LIMITED,02469335,gb,https://opencorporates.com/companies/gb/02469335
UK Independence Party (UKIP),west-midlands,Lyndon Jones,BARRY LYNDON JONES,director,FOLK ENTERTAINMENTS LIMITED,02469335,gb,https://opencorporates.com/companies/gb/02469335
UK Independence Party (UKIP),west-midlands,Lyndon Jones,BARRY LYNDON JONES,director,BARN DANCE & LINE DANCE AGENCY LIMITED,01779528,gb,https://opencorporates.com/companies/gb/01779528
UK Independence Party (UKIP),west-midlands,Lyndon Jones,BARRY LYNDON JONES,director,PERFECT DAY THEMED EVENTS LIMITED,03504308,gb,https://opencorporates.com/companies/gb/03504308
UK Independence Party (UKIP),west-midlands,Lyndon Jones,BRIAN LYNDON JONES,director,F H JONES & SONS (ELECTRICAL) LIMITED,04695048,gb,https://opencorporates.com/companies/gb/04695048
UK Independence Party (UKIP),west-midlands,Lyndon Jones,CLIVE LYNDON RHYS JONES,director,BLUE HILLS MANAGEMENT LIMITED,06446847,gb,https://opencorporates.com/companies/gb/06446847
UK Independence Party (UKIP),west-midlands,Lyndon Jones,DAVID LYNDON JONES,director,HAZELCAR LIMITED,06624265,gb,https://opencorporates.com/companies/gb/06624265
UK Independence Party (UKIP),west-midlands,Lyndon Jones,DAVID LYNDON JONES,director,INTER-ALLIANCE TRUSTEES LIMITED,03428140,gb,https://opencorporates.com/companies/gb/03428140
UK Independence Party (UKIP),west-midlands,Lyndon Jones,DAVID LYNDON JONES,director,BURKE FORD TRUSTEES (LEICESTER) LIMITED,01740318,gb,https://opencorporates.com/companies/gb/01740318
UK Independence Party (UKIP),west-midlands,Lyndon Jones,DAVID LYNDON JONES,director,I.P.M.SIPP LIMITED,03173815,gb,https://opencorporates.com/companies/gb/03173815
UK Independence Party (UKIP),west-midlands,Lyndon Jones,DAVID LYNDON JONES,director,JLT PENSION TRUSTEES LIMITED,01964902,gb,https://opencorporates.com/companies/gb/01964902
UK Independence Party (UKIP),west-midlands,Lyndon Jones,DAVID LYNDON JONES,secretary,THE SPEAKER'S STUDIO LIMITED,04877560,gb,https://opencorporates.com/companies/gb/04877560
UK Independence Party (UKIP),west-midlands,Lyndon Jones,DAVID LYNDON JONES,director,THE SPEAKER'S STUDIO LIMITED,04877560,gb,https://opencorporates.com/companies/gb/04877560
UK Independence Party (UKIP),west-midlands,Lyndon Jones,DAVID LYNDON JONES,director,CHASE DE VERE TRUSTEES LIMITED,01473453,gb,https://opencorporates.com/companies/gb/01473453
UK Independence Party (UKIP),west-midlands,Lyndon Jones,DAVID LYNDON JONES,director,JLT TRUSTEES (SOUTHERN) LIMITED,02886962,gb,https://opencorporates.com/companies/gb/02886962
UK Independence Party (UKIP),west-midlands,Lyndon Jones,DAVID LYNDON JONES,director,STRATACT CONSULTING LIMITED,05506751,gb,https://opencorporates.com/companies/gb/05506751
UK Independence Party (UKIP),west-midlands,Lyndon Jones,DAVID LYNDON JONES,director,PERSONAL PENSION TRUSTEES LIMITED,01782357,gb,https://opencorporates.com/companies/gb/01782357
UK Independence Party (UKIP),west-midlands,Lyndon Jones,DAVID LYNDON JONES,director,JLT UK INVESTMENT HOLDINGS LIMITED,03956316,gb,https://opencorporates.com/companies/gb/03956316
UK Independence Party (UKIP),west-midlands,Lyndon Jones,DAVID LYNDON JONES,director,POINTON GROUP LIMITED,01483374,gb,https://opencorporates.com/companies/gb/01483374
UK Independence Party (UKIP),west-midlands,Lyndon Jones,DAVID LYNDON JONES,director,JLT EB HOLDINGS LIMITED,00115332,gb,https://opencorporates.com/companies/gb/00115332
UK Independence Party (UKIP),west-midlands,Lyndon Jones,DAVID LYNDON JONES,director,PENSIONS REALISATIONS LIMITED,01000699,gb,https://opencorporates.com/companies/gb/01000699
UK Independence Party (UKIP),west-midlands,Lyndon Jones,DAVID LYNDON JONES,director,EXPACARE LIMITED,01524095,gb,https://opencorporates.com/companies/gb/01524095
UK Independence Party (UKIP),west-midlands,Lyndon Jones,DAVID LYNDON JONES,director,CAVENDISH PENSION TRUSTEES LIMITED,03565910,gb,https://opencorporates.com/companies/gb/03565910
UK Independence Party (UKIP),west-midlands,Lyndon Jones,DAVID LYNDON JONES,director,PYV LIMITED,00979259,gb,https://opencorporates.com/companies/gb/00979259
We Demand A Referendum Now,west-midlands,Nikki Sinclaire,"","","","","",""
We Demand A Referendum Now,west-midlands,Andy Adris,"","","","","",""
We Demand A Referendum Now,west-midlands,Rosemary Brown Linda,ROSEMARY LINDA BROWN,llp designated member,KB2 CONSULTING CIVIL AND STRUCTURAL ENGINEERS LLP,OC327114,gb,https://opencorporates.com/companies/gb/OC327114
We Demand A Referendum Now,west-midlands,Anthony Bennett David,ANTHONY DAVID BENNETT,director,ADS METERING TECHNOLOGY LIMITED,04067680,gb,https://opencorporates.com/companies/gb/04067680
We Demand A Referendum Now,west-midlands,Anthony Bennett David,ANTHONY DAVID BENNETT,director,BECO ENERGY LIMITED,07545294,gb,https://opencorporates.com/companies/gb/07545294
We Demand A Referendum Now,west-midlands,Anthony Bennett David,ANTHONY DAVID BENNETT,director,A BENNETT ELECTRICAL CONTRACTORS LIMITED,07205308,gb,https://opencorporates.com/companies/gb/07205308
We Demand A Referendum Now,west-midlands,Anthony Bennett David,ANTHONY DAVID BRANDLING-BENNETT,director,IVCC,06719882,gb,https://opencorporates.com/companies/gb/06719882
We Demand A Referendum Now,west-midlands,Anthony Bennett David,ANTHONY DAVID BRIAN BENNETT,director,JUSTIN RESIDENTS ASSOCIATION LIMITED,01272100,gb,https://opencorporates.com/companies/gb/01272100
We Demand A Referendum Now,west-midlands,Anthony Bennett David,ANTHONY DAVID JOHN BENNETT,director,MITIE CATERING SERVICES (LONDON) LIMITED,04957227,gb,https://opencorporates.com/companies/gb/04957227
We Demand A Referendum Now,west-midlands,Anthony Bennett David,ANTHONY DAVID JOHN BENNETT,director,BENNETT HAY LIMITED,07087040,gb,https://opencorporates.com/companies/gb/07087040
We Demand A Referendum Now,west-midlands,Anthony Bennett David,ANTHONY DAVID ROYSTON BENNETT,director,THE OLD SCHOOL HOUSE RESIDENTS LIMITED,02843877,gb,https://opencorporates.com/companies/gb/02843877
We Demand A Referendum Now,west-midlands,Anthony Bennett David,ANTHONY DAVID ROYSTON BENNETT,director,LAN DATA SYSTEMS UK LIMITED,04194605,gb,https://opencorporates.com/companies/gb/04194605
We Demand A Referendum Now,west-midlands,Anthony Bennett David,DAVID ANTHONY BENNETT,director,DAB SUPPLIES LIMITED,08321133,gb,https://opencorporates.com/companies/gb/08321133
We Demand A Referendum Now,west-midlands,Anthony Bennett David,DAVID ANTHONY BENNETT,director,D A BENNETT LTD,07710306,gb,https://opencorporates.com/companies/gb/07710306
We Demand A Referendum Now,west-midlands,Anthony Bennett David,DAVID ANTHONY BENNETT,director,PALOMA BEACH T2.59 LIMITED,02078063,gb,https://opencorporates.com/companies/gb/02078063
We Demand A Referendum Now,west-midlands,Anthony Bennett David,DAVID ANTHONY BENNETT,director,CARGILL PENSION TRUSTEES LIMITED,01637038,gb,https://opencorporates.com/companies/gb/01637038
We Demand A Referendum Now,west-midlands,Anthony Bennett David,DAVID ANTHONY BENNETT,secretary,CHAPEL FARM BARNS RESIDENTS ASSOCIATION LIMITED,02496208,gb,https://opencorporates.com/companies/gb/02496208
We Demand A Referendum Now,west-midlands,Anthony Bennett David,DAVID ANTHONY BENNETT,director,CHAPEL FARM BARNS RESIDENTS ASSOCIATION LIMITED,02496208,gb,https://opencorporates.com/companies/gb/02496208
We Demand A Referendum Now,west-midlands,Anthony Bennett David,DAVID ANTHONY BENNETT,director,BENNETTS FAMILY BAKERS LIMITED,01346824,gb,https://opencorporates.com/companies/gb/01346824
We Demand A Referendum Now,west-midlands,Anthony Bennett David,DAVID ANTHONY BENNETT,director,APCIMS LIMITED,02877876,gb,https://opencorporates.com/companies/gb/02877876
We Demand A Referendum Now,west-midlands,Anthony Bennett David,DAVID ANTHONY BENNETT,director,ASSOCIATION OF PROFESSIONAL POLITICAL CONSULTANTS,02966505,gb,https://opencorporates.com/companies/gb/02966505
We Demand A Referendum Now,west-midlands,Anthony Bennett David,DAVID ANTHONY BENNETT,director,CLEAR VISION DIRECT LIMITED,05387121,gb,https://opencorporates.com/companies/gb/05387121
We Demand A Referendum Now,west-midlands,Anthony Bennett David,DAVID ANTHONY BENNETT,director,GREAT NORTH PROPERTIES LIMITED,03290780,gb,https://opencorporates.com/companies/gb/03290780
We Demand A Referendum Now,west-midlands,Anthony Bennett David,DAVID ANTHONY BENNETT,director,FLIGHTDECK TECHNOLOGY LIMITED,03249676,gb,https://opencorporates.com/companies/gb/03249676
We Demand A Referendum Now,west-midlands,Anthony Bennett David,DAVID ANTHONY BENNETT,director,WEALTH MANAGEMENT ASSOCIATION,02991400,gb,https://opencorporates.com/companies/gb/02991400
We Demand A Referendum Now,west-midlands,Anthony Bennett David,DAVID ANTHONY BENNETT,secretary,HYVA (U.K.) LIMITED,01660167,gb,https://opencorporates.com/companies/gb/01660167
We Demand A Referendum Now,west-midlands,Anthony Bennett David,DAVID ANTHONY BENNETT,secretary,EUROPE ANALYTICA LIMITED,03857639,gb,https://opencorporates.com/companies/gb/03857639
We Demand A Referendum Now,west-midlands,Anthony Bennett David,DAVID ANTHONY BENNETT,director,EUROPE ANALYTICA LIMITED,03857639,gb,https://opencorporates.com/companies/gb/03857639
We Demand A Referendum Now,west-midlands,Anthony Bennett David,DAVID ANTHONY BENNETT,director,WHITLEY BAY ROCKCLIFF RUGBY FOOTBALL CLUB LIMITED,07013974,gb,https://opencorporates.com/companies/gb/07013974
We Demand A Referendum Now,west-midlands,Anthony Bennett David,DAVID ANTHONY BENNETT,director,CONTICK LIMITED,02320118,gb,https://opencorporates.com/companies/gb/02320118
We Demand A Referendum Now,west-midlands,Anthony Bennett David,DAVID ANTHONY BENNETT,director,ARMADILLO MACHINERY LIMITED,03815231,gb,https://opencorporates.com/companies/gb/03815231
We Demand A Referendum Now,west-midlands,Anthony Bennett David,DAVID ANTHONY BENNETT,secretary,PALOMA BEACH T2.59 LIMITED,02078063,gb,https://opencorporates.com/companies/gb/02078063
We Demand A Referendum Now,west-midlands,Anthony Bennett David,DAVID ANTHONY BENNETT,director,PALOMA BEACH T2.59 LIMITED,02078063,gb,https://opencorporates.com/companies/gb/02078063
We Demand A Referendum Now,west-midlands,Patricia Smart Judy,"","","","","",""
We Demand A Referendum Now,west-midlands,Michael Reid Thomas,MICHAEL DUNCAN REID-THOMAS,director,"DAVIDSON, ROBERTSON & COMPANY",SC065538,gb,https://opencorporates.com/companies/gb/SC065538
We Demand A Referendum Now,west-midlands,Michael Reid Thomas,MICHAEL DUNCAN REID-THOMAS,director,R.T.PROJECTS (CURRIE) LIMITED,SC064040,gb,https://opencorporates.com/companies/gb/SC064040
We Demand A Referendum Now,west-midlands,Michael Reid Thomas,MICHAEL DUNCAN REID-THOMAS,director,DAVIDSON & ROBERTSON LTD,SC270490,gb,https://opencorporates.com/companies/gb/SC270490
We Demand A Referendum Now,west-midlands,Michael Reid Thomas,MICHAEL DUNCAN REID-THOMAS,director,DEVELOPMENT SERVICES PARTNERSHIP LIMITED,SC045164,gb,https://opencorporates.com/companies/gb/SC045164
We Demand A Referendum Now,west-midlands,Michael Reid Thomas,MICHAEL THOMAS REID,secretary,X-JOEY'S SERVICES LIMITED,03487747,gb,https://opencorporates.com/companies/gb/03487747
We Demand A Referendum Now,west-midlands,Michael Reid Thomas,MICHAEL THOMAS REID,director,M.T.R. SOLUTIONS LTD,04494035,gb,https://opencorporates.com/companies/gb/04494035
We Demand A Referendum Now,west-midlands,Michael Reid Thomas,MICHAEL THOMAS REID,director,DOCUFAX LIMITED,03669766,gb,https://opencorporates.com/companies/gb/03669766
We Demand A Referendum Now,west-midlands,Michael Reid Thomas,THOMAS MICHAEL REID,director,IZONS GARAGE LIMITED,01500229,gb,https://opencorporates.com/companies/gb/01500229
We Demand A Referendum Now,west-midlands,Amanda Wilson,AMANDA ADJOA WILSON,secretary,IMAGINATION IS FREE.ORG LIMITED,06751271,gb,https://opencorporates.com/companies/gb/06751271
We Demand A Referendum Now,west-midlands,Amanda Wilson,AMANDA ADJOA WILSON,director,IMAGINATION IS FREE.ORG LIMITED,06751271,gb,https://opencorporates.com/companies/gb/06751271
We Demand A Referendum Now,west-midlands,Amanda Wilson,AMANDA ANN WILSON,llp designated member,INTELLIGENT NETWORK SERVICES LLP,OC300770,gb,https://opencorporates.com/companies/gb/OC300770
We Demand A Referendum Now,west-midlands,Amanda Wilson,AMANDA ANN WILSON,secretary,INS GLOBAL UK LIMITED,07005301,gb,https://opencorporates.com/companies/gb/07005301
We Demand A Referendum Now,west-midlands,Amanda Wilson,AMANDA ANN WILSON,director,INS GLOBAL UK LIMITED,07005301,gb,https://opencorporates.com/companies/gb/07005301
We Demand A Referendum Now,west-midlands,Amanda Wilson,AMANDA ANNE WILSON,director,HOLLY LOVES TOYS LIMITED,07216172,gb,https://opencorporates.com/companies/gb/07216172
We Demand A Referendum Now,west-midlands,Amanda Wilson,AMANDA BRIDGETTE WILSON,secretary,L.A. MAINTENANCE LIMITED,02347819,gb,https://opencorporates.com/companies/gb/02347819
We Demand A Referendum Now,west-midlands,Amanda Wilson,AMANDA CAROLINE CURTIS-WILSON,director,PEOPLETHREAD LTD,08227584,gb,https://opencorporates.com/companies/gb/08227584
We Demand A Referendum Now,west-midlands,Amanda Wilson,AMANDA CHRISTINE WILSON,director,THE ALTERNATIVE GIFT LIST LIMITED,04989977,gb,https://opencorporates.com/companies/gb/04989977
We Demand A Referendum Now,west-midlands,Amanda Wilson,AMANDA CHRISTINE WILSON,director,THE ALTERNATIVE WEDDING LIST LIMITED,05125500,gb,https://opencorporates.com/companies/gb/05125500
We Demand A Referendum Now,west-midlands,Amanda Wilson,AMANDA CLAIRE WILSON,secretary,K & A FINE FOODS LTD,05607496,gb,https://opencorporates.com/companies/gb/05607496
We Demand A Referendum Now,west-midlands,Amanda Wilson,AMANDA CLAIRE WILSON,secretary,THE BELGIAN CHOCOLATE FOUNTAIN COMPANY LIMITED,05257146,gb,https://opencorporates.com/companies/gb/05257146
We Demand A Referendum Now,west-midlands,Amanda Wilson,AMANDA CLARE USHER WILSON,secretary,GEMMINA MIA LIMITED,05464946,gb,https://opencorporates.com/companies/gb/05464946
We Demand A Referendum Now,west-midlands,Amanda Wilson,AMANDA CLARE USHER WILSON,director,VINCENT (GRENADIER HOUSE 2) LIMITED,04393167,gb,https://opencorporates.com/companies/gb/04393167
We Demand A Referendum Now,west-midlands,Amanda Wilson,AMANDA CLARE USHER WILSON,director,VINCENT (GRENADIER HOUSE 1) LIMITED,04393127,gb,https://opencorporates.com/companies/gb/04393127
We Demand A Referendum Now,west-midlands,Amanda Wilson,AMANDA CLARE USHER-WILSON,director,ESCALA PROJECT LIMITED,07044510,gb,https://opencorporates.com/companies/gb/07044510
We Demand A Referendum Now,west-midlands,Amanda Wilson,AMANDA CLARE USHER-WILSON,director,NE PROPERTIES LIMITED,03926061,gb,https://opencorporates.com/companies/gb/03926061
We Demand A Referendum Now,west-midlands,Amanda Wilson,AMANDA CLARE USHER-WILSON,director,AZUL MANAGEMENT LIMITED,07039327,gb,https://opencorporates.com/companies/gb/07039327
We Demand A Referendum Now,west-midlands,Amanda Wilson,AMANDA CLARE USHER-WILSON,director,ABCM SERVICES LIMITED,07044492,gb,https://opencorporates.com/companies/gb/07044492
We Demand A Referendum Now,west-midlands,Amanda Wilson,AMANDA CLARE USHER-WILSON,director,VANITY INVESTMENTS LIMITED,05056622,gb,https://opencorporates.com/companies/gb/05056622
We Demand A Referendum Now,west-midlands,Amanda Wilson,AMANDA CLARE USHER-WILSON,director,MONTROSE PLACE MANAGEMENT LIMITED,05692270,gb,https://opencorporates.com/companies/gb/05692270
We Demand A Referendum Now,west-midlands,Amanda Wilson,AMANDA DAWN WILSON,secretary,KNA SERVICES LTD,05388309,gb,https://opencorporates.com/companies/gb/05388309
We Demand A Referendum Now,west-midlands,Amanda Wilson,AMANDA FAY WILSON,director,GLASSCLEAR SYSTEMS LIMITED,03250362,gb,https://opencorporates.com/companies/gb/03250362
We Demand A Referendum Now,west-midlands,Amanda Wilson,AMANDA JANE ELIZABETH WILSON,secretary,DELTA PARTNERS LIMITED,02759293,gb,https://opencorporates.com/companies/gb/02759293
We Demand A Referendum Now,west-midlands,Amanda Wilson,AMANDA JANE WILSON,director,MANDY WILSON LTD,07295012,gb,https://opencorporates.com/companies/gb/07295012
We Demand A Referendum Now,west-midlands,Amanda Wilson,AMANDA JANE WILSON,secretary,PAGE ONE HAIR LIMITED,06474817,gb,https://opencorporates.com/companies/gb/06474817
We Demand A Referendum Now,west-midlands,Amanda Wilson,AMANDA JANE WILSON,secretary,CHESHIRE GRANDFATHER CLOCKS & ANTIQUES LTD,06628200,gb,https://opencorporates.com/companies/gb/06628200
We Demand A Referendum Now,west-midlands,Amanda Wilson,AMANDA JANE WILSON,director,AMANDA J WILSON LIMITED,SC349302,gb,https://opencorporates.com/companies/gb/SC349302
We Demand A Referendum Now,west-midlands,Amanda Wilson,AMANDA JANE WILSON,director,YORKSHIRE AND THE HUMBER REGIONAL FORUM LIMITED,06752034,gb,https://opencorporates.com/companies/gb/06752034
We Demand A Referendum Now,west-midlands,Amanda Wilson,AMANDA JANE WILSON,director,26 & 28 GRANADA ROAD (MANAGEMENT COMPANY) LIMITED,06684492,gb,https://opencorporates.com/companies/gb/06684492
